participant,study_status,scene_familiarity,recall_status,saccade_count,avg_saccade_duration,avg_saccade_peak_vel,avg_saccade_amplitude,microsaccade_count,avg_microsaccade_duration,avg_microsaccade_vel,avg_microsaccade_amp
15,0.0,1.0,0.5,5,23.6,26.69201951907497,136.1806697201323,0,0.0,0.0,0.0
25,0.0,1.0,0.5,4,29.5,19.692390373984832,115.22618785588459,0,0.0,0.0,0.0
3,0.0,1.0,0.5,3,30.0,30.66416280933255,230.28914135089644,0,0.0,0.0,0.0
24,1.0,1.0,1.0,5,23.2,23.0889923635076,146.18986860194155,0,0.0,0.0,0.0
4,0.0,1.0,0.5,3,51.0,31.107209393185922,200.49854487799203,0,0.0,0.0,0.0
17,1.0,1.0,0.5,7,18.714285714285715,28.0448568153929,155.25246265422578,0,0.0,0.0,0.0
19,1.0,1.0,1.0,4,17.25,11.048316225800946,64.51387626443048,0,0.0,0.0,0.0
6,1.0,1.0,0.5,4,12.25,16.091241577625844,58.64033855259558,0,0.0,0.0,0.0
26,1.0,1.0,1.0,5,25.2,22.48668764023767,121.02521552831395,1,10.0,3.4301595774440505,21.577477384796133
18,1.0,1.0,0.5,5,23.0,24.645277317702618,177.33205454915066,1,8.0,3.1472864971168666,18.11620673981796
23,1.0,1.0,1.0,7,23.857142857142858,27.960316419399785,192.486065434687,0,0.0,0.0,0.0
16,1.0,1.0,0.5,4,21.75,25.97596670687032,111.38087101284003,0,0.0,0.0,0.0
18,1.0,1.0,0.5,3,49.666666666666664,38.605251130146506,342.3171921511196,0,0.0,0.0,0.0
26,1.0,1.0,1.0,1,138.0,30.120913360590077,223.20131871911784,0,0.0,0.0,0.0
5,1.0,1.0,0.5,2,11.5,8.810293695663766,20.32509877044865,0,0.0,0.0,0.0
10,1.0,1.0,1.0,4,16.0,19.38945125347809,92.72253463869198,3,9.166666666666666,3.3510058581545272,15.868180772618063
13,1.0,1.0,1.0,3,27.0,21.03735054269887,146.59676927780276,0,0.0,0.0,0.0
22,1.0,1.0,1.0,2,8.5,13.875180958230814,75.71823649809988,3,8.666666666666666,3.373211248441906,15.871555875669927
24,0.0,1.0,0.5,4,20.75,9.890575686314131,74.64127254244622,0,0.0,0.0,0.0
16,1.0,1.0,1.0,6,25.5,28.18499115086216,145.13284855261028,0,0.0,0.0,0.0
23,1.0,1.0,1.0,5,24.8,13.32797183095173,154.01273238321227,2,9.5,4.414586548978747,14.8594579039497
9,0.0,1.0,0.5,6,11.166666666666666,18.726644169948575,110.215413353053,1,7.0,4.361183130175707,17.778558533684475
6,1.0,1.0,1.0,4,26.75,21.66110151289061,145.98132517897812,0,0.0,0.0,0.0
23,0.0,1.0,0.5,6,35.0,26.89817064405298,170.9064757999678,1,9.0,11.327779860392742,34.03407264199686
14,1.0,1.0,1.0,4,34.25,0.9698611867856712,25.042880418885847,0,0.0,0.0,0.0
17,1.0,1.0,1.0,7,19.714285714285715,23.825419087815636,117.35149185195304,2,10.5,3.4088415155183225,23.148131826748138
21,1.0,1.0,1.0,4,24.5,19.41549709265334,173.7932103363435,1,7.5,15.867925553729307,13.341581485804493
17,1.0,1.0,1.0,1,10.0,33.36649652471796,178.14630121160664,0,0.0,0.0,0.0
16,1.0,1.0,1.0,3,45.333333333333336,18.043103444982112,118.82434046206248,1,7.0,3.8665161805971664,18.58800789270748
14,1.0,1.0,1.0,2,11.5,18.90554721557717,81.21326461130224,0,0.0,0.0,0.0
24,0.0,1.0,0.5,3,8.0,28.025424061475558,145.5086153436982,0,0.0,0.0,0.0
19,1.0,1.0,1.0,5,36.4,26.44729179345905,205.1035325397605,1,8.5,3.393367476148435,22.554830298469966
25,1.0,1.0,1.0,4,9.5,2.6969448077304494,17.35252570751911,0,0.0,0.0,0.0
25,1.0,1.0,1.0,3,15.666666666666666,6.352884946180015,27.14189354643037,0,0.0,0.0,0.0
19,1.0,1.0,1.0,1,26.0,27.86258341626865,196.22897889730777,0,0.0,0.0,0.0
22,1.0,1.0,0.0,4,17.5,13.407564518376885,70.37737622558444,0,0.0,0.0,0.0
21,1.0,1.0,0.5,4,39.25,22.056034594245396,232.7601990338972,0,0.0,0.0,0.0
5,1.0,1.0,1.0,6,11.0,25.81132511414458,106.8854381292627,1,11.0,4.210568458071157,15.509759942903374
22,1.0,1.0,1.0,4,29.25,24.74400583998421,207.86173389033803,3,8.333333333333334,3.424768917126379,22.951523467815196
5,1.0,1.0,0.5,3,18.333333333333332,33.441603239019976,182.66982097499465,1,13.0,3.1561741226653477,20.128869997881885
19,1.0,1.0,1.0,1,34.0,18.025581366320004,65.68849094591754,0,0.0,0.0,0.0
24,1.0,1.0,1.0,3,12.333333333333334,15.49671712356214,42.47675252994866,0,0.0,0.0,0.0
21,1.0,1.0,0.5,5,28.8,21.145402560120736,219.01766520629204,0,0.0,0.0,0.0
12,0.0,1.0,0.5,2,23.5,20.79255684862597,131.9970446020551,0,0.0,0.0,0.0
4,0.0,1.0,0.5,3,52.0,26.668635330626355,223.17629015002524,0,0.0,0.0,0.0
9,1.0,1.0,1.0,4,10.5,18.919727572361733,95.47452189741435,0,0.0,0.0,0.0
6,1.0,1.0,0.5,4,21.0,12.880241861469244,69.60855204361744,0,0.0,0.0,0.0
22,0.0,1.0,0.0,3,44.0,8.878896681867008,55.09482740825962,0,0.0,0.0,0.0
9,1.0,1.0,0.5,5,17.6,10.358785706999592,73.64392376177021,1,9.5,10.165511999860382,14.052798176946508
6,0.0,1.0,0.0,6,25.0,28.762289188659853,170.10494362738697,0,0.0,0.0,0.0
5,0.0,1.0,0.5,3,17.0,49.985405959755674,224.01175780728954,0,0.0,0.0,0.0
14,0.0,1.0,0.0,8,13.125,11.279149386764752,59.150738231609296,1,8.0,4.823018144181947,17.728780538725733
19,0.0,1.0,0.5,8,26.25,22.690607368947582,190.9939145289257,0,0.0,0.0,0.0
2,0.0,1.0,0.0,6,26.0,10.503712857350317,130.80584655115098,0,0.0,0.0,0.0
24,0.0,1.0,0.5,3,16.0,15.761994622306313,52.86167190032334,0,0.0,0.0,0.0
17,0.0,1.0,0.0,3,16.666666666666668,26.392037819975144,190.0037816155524,0,0.0,0.0,0.0
24,0.0,1.0,0.5,2,12.0,40.714523536860945,250.73181963002568,0,0.0,0.0,0.0
24,0.0,1.0,0.5,0,0.0,0.0,0.0,0,0.0,0.0,0.0
2,1.0,1.0,0.0,2,13.5,0.8394812765807214,10.493515957258818,1,12.5,2.655878876840064,21.130880472012628
7,1.0,1.0,1.0,3,18.666666666666668,11.266121770868628,30.779908217176526,0,0.0,0.0,0.0
23,1.0,1.0,0.0,8,25.625,23.97144338739765,134.31032345140054,0,0.0,0.0,0.0
24,0.0,1.0,0.5,1,26.0,28.46103954312027,91.62515160288586,1,7.0,1.6422516911096054,8.899692262543024
18,1.0,1.0,1.0,1,55.0,19.336737518907142,55.26894642960423,0,0.0,0.0,0.0
16,0.0,1.0,0.5,2,7.5,7.872626284719556,16.138494200662723,0,0.0,0.0,0.0
26,1.0,1.0,1.0,9,17.88888888888889,18.786388139106283,114.99664175705415,0,0.0,0.0,0.0
21,0.0,1.0,0.5,4,34.25,24.078548047152125,133.07566578756558,1,16.0,4.333816513285944,27.868637232810592
7,1.0,1.0,0.5,2,22.5,15.700549595297574,75.3738790974166,1,8.5,3.279837560079944,9.62289469353938
18,1.0,1.0,1.0,2,17.5,12.052232927767761,27.15848027708332,1,10.0,2.116955985091728,5.611459818173628
4,0.0,1.0,0.5,6,40.5,23.32896379947039,194.9119210486358,0,0.0,0.0,0.0
19,1.0,1.0,1.0,3,13.666666666666666,6.991970063476274,29.392673652442838,2,8.75,7.197084949007282,15.43637167442774
6,1.0,1.0,0.0,3,20.0,12.180055470395116,88.12506685004708,3,7.833333333333333,3.09959537097525,16.840359992600856
6,1.0,1.0,1.0,2,10.5,11.365378919998008,70.3964092629886,1,8.0,3.3026011730691267,8.40630749991994
14,0.0,1.0,0.0,5,29.4,1.9088918863331128,26.34920082714293,0,0.0,0.0,0.0
17,1.0,1.0,0.5,1,26.0,24.583327901860596,119.61030687547513,2,7.75,2.8559939340314755,7.828249848672369
3,1.0,1.0,0.5,3,18.666666666666668,18.845119159034393,118.31841508467119,0,0.0,0.0,0.0
26,1.0,1.0,0.5,2,39.5,10.611528798110701,60.635258087108134,1,8.5,3.049257757869272,18.134071693641665
1,0.0,1.0,0.0,1,44.0,1.7823250879201264,5.727148887307208,2,8.25,4.720934271002412,18.174130857693072
25,1.0,1.0,1.0,3,9.333333333333334,7.337799497522961,28.867000551425747,0,0.0,0.0,0.0
24,0.0,1.0,0.5,2,38.0,14.84106457749636,108.05050732712705,0,0.0,0.0,0.0
23,1.0,1.0,0.5,5,32.0,29.76116866239024,156.3929221960048,0,0.0,0.0,0.0
22,1.0,1.0,1.0,3,28.0,16.098684282949847,150.28329884834247,2,8.5,3.2147771080140233,18.738191220587744
4,0.0,1.0,0.5,7,21.857142857142858,19.114460308160556,118.81209019783196,1,8.0,3.726184998520257,18.304355058352847
18,1.0,1.0,1.0,4,32.75,27.23884376853502,170.88734834459805,0,0.0,0.0,0.0
24,0.0,1.0,0.5,4,17.75,28.620945563289308,142.41808666365003,1,9.0,3.3103021120926854,23.670770472304113
24,1.0,1.0,1.0,3,16.0,16.80664809066703,67.02903014952545,0,0.0,0.0,0.0
25,1.0,1.0,1.0,5,17.6,5.455368913073639,68.76077915496855,0,0.0,0.0,0.0
17,0.0,1.0,0.5,2,8.5,2.991678379867086,16.633413749291478,3,9.0,3.4997014594019844,25.150208196723952
22,1.0,1.0,1.0,3,18.333333333333332,18.206894228130633,114.23014018326926,0,0.0,0.0,0.0
18,0.0,1.0,0.0,5,51.8,25.92961888407143,266.39099592036337,0,0.0,0.0,0.0
6,0.0,1.0,0.0,3,14.666666666666666,7.055417619903178,16.80987210675949,1,8.0,5.003855490416845,24.36408213376869
9,1.0,1.0,1.0,4,31.25,27.550170933487983,169.37542211188625,0,0.0,0.0,0.0
6,0.0,1.0,0.5,4,22.25,40.38379033768643,154.57546904278007,0,0.0,0.0,0.0
9,1.0,1.0,0.5,5,30.4,5.469767288764809,60.32977749613158,0,0.0,0.0,0.0
2,1.0,1.0,0.5,6,13.666666666666666,15.898154756322887,113.98326973859129,1,7.0,3.5122812729598696,17.321118183890064
21,1.0,1.0,1.0,3,43.333333333333336,19.416170444041303,157.18672594838793,0,0.0,0.0,0.0
23,0.0,1.0,0.5,4,29.25,19.345528177237327,100.38122755316468,0,0.0,0.0,0.0
7,1.0,1.0,1.0,2,14.5,10.481685687828449,42.19648840484533,0,0.0,0.0,0.0
23,0.0,1.0,0.0,4,10.5,15.254552191960226,64.86489573324873,0,0.0,0.0,0.0
16,1.0,1.0,1.0,3,11.333333333333334,11.622358147640455,72.63678976564027,2,8.5,2.55961016045534,16.44879876938374
24,1.0,1.0,0.5,1,40.0,32.855507588683146,169.85971419665364,0,0.0,0.0,0.0
17,0.0,1.0,0.5,3,19.333333333333332,15.15720361748257,71.25586371085443,0,0.0,0.0,0.0
23,1.0,1.0,1.0,7,17.857142857142858,17.563221401652736,83.66763130684112,1,7.0,3.4333777607106883,19.7925717509899
14,0.0,1.0,0.5,2,19.0,4.97444677955699,89.5400420320251,0,0.0,0.0,0.0
24,0.0,1.0,0.5,2,10.5,27.97541425888612,139.85227131359756,0,0.0,0.0,0.0
24,0.0,1.0,0.5,2,29.5,25.998915913189734,144.4070712359007,0,0.0,0.0,0.0
13,1.0,1.0,1.0,5,32.6,14.143934959113807,137.81425109327773,0,0.0,0.0,0.0
4,1.0,1.0,1.0,4,19.0,15.006923613808507,95.64500342401683,0,0.0,0.0,0.0
15,1.0,1.0,0.5,5,7.8,9.922742597961442,42.54732407635062,0,0.0,0.0,0.0
3,0.0,1.0,0.5,3,13.333333333333334,9.823730907672973,29.38606196410495,0,0.0,0.0,0.0
15,0.0,1.0,0.5,6,10.166666666666666,9.623614216235492,57.94804324634389,0,0.0,0.0,0.0
6,1.0,1.0,1.0,4,11.75,4.953573013781891,19.83124213722603,0,0.0,0.0,0.0
16,1.0,1.0,1.0,1,11.0,28.38454631569309,97.96727683710404,0,0.0,0.0,0.0
11,1.0,1.0,1.0,3,27.0,20.705337946439716,163.40926389537216,0,0.0,0.0,0.0
24,1.0,1.0,1.0,2,7.5,29.68831085443521,83.25346361372888,1,8.5,3.3717794892278574,18.895799353382774
25,1.0,1.0,1.0,2,37.0,15.369576031085387,71.23624898160718,1,9.0,15.773436681543426,33.301926981949634
7,1.0,1.0,1.0,2,22.0,7.029894742657674,18.32766932394524,1,9.5,1.7363271801752935,9.63963934464087
7,1.0,1.0,1.0,2,12.0,6.366456256841446,17.671063229877028,1,12.5,3.1706591416290797,14.24562830043212
11,1.0,1.0,1.0,5,43.4,27.340195911454536,228.2372245351001,0,0.0,0.0,0.0
8,1.0,1.0,1.0,3,19.333333333333332,24.009922481707363,144.42295655685697,1,7.0,6.021799350036623,20.846482370841372
21,1.0,1.0,0.0,4,27.5,21.40318190049043,139.9028208579946,0,0.0,0.0,0.0
26,1.0,1.0,1.0,7,18.571428571428573,16.000585918574327,91.41644475218108,0,0.0,0.0,0.0
4,0.0,1.0,0.5,8,22.5,22.242105447983295,110.75697498542883,1,8.0,3.9708907946648218,27.442725823731628
19,1.0,1.0,1.0,2,20.5,6.277085112101254,76.62204275189525,1,6.5,6.884654041130158,25.288336432261566
24,1.0,1.0,0.5,4,22.25,27.47906206002361,166.69579189875793,0,0.0,0.0,0.0
4,0.0,1.0,0.5,3,70.0,26.2511994342443,236.4575608398773,0,0.0,0.0,0.0
3,0.0,1.0,0.5,5,21.0,26.43426516648998,140.07469010793844,0,0.0,0.0,0.0
23,1.0,1.0,1.0,4,26.0,17.886227158983267,127.91331445450201,1,10.5,3.2910444903169163,14.270107795905517
23,1.0,1.0,1.0,6,17.666666666666668,23.857903694911943,117.78962978787843,0,0.0,0.0,0.0
5,1.0,1.0,0.5,2,35.0,4.1372305435692445,22.615070743504127,0,0.0,0.0,0.0
24,0.0,1.0,0.5,4,8.25,20.916510579789495,82.82408507219407,0,0.0,0.0,0.0
5,1.0,1.0,1.0,1,36.0,1.62571018456673,19.024003191708907,0,0.0,0.0,0.0
7,1.0,1.0,1.0,2,20.5,7.816969348766709,19.392322260874966,1,8.5,6.805403100720681,10.44268709127314
17,1.0,1.0,1.0,4,15.0,19.49174205842523,89.02121636493953,1,8.0,4.044955737303578,23.763839503399083
15,1.0,1.0,0.5,5,9.2,1.8590256015652478,8.993540757111116,0,0.0,0.0,0.0
5,1.0,1.0,0.5,2,20.0,24.529326535997697,147.502628618772,0,0.0,0.0,0.0
4,1.0,1.0,0.5,7,16.285714285714285,22.213387070641236,107.16783662417215,0,0.0,0.0,0.0
25,1.0,1.0,1.0,5,27.2,31.073160136768074,228.33250544485972,1,13.0,10.964020686659037,23.55861424306299
3,0.0,1.0,0.5,4,15.0,24.751332270269497,137.11090825733618,0,0.0,0.0,0.0
1,1.0,1.0,1.0,4,56.5,20.88571466954823,157.50970168072976,0,0.0,0.0,0.0
3,0.0,1.0,0.5,2,30.0,33.07101301232811,209.17672663223811,0,0.0,0.0,0.0
8,1.0,1.0,1.0,3,14.333333333333334,10.463186176324728,63.8747492231818,0,0.0,0.0,0.0
5,1.0,1.0,0.5,2,16.0,3.6707023198245317,23.022738604030724,0,0.0,0.0,0.0
7,0.0,1.0,0.5,2,20.5,0.21245308891403092,4.142835233822859,0,0.0,0.0,0.0
18,0.0,1.0,0.5,7,30.571428571428573,29.29045059758438,181.1211979029463,0,0.0,0.0,0.0
6,0.0,1.0,0.0,3,18.333333333333332,4.501227721802734,15.114942929349946,1,10.0,3.303576837433491,10.749616453514403
24,0.0,1.0,0.5,6,34.833333333333336,42.042990372336085,304.52768442910093,0,0.0,0.0,0.0
9,0.0,1.0,0.0,3,27.333333333333332,2.782780258669895,12.743717795883475,0,0.0,0.0,0.0
14,1.0,1.0,1.0,1,22.0,18.724274758584713,42.23539208935013,0,0.0,0.0,0.0
1,1.0,1.0,1.0,4,27.75,17.1397993085637,110.14787742963308,0,0.0,0.0,0.0
7,1.0,1.0,1.0,4,17.0,1.4146446538065045,9.20768720714832,0,0.0,0.0,0.0
8,1.0,1.0,0.5,5,18.2,15.970430039455938,82.93908264768726,0,0.0,0.0,0.0
24,0.0,1.0,0.5,5,36.6,19.14178827319254,297.3599259555193,0,0.0,0.0,0.0
13,0.0,1.0,0.0,6,23.666666666666668,12.92704154749873,85.14432778457952,0,0.0,0.0,0.0
4,0.0,1.0,0.5,3,22.0,19.012937721988337,100.2856409195707,1,8.5,3.682373068340895,22.170388915766
22,1.0,1.0,0.5,6,12.0,13.968687815846842,74.4049042935578,0,0.0,0.0,0.0
18,1.0,1.0,1.0,3,9.0,32.8687086946939,176.30195912331968,1,10.5,3.1753036012036593,8.566145984245864
8,1.0,1.0,0.0,4,39.25,29.80548329356895,232.70324019484602,0,0.0,0.0,0.0
24,0.0,1.0,0.5,5,35.4,24.570531477159875,174.03985856059194,0,0.0,0.0,0.0
1,1.0,1.0,1.0,3,41.0,25.032145238012745,162.56074243836787,0,0.0,0.0,0.0
21,1.0,1.0,0.5,5,32.8,17.733804959684186,125.8035779023717,1,8.0,4.023910663475339,19.224457842918078
12,0.0,1.0,0.5,3,10.333333333333334,18.20389377534512,71.4593970485963,0,0.0,0.0,0.0
22,0.0,1.0,0.5,3,24.666666666666668,19.128686235031633,124.1421769216634,0,0.0,0.0,0.0
19,1.0,1.0,1.0,2,19.5,23.23229386196696,88.69858990594065,1,9.0,10.568635091272771,12.608795306038262
15,0.0,1.0,0.5,6,28.833333333333332,21.70582551582335,153.08787497232052,0,0.0,0.0,0.0
9,0.0,1.0,0.0,4,14.75,17.986844611883768,97.51205231027188,2,7.5,3.6496779395926486,17.62171274931923
7,0.0,1.0,0.5,1,159.0,3.0436646244581547,31.942041643027796,2,7.75,3.5301017576812885,8.620428525957848
23,1.0,1.0,1.0,3,88.33333333333333,36.723025962146245,369.6444792586154,0,0.0,0.0,0.0
16,1.0,1.0,0.0,5,26.0,22.825833880801206,141.95719815471114,1,7.0,4.080906278309452,18.15852710006044
23,0.0,1.0,0.0,8,19.25,19.897693033904563,115.70199749439485,1,10.0,1.8925981419976305,12.587895668690603
17,1.0,1.0,1.0,3,34.333333333333336,33.44470688803318,205.16473131511125,2,12.5,2.4978278106360516,18.819975911809614
4,1.0,1.0,0.5,6,20.833333333333332,17.015150873282533,117.53852290088047,1,9.0,11.883521434213652,33.599886702707636
4,0.0,1.0,0.5,5,27.2,19.741715498631997,88.20763207483387,1,9.0,3.6964412503404196,24.619400974230636
12,1.0,1.0,1.0,2,7.5,17.3843175513171,51.99076704792553,1,8.0,4.379346756796558,16.0727238133646
8,1.0,1.0,1.0,5,6.4,30.449117542825377,149.5534124643844,0,0.0,0.0,0.0
3,0.0,1.0,0.5,4,10.5,4.252876778245172,35.9258304593961,1,7.0,10.773623249429615,40.31430353880967
6,0.0,1.0,0.0,3,15.333333333333334,6.192049573216828,41.1420781252489,0,0.0,0.0,0.0
14,1.0,1.0,1.0,4,19.0,15.33700018674699,69.45075562177595,1,8.0,2.5158324761936783,12.017526658476836
14,1.0,1.0,0.5,8,21.0,19.858536054595344,132.3752143579664,0,0.0,0.0,0.0
24,1.0,1.0,0.5,4,16.25,9.675241499697563,53.54591087411741,0,0.0,0.0,0.0
3,1.0,1.0,1.0,5,16.8,22.72160534059399,144.88441732102058,0,0.0,0.0,0.0
13,1.0,1.0,1.0,4,34.0,26.793749099784286,163.01404542890643,0,0.0,0.0,0.0
18,1.0,1.0,1.0,4,25.0,26.392872194890373,181.54331654566755,2,7.5,3.1848482729368497,17.66054886202463
21,0.0,1.0,0.5,8,12.5,12.746069199871712,56.53793380445133,0,0.0,0.0,0.0
4,1.0,1.0,1.0,5,11.6,18.296270491851004,65.6559937601056,1,7.0,5.838405953378213,27.016575740202352
6,0.0,1.0,0.5,1,26.0,27.02963127379303,77.76536010443563,2,7.25,2.1887021553970945,5.890113363025646
13,1.0,1.0,1.0,4,20.5,15.746075170891976,113.44317065475653,0,0.0,0.0,0.0
16,1.0,1.0,1.0,4,22.75,8.962494046522046,84.06694928766733,0,0.0,0.0,0.0
14,1.0,1.0,1.0,4,22.75,8.201909229602975,45.148896263049984,1,7.0,3.9903551004708575,16.389722061936858
14,0.0,1.0,0.5,2,16.0,7.4377599654795015,85.56492498780366,1,8.5,3.5030917023648946,18.123033188567632
21,1.0,1.0,1.0,3,14.666666666666666,15.517268115455543,55.29206701720761,1,8.5,8.681479120605962,22.887885151541877
18,1.0,1.0,0.0,4,27.25,29.791561542459736,212.70883472463797,0,0.0,0.0,0.0
3,0.0,1.0,0.5,3,23.666666666666668,26.097645815307562,214.1390932441751,0,0.0,0.0,0.0
7,1.0,1.0,1.0,2,19.0,1.7223665929554282,34.05298331035978,0,0.0,0.0,0.0
12,0.0,1.0,0.5,1,7.0,31.11255013565641,123.83794505067966,0,0.0,0.0,0.0
5,1.0,1.0,0.0,3,18.333333333333332,42.31582833878786,200.60894925551182,0,0.0,0.0,0.0
13,0.0,1.0,0.5,4,48.25,18.592724863330847,143.24966305723655,0,0.0,0.0,0.0
3,1.0,1.0,0.5,2,20.0,28.280294720820308,164.99295549534742,0,0.0,0.0,0.0
24,1.0,1.0,1.0,4,7.0,6.392921093829624,25.927169411637625,0,0.0,0.0,0.0
14,1.0,1.0,1.0,2,18.0,15.437853907727039,62.385468779928054,2,10.0,3.9473723597984236,14.59763282867744
22,1.0,1.0,1.0,7,18.285714285714285,11.720092792182976,74.66492082246906,1,10.0,3.2540227447922807,22.856149411244665
1,1.0,1.0,1.0,2,45.0,14.778999961585136,122.22048810141156,0,0.0,0.0,0.0
24,1.0,1.0,0.5,4,11.75,23.56798041967172,123.19545464982947,0,0.0,0.0,0.0
2,1.0,1.0,1.0,8,22.375,8.045610907091632,87.75971552532428,0,0.0,0.0,0.0
4,1.0,1.0,1.0,4,20.0,26.58832002968796,142.2963353536927,1,7.5,6.489733445784908,26.416563491068224
13,1.0,1.0,1.0,6,22.666666666666668,24.91327739137229,147.49670310118321,0,0.0,0.0,0.0
21,1.0,1.0,0.0,4,14.0,22.05935361098189,187.51381329096375,0,0.0,0.0,0.0
2,1.0,1.0,0.0,4,29.75,15.414049867150371,134.04418402872494,0,0.0,0.0,0.0
23,1.0,1.0,0.5,4,18.5,24.898905193926865,82.66377698167312,0,0.0,0.0,0.0
26,1.0,1.0,1.0,1,76.0,33.10688142385722,285.6732378275491,0,0.0,0.0,0.0
26,1.0,1.0,1.0,4,12.0,11.493023110005076,65.70183399103487,3,8.333333333333334,3.0615548032083297,19.280999632064763
21,0.0,1.0,1.0,6,28.166666666666668,38.08409367951506,133.97523245928093,0,0.0,0.0,0.0
23,0.0,1.0,0.5,5,41.4,22.36589447630765,198.77194966786743,0,0.0,0.0,0.0
6,0.0,1.0,0.5,7,11.714285714285714,21.207073030521865,102.4447772436331,2,10.5,3.403755073466646,27.963981482327767
6,1.0,1.0,1.0,2,16.5,4.176824723234165,80.57316853659171,0,0.0,0.0,0.0
3,1.0,1.0,1.0,2,22.5,16.275952195546907,43.808928542045855,1,11.0,4.781003239831694,17.754015074834655
24,0.0,1.0,0.5,8,19.875,29.92776545018112,151.28951369909615,0,0.0,0.0,0.0
23,0.0,1.0,0.5,7,19.142857142857142,21.76889108169812,153.95314151067777,0,0.0,0.0,0.0
3,0.0,1.0,0.5,2,11.5,20.87112087266342,103.41524802107156,0,0.0,0.0,0.0
4,1.0,1.0,0.5,5,22.6,18.745309669559937,114.54681025185228,0,0.0,0.0,0.0
6,0.0,1.0,0.5,6,13.333333333333334,22.797007970653414,146.01527467183334,3,10.0,3.51527977262061,24.42683777733761
2,1.0,1.0,1.0,4,21.75,14.408977602068692,93.02357195458505,1,7.0,6.210803936240488,22.451709538770352
9,1.0,1.0,1.0,4,22.0,13.56764703327987,137.90839576180173,3,11.166666666666666,3.4859935465919247,15.683694970048942
22,1.0,1.0,1.0,4,10.5,19.72132888683362,99.08500169683725,3,9.0,3.0369843553167946,19.918803832226356
15,1.0,1.0,1.0,1,6.0,2.8661676703934913,14.330838351967412,0,0.0,0.0,0.0
18,1.0,1.0,1.0,3,45.666666666666664,33.31612052472027,247.3051592521526,0,0.0,0.0,0.0
26,1.0,1.0,1.0,2,11.5,25.268252396596917,105.5249111669225,0,0.0,0.0,0.0
25,1.0,1.0,1.0,3,21.0,22.14238896809255,174.83391218798042,0,0.0,0.0,0.0
23,1.0,1.0,1.0,3,38.0,29.675989709618705,174.6584985480879,0,0.0,0.0,0.0
17,0.0,1.0,0.5,3,40.0,40.419710686976195,301.6729820051126,0,0.0,0.0,0.0
5,1.0,1.0,0.5,6,12.166666666666666,16.283085651579977,69.71676998698327,1,8.0,6.102642201345434,6.369658690366464
13,1.0,1.0,1.0,3,16.333333333333332,18.358662270354824,75.59201571429074,0,0.0,0.0,0.0
1,1.0,1.0,1.0,7,18.0,19.41579545476359,98.3338439878205,1,7.5,3.3552894145381966,20.707035767339306
3,1.0,1.0,1.0,2,8.0,21.264914088899733,115.6163945674083,2,9.5,3.1456390487689854,23.686147202715524
4,0.0,1.0,0.5,5,43.8,22.976922737863568,181.38749821300354,0,0.0,0.0,0.0
4,0.0,1.0,0.5,7,22.142857142857142,20.519789022169423,131.62138001680154,0,0.0,0.0,0.0
23,0.0,1.0,0.0,4,16.75,22.717113533556894,212.8916760064593,0,0.0,0.0,0.0
14,0.0,1.0,0.5,2,9.0,6.305193153226302,50.441545225810124,0,0.0,0.0,0.0
1,1.0,1.0,1.0,4,19.75,7.574096506271475,50.265274739626115,0,0.0,0.0,0.0
17,0.0,1.0,0.5,2,48.0,28.2932589155845,230.8797118556602,1,8.0,3.0057122814043495,17.33785919859281
19,1.0,1.0,1.0,2,19.0,9.997402040866938,57.77717280800729,1,12.5,2.5402740228909764,16.756642025983176
14,1.0,1.0,0.5,4,12.0,9.261152445087012,42.34701516451716,0,0.0,0.0,0.0
23,0.0,1.0,0.5,9,15.555555555555555,17.49861360241628,108.65496752045703,0,0.0,0.0,0.0
23,0.0,1.0,0.5,3,26.666666666666668,30.49044660102133,182.95591256717827,1,9.0,1.5938743597951506,11.836506796052905
15,1.0,1.0,0.5,3,12.666666666666666,12.214435500063802,57.04359986837576,0,0.0,0.0,0.0
25,1.0,1.0,1.0,4,22.75,28.162794525078592,136.2368046200534,0,0.0,0.0,0.0
24,1.0,1.0,0.5,1,13.0,20.52477516474321,63.60066463834542,0,0.0,0.0,0.0
18,1.0,1.0,0.0,5,47.0,27.311629897191686,172.05464512255617,0,0.0,0.0,0.0
14,0.0,1.0,0.5,6,8.666666666666666,14.977473780259706,70.45569636150627,0,0.0,0.0,0.0
17,1.0,1.0,1.0,1,8.0,20.191999341775585,40.38399868355117,2,12.75,3.092163238887744,25.426685958721507
6,1.0,1.0,0.0,5,18.8,30.176325195563415,147.30710981805117,0,0.0,0.0,0.0
14,1.0,1.0,1.0,5,20.6,11.047917893660463,74.0096205162116,0,0.0,0.0,0.0
3,1.0,1.0,1.0,2,6.5,15.4330966963426,71.83245893591877,2,10.75,2.895283743722346,20.80233385923452
1,1.0,1.0,1.0,3,11.0,5.562139549570411,18.135214949656405,2,8.25,4.781261280897473,18.176309386273175
19,1.0,1.0,1.0,3,31.333333333333332,20.873285137617554,149.24489102739565,0,0.0,0.0,0.0
6,1.0,1.0,1.0,5,32.0,26.06976483807757,190.8435878744443,0,0.0,0.0,0.0
21,1.0,1.0,1.0,2,47.0,21.83571725263031,188.63842929407937,0,0.0,0.0,0.0
25,0.0,1.0,0.5,1,9.0,1.3394219458350713,10.71537556668057,1,7.5,10.597786013894325,15.374185091152988
23,1.0,1.0,0.5,6,23.833333333333332,22.140648899148644,153.04132504349687,0,0.0,0.0,0.0
17,1.0,1.0,0.5,3,22.666666666666668,26.468458413129444,125.83654941458457,0,0.0,0.0,0.0
13,0.0,1.0,0.5,3,31.0,20.74684393284063,168.24582652516486,0,0.0,0.0,0.0
21,0.0,1.0,0.5,5,16.6,26.960320886689715,136.47199713834692,1,8.5,5.7555458571704445,25.324912243101412
23,0.0,1.0,0.0,6,40.0,24.026435615957737,146.9147837813805,0,0.0,0.0,0.0
15,1.0,1.0,1.0,5,28.4,18.15650261685736,129.598651559011,3,8.333333333333334,3.9200106615695183,19.32533186775286
4,1.0,1.0,1.0,7,18.714285714285715,23.463619392688123,132.19555108694854,1,8.5,6.319909291279499,20.6022209248349
8,0.0,1.0,0.0,4,44.25,16.09848436868788,122.13454869326519,0,0.0,0.0,0.0
3,1.0,1.0,0.5,4,9.75,23.52421673462491,113.07377068597813,0,0.0,0.0,0.0
4,1.0,1.0,0.5,5,16.0,11.370744769551212,60.40788550480808,0,0.0,0.0,0.0
12,1.0,1.0,1.0,0,0.0,0.0,0.0,0,0.0,0.0,0.0
13,1.0,1.0,1.0,2,21.0,8.360010637431895,90.0385879545589,0,0.0,0.0,0.0
4,1.0,1.0,0.5,5,37.4,23.355273026628602,218.48746070021033,1,8.0,7.480386737958726,14.78626562667749
9,1.0,1.0,1.0,5,13.6,22.345867827908283,116.56380764329299,0,0.0,0.0,0.0
9,0.0,1.0,0.5,2,33.0,1.5592133289704022,27.814179411947343,1,10.5,7.23801387707884,27.640350798543714
21,0.0,1.0,0.0,6,22.0,22.97919112071179,215.35841771374498,0,0.0,0.0,0.0
24,0.0,1.0,0.5,6,44.166666666666664,21.13807175842726,226.11394181424257,0,0.0,0.0,0.0
2,1.0,1.0,1.0,4,29.25,6.324912342643645,25.062318620444003,0,0.0,0.0,0.0
22,1.0,1.0,1.0,3,10.333333333333334,11.353574008638198,71.13559578628035,0,0.0,0.0,0.0
9,0.0,1.0,0.5,2,9.0,17.02821914972757,96.75827870965594,0,0.0,0.0,0.0
25,1.0,1.0,1.0,2,45.5,26.56957237061532,313.3544268699013,0,0.0,0.0,0.0
23,1.0,1.0,1.0,4,40.75,25.128941769320235,162.90393650347127,0,0.0,0.0,0.0
24,0.0,1.0,0.5,4,18.75,25.888702361850783,139.68916783298667,0,0.0,0.0,0.0
19,1.0,1.0,1.0,3,41.333333333333336,4.32592576605607,26.765141242375254,1,10.0,4.329420777954814,21.7985509379353
3,1.0,1.0,1.0,2,8.5,40.5709688732334,179.68293551118023,2,10.0,3.354721894350535,18.731860662581596
9,0.0,1.0,0.0,1,95.0,2.394261361575116,22.481271043243453,0,0.0,0.0,0.0
3,1.0,1.0,1.0,2,10.0,15.765203110579707,84.01900024596765,0,0.0,0.0,0.0
26,0.0,1.0,0.5,5,7.8,11.599331255021186,42.114014368750404,2,7.75,3.6687825624580803,22.94332879469074
8,1.0,1.0,0.5,4,37.25,26.51349212144026,141.7632258243078,0,0.0,0.0,0.0
18,1.0,1.0,1.0,4,20.5,17.537823962073908,108.20835894225999,0,0.0,0.0,0.0
24,0.0,1.0,0.5,1,37.0,25.25508412422923,116.23251691479008,0,0.0,0.0,0.0
1,1.0,1.0,0.0,3,50.666666666666664,23.000711547442773,172.28990020490696,1,7.0,3.375015355722346,19.099047359118742
16,1.0,1.0,0.0,2,24.0,19.866663794069648,115.81343632947654,0,0.0,0.0,0.0
4,0.0,1.0,0.5,5,36.0,22.540338233395342,150.6127014731662,0,0.0,0.0,0.0
4,0.0,1.0,0.5,9,21.11111111111111,28.14273887784133,162.8722783326357,0,0.0,0.0,0.0
8,1.0,1.0,1.0,4,48.25,24.832225540779845,191.27602899361833,0,0.0,0.0,0.0
9,1.0,1.0,1.0,4,21.0,18.648295423241603,118.26777523677222,1,7.0,3.953412342145391,18.594694391943467
23,0.0,1.0,0.5,5,53.6,20.82039381443071,174.5152600852062,0,0.0,0.0,0.0
22,1.0,1.0,1.0,3,9.0,13.766075397359677,65.23236398575511,2,8.0,4.73497438353186,17.3827901605104
14,0.0,1.0,0.5,4,24.5,13.377363780710146,124.3862438866781,1,8.0,6.448693139979123,23.956504155422877
14,1.0,1.0,1.0,3,13.0,13.330504405017669,74.88305021537595,0,0.0,0.0,0.0
15,1.0,1.0,1.0,4,18.75,18.26787402398496,115.60950038137085,0,0.0,0.0,0.0
13,1.0,1.0,1.0,3,26.0,19.09820759009936,149.94838581509455,0,0.0,0.0,0.0
21,1.0,1.0,0.5,1,23.0,21.412108365782373,88.50927887348426,1,9.0,4.66806503938281,17.267158983687267
3,0.0,1.0,0.5,5,23.8,24.285897955688835,222.59896508642487,3,7.666666666666667,3.697332141594488,19.919418847391672
7,1.0,1.0,1.0,2,28.0,1.7985318583686727,6.99947176940431,0,0.0,0.0,0.0
5,1.0,1.0,1.0,3,19.333333333333332,21.023998821003016,112.68370767287063,0,0.0,0.0,0.0
9,1.0,1.0,1.0,3,32.666666666666664,14.507957201828688,120.31264858099185,2,10.5,2.8191645409534036,22.65262437661881
4,0.0,1.0,0.5,5,31.2,23.808388956574504,140.0762474869417,0,0.0,0.0,0.0
7,0.0,1.0,0.5,2,14.5,7.143291174418913,20.9115863528835,0,0.0,0.0,0.0
22,1.0,1.0,1.0,2,28.5,18.201244206232523,60.544755929980894,0,0.0,0.0,0.0
1,1.0,1.0,1.0,6,23.0,22.17910850755895,134.19926517305865,0,0.0,0.0,0.0
6,0.0,1.0,0.5,2,23.5,18.37437182542833,78.07950815120772,2,10.25,4.102356058694918,16.368830456241195
1,0.0,1.0,0.0,5,36.0,11.849610565802042,101.14531487403796,1,7.0,4.408453306954,17.521491191403683
14,1.0,1.0,1.0,4,14.75,15.492623027179842,98.00508379893209,2,8.25,5.608274310561595,22.44220302800125
23,1.0,1.0,0.0,3,25.333333333333332,20.71294518815668,202.9047857499635,0,0.0,0.0,0.0
2,1.0,1.0,1.0,6,19.166666666666668,10.623370028563391,60.29018921437618,2,8.75,2.5186137371750026,16.13874720802756
17,1.0,1.0,0.5,6,17.5,34.133434766389335,178.15646424633823,3,9.0,3.5919828678956462,22.844009776226496
2,0.0,1.0,0.5,4,24.25,18.37082793045914,116.16119173244819,0,0.0,0.0,0.0
18,1.0,1.0,1.0,5,25.8,26.010300741008848,154.77100205804808,1,7.0,3.847082734549694,15.501690924817698
10,1.0,1.0,0.0,4,12.25,19.829400554262023,151.98853692334947,0,0.0,0.0,0.0
7,0.0,1.0,0.5,1,13.0,47.71369730642323,192.6143792118268,0,0.0,0.0,0.0
3,0.0,1.0,0.5,4,23.0,30.236294405902697,158.59594149939474,1,7.0,2.5979781917401756,15.162343328317835
24,1.0,1.0,1.0,4,35.75,29.865393611170376,227.49647475025432,0,0.0,0.0,0.0
14,0.0,1.0,0.5,4,23.25,19.311523057075924,114.77457451086305,0,0.0,0.0,0.0
6,1.0,1.0,1.0,7,14.714285714285714,16.899319107209926,84.02079177690273,0,0.0,0.0,0.0
23,1.0,1.0,1.0,3,18.0,20.017075945459627,131.7085657034947,0,0.0,0.0,0.0
18,0.0,1.0,0.0,6,21.333333333333332,18.802255661546482,154.078346759678,0,0.0,0.0,0.0
16,0.0,1.0,0.0,4,31.25,27.950480912311843,133.91627718059684,1,12.5,2.261130286651115,18.946450050268762
13,0.0,1.0,0.5,3,36.666666666666664,25.066816162010753,201.31855315749507,1,8.0,5.620812092867192,29.21576811120407
26,1.0,1.0,0.5,1,16.0,24.68650124989621,61.7683854817033,2,10.75,4.71056324532621,19.763984553004505
14,0.0,1.0,0.5,3,10.333333333333334,20.41331988698329,79.65681511373953,2,7.0,3.5894304843095552,19.751041041581708
17,1.0,1.0,1.0,3,51.0,30.319258465835826,206.9827282282935,0,0.0,0.0,0.0
25,1.0,1.0,1.0,1,37.0,27.21894261656965,186.21870356494517,0,0.0,0.0,0.0
4,0.0,1.0,0.5,6,11.166666666666666,23.33471013595889,103.65195778101672,0,0.0,0.0,0.0
25,1.0,1.0,1.0,2,19.0,9.221452583985279,83.34694882726178,2,7.25,4.130274390324443,14.612600207736813
5,1.0,1.0,0.5,4,15.5,13.386433837015062,74.33302079430347,0,0.0,0.0,0.0
23,1.0,1.0,0.0,6,21.5,21.728103509410662,109.17840595264063,1,7.0,6.382350467802111,19.596528339421358
24,0.0,1.0,0.5,3,16.0,15.750936900438509,67.74471798029036,0,0.0,0.0,0.0
17,1.0,1.0,1.0,5,19.0,32.6736210498042,166.32030056838653,1,10.0,6.718696630093484,20.134070169750725
21,1.0,1.0,1.0,4,33.75,21.405634299907774,189.67140373189238,1,8.0,3.463654460233422,19.8229783239562
2,0.0,1.0,0.0,3,12.333333333333334,5.199228417512472,34.1405143731286,0,0.0,0.0,0.0
23,1.0,1.0,1.0,4,13.75,8.29511872468039,75.964034829912,0,0.0,0.0,0.0
1,0.0,1.0,0.0,3,30.666666666666668,18.31034143418079,168.39039341483002,1,10.0,1.5024971993382177,10.26638334322288
23,0.0,1.0,0.5,4,20.0,21.04612785019308,118.22416540946192,0,0.0,0.0,0.0
3,0.0,1.0,0.5,3,50.333333333333336,22.275674778368142,173.18012500170983,0,0.0,0.0,0.0
3,1.0,1.0,1.0,2,16.5,17.039337122370416,217.7783783947812,2,7.5,3.6098479861949535,20.1804897875392
14,1.0,1.0,1.0,4,37.25,7.385181239622375,31.398161299946253,0,0.0,0.0,0.0
13,1.0,1.0,1.0,4,18.5,14.82489161085848,70.95819824891912,0,0.0,0.0,0.0
12,1.0,1.0,1.0,3,8.0,40.01415917053194,225.07800384591826,0,0.0,0.0,0.0
26,1.0,1.0,1.0,2,12.0,6.467125434266609,17.22578716802905,0,0.0,0.0,0.0
17,1.0,1.0,1.0,2,7.0,14.659168053252246,66.14149829975521,0,0.0,0.0,0.0
16,1.0,1.0,1.0,2,26.0,22.569205046463882,172.8717286600139,1,10.5,4.049763810112308,21.376582007976697
15,1.0,1.0,0.5,7,16.571428571428573,24.757921496552303,127.19636041224348,0,0.0,0.0,0.0
12,1.0,1.0,1.0,3,15.666666666666666,24.04847271126046,116.6972615095484,1,7.0,3.7524811875106403,15.083654305009361
19,1.0,1.0,1.0,2,37.5,12.576394704881125,125.55908858027193,1,12.5,4.592119615430832,17.983687670601164
9,1.0,1.0,0.5,3,10.666666666666666,18.659314191868088,93.37028201994882,1,7.0,7.681513918378348,27.431872062517904
2,1.0,1.0,0.0,5,43.0,27.944467043958742,237.46873207693815,0,0.0,0.0,0.0
21,1.0,1.0,0.5,2,10.0,28.83862512876087,184.38971666632335,0,0.0,0.0,0.0
14,1.0,1.0,1.0,0,0.0,0.0,0.0,0,0.0,0.0,0.0
6,1.0,1.0,1.0,5,18.2,1.029696936370311,7.344582172501004,0,0.0,0.0,0.0
4,1.0,1.0,1.0,6,26.166666666666668,30.38247185839103,152.46777050450257,0,0.0,0.0,0.0
1,1.0,1.0,1.0,7,22.857142857142858,12.775522063964967,84.284830974206,0,0.0,0.0,0.0
24,0.0,1.0,0.5,1,35.0,31.203449186098496,143.22933623050855,0,0.0,0.0,0.0
8,0.0,1.0,0.0,7,21.142857142857142,20.681786442274586,132.46761019334454,1,7.0,4.2349149084286815,19.776171468066945
25,1.0,1.0,1.0,5,24.6,15.443502746533742,66.3321874971995,0,0.0,0.0,0.0
26,1.0,1.0,0.5,5,46.4,19.20161454931435,184.83677537476726,0,0.0,0.0,0.0
9,1.0,1.0,1.0,4,7.25,24.433265376881653,92.43390360648696,0,0.0,0.0,0.0
14,1.0,1.0,0.5,1,20.0,32.56795730121011,177.01248902659725,1,7.5,4.048925374045955,14.706710268257412
4,1.0,1.0,1.0,5,38.4,33.48945642333439,158.64383208017347,0,0.0,0.0,0.0
15,1.0,1.0,0.5,4,14.25,9.893418501753553,55.864405945109866,0,0.0,0.0,0.0
25,1.0,1.0,1.0,2,29.5,33.599488164790486,234.89660246736742,0,0.0,0.0,0.0
4,1.0,1.0,0.5,6,23.166666666666668,19.764118741418343,116.8147940032053,0,0.0,0.0,0.0
23,1.0,1.0,1.0,9,16.444444444444443,20.245983443428774,119.8617206292691,0,0.0,0.0,0.0
3,0.0,1.0,0.5,2,8.0,11.649401418357941,44.67340274893334,0,0.0,0.0,0.0
3,0.0,1.0,0.5,3,8.666666666666666,26.787198101115006,84.35429557852454,1,7.0,4.4581700801024065,20.265842543365803
19,1.0,1.0,0.0,3,37.0,26.1760194843264,279.7695261591145,1,7.0,1.402704638865974,6.003795974521852
25,0.0,1.0,0.5,2,35.0,29.849520368412747,207.90691609367155,0,0.0,0.0,0.0
13,1.0,1.0,1.0,3,29.0,13.600212294340217,176.58968768086405,0,0.0,0.0,0.0
18,1.0,1.0,1.0,1,42.0,41.56285307364231,349.1410295505713,0,0.0,0.0,0.0
2,0.0,1.0,0.0,4,10.75,11.71138997491795,103.4339940477646,0,0.0,0.0,0.0
14,1.0,1.0,0.5,3,7.666666666666667,19.475829397302444,91.14404666217654,1,8.5,2.6795049800267816,10.190047897831633
8,1.0,1.0,1.0,4,23.5,20.328052567172417,155.88595713704228,0,0.0,0.0,0.0
19,1.0,1.0,1.0,4,28.75,3.6732251175005035,15.222762436615724,2,9.5,11.025264049920155,16.683565273435562
3,1.0,1.0,0.5,0,0.0,0.0,0.0,2,9.5,2.70349247899417,16.585270711923478
8,1.0,1.0,0.0,2,73.5,20.827807721319637,133.0699774452707,0,0.0,0.0,0.0
26,0.0,1.0,0.0,5,27.2,24.857171201048878,131.06183218431445,1,9.0,2.802474668420995,20.33860803527155
15,0.0,1.0,0.5,5,25.8,18.734902783259578,103.07845028538563,0,0.0,0.0,0.0
16,0.0,1.0,0.5,2,61.5,27.775198142077432,139.8935742256184,1,10.0,2.7306769783131504,22.731707975605016
9,1.0,1.0,1.0,5,15.4,5.000226397245256,17.76408378807722,1,8.0,5.742582501874844,17.358425481611718
19,1.0,1.0,1.0,4,33.5,21.867894408358755,173.18882424593875,0,0.0,0.0,0.0
7,1.0,1.0,0.5,0,0.0,0.0,0.0,0,0.0,0.0,0.0
4,1.0,1.0,1.0,1,83.0,35.68329721840712,457.641059722718,0,0.0,0.0,0.0
7,0.0,1.0,0.0,2,8.5,29.263094261089556,135.06654311678602,0,0.0,0.0,0.0
24,1.0,1.0,1.0,3,23.0,19.306109633767857,178.28595546767107,1,10.0,3.8428244193835703,22.20221003957701
18,0.0,1.0,0.5,4,20.75,34.27272157871165,218.9500083817255,0,0.0,0.0,0.0
25,1.0,1.0,0.5,6,12.666666666666666,19.980839371257613,82.75928782182787,0,0.0,0.0,0.0
22,0.0,1.0,0.5,5,19.0,20.178241979201015,125.21691716041698,2,7.5,4.243392537427942,20.416832318949982
12,1.0,1.0,0.5,6,9.333333333333334,24.012672899072413,88.90808911007672,0,0.0,0.0,0.0
8,0.0,1.0,0.5,6,16.5,22.829706181112837,138.73870775088923,0,0.0,0.0,0.0
18,1.0,1.0,1.0,4,13.0,21.846328294253784,72.01845780343483,0,0.0,0.0,0.0
18,1.0,1.0,1.0,4,25.0,28.719739934482014,165.7940533082263,0,0.0,0.0,0.0
17,1.0,1.0,1.0,3,9.333333333333334,39.890294471844506,182.8326416569364,0,0.0,0.0,0.0
1,1.0,1.0,0.5,5,12.4,9.552860848654444,69.58836554836782,0,0.0,0.0,0.0
7,0.0,1.0,0.5,3,12.0,2.1504296536778633,7.724897511433437,0,0.0,0.0,0.0
25,1.0,1.0,1.0,1,28.0,35.62417911642031,181.0192503282203,0,0.0,0.0,0.0
9,0.0,1.0,0.0,3,12.0,44.447067680862325,203.3128763184243,0,0.0,0.0,0.0
19,1.0,1.0,1.0,5,16.4,17.86905007399631,103.23946423198552,0,0.0,0.0,0.0
19,1.0,1.0,1.0,3,64.0,1.373750064881443,14.136202552970744,0,0.0,0.0,0.0
24,1.0,1.0,1.0,2,28.0,12.030112606707606,43.577060622962655,0,0.0,0.0,0.0
23,1.0,1.0,1.0,3,48.0,26.96422458856183,204.71837652186719,0,0.0,0.0,0.0
12,0.0,1.0,0.0,4,34.75,8.020800004595039,42.83321526693166,0,0.0,0.0,0.0
12,1.0,1.0,1.0,6,9.833333333333334,22.623845587454273,98.82308829672922,1,10.0,5.536227144282943,20.17583962646843
14,1.0,1.0,1.0,3,16.333333333333332,31.481614469170832,191.38282045483342,2,13.5,2.3968857967592925,17.89526438371345
12,1.0,1.0,1.0,6,8.166666666666666,19.875111403841476,82.30491912756104,1,7.5,3.492815099345715,16.250265211046493
17,1.0,1.0,1.0,4,26.25,21.47296877029806,144.19043716911463,0,0.0,0.0,0.0
12,1.0,1.0,1.0,3,11.666666666666666,23.625788524147577,64.86898380382495,0,0.0,0.0,0.0
9,0.0,1.0,0.0,6,20.0,24.87099253744597,111.04910410830622,0,0.0,0.0,0.0
8,1.0,1.0,0.0,2,32.5,12.79031356978182,67.83641670759883,0,0.0,0.0,0.0
22,1.0,1.0,1.0,4,15.5,8.664699587639822,60.056382410030615,1,9.5,14.010856709943312,13.808825229597605
14,1.0,1.0,1.0,2,11.0,9.076641659144693,23.397981791227497,0,0.0,0.0,0.0
22,1.0,1.0,1.0,2,31.5,13.856851869247414,85.00574940588625,1,9.0,1.3491328368325883,8.657260330812097
4,1.0,1.0,1.0,3,22.666666666666668,14.17131243083829,94.95637441408131,0,0.0,0.0,0.0
8,1.0,1.0,0.5,8,14.0,23.225452147957743,128.84697338159512,0,0.0,0.0,0.0
24,0.0,1.0,0.5,5,9.2,13.066731677684283,57.960520363827165,0,0.0,0.0,0.0
6,1.0,1.0,0.0,3,26.666666666666668,18.37902809362871,128.74535652843548,2,9.75,7.587743875108201,15.14917982370132
18,0.0,1.0,0.5,3,32.333333333333336,28.594865271463124,173.34230553103228,0,0.0,0.0,0.0
18,0.0,1.0,0.5,5,18.2,19.64155020018091,124.40810926687043,1,7.0,1.5461455845836944,7.056052363627035
16,0.0,1.0,0.0,3,15.666666666666666,9.31763966984594,24.735493929514618,0,0.0,0.0,0.0
23,0.0,1.0,0.5,4,55.5,33.6703622757537,324.17523353556146,0,0.0,0.0,0.0
17,0.0,1.0,0.5,9,22.77777777777778,22.569732131162027,127.52048359256995,0,0.0,0.0,0.0
23,0.0,1.0,0.0,4,31.0,27.73494116339154,169.05750564944032,0,0.0,0.0,0.0
14,1.0,1.0,1.0,1,25.0,17.546453364115383,299.1386846519789,1,10.5,7.385046875158242,26.76404050554573
3,1.0,1.0,1.0,4,19.75,16.184779757392715,155.28209225393047,1,7.0,3.4072710191660445,16.053266732407714
14,1.0,1.0,1.0,1,7.0,30.519965964229804,136.0153523018008,1,7.0,0.84265954685842,3.624677396606958
3,0.0,1.0,0.5,4,10.0,10.392580509698876,48.27104591850094,1,7.5,2.942384725836995,8.774272541371486
9,0.0,1.0,0.5,4,39.75,15.274568308356608,94.99661691719173,0,0.0,0.0,0.0
15,1.0,1.0,0.5,5,25.2,11.84835672605535,76.403175198243,0,0.0,0.0,0.0
24,1.0,1.0,0.5,4,8.75,23.540716041149896,120.28223302086818,0,0.0,0.0,0.0
19,1.0,1.0,1.0,7,27.0,19.44029247274573,163.03213834386628,0,0.0,0.0,0.0
21,0.0,1.0,0.5,3,40.0,74.64654743630027,323.6171002756778,0,0.0,0.0,0.0
25,1.0,1.0,1.0,1,35.0,7.568825668694642,68.94499867829826,1,10.5,6.738348017254156,24.656253545351348
25,0.0,1.0,0.5,5,27.6,26.11283474901392,178.40645293195897,0,0.0,0.0,0.0
14,0.0,1.0,0.5,5,29.2,15.589485603794966,109.4746684501232,0,0.0,0.0,0.0
5,1.0,1.0,1.0,5,10.6,17.677309067749203,56.78748265356851,0,0.0,0.0,0.0
3,1.0,1.0,1.0,5,10.2,28.329285471393327,178.47341931499463,3,7.666666666666667,3.7361238278309172,22.160141521801375
4,1.0,1.0,1.0,3,8.666666666666666,13.130276868417553,61.711565489448766,0,0.0,0.0,0.0
23,1.0,1.0,1.0,2,12.5,29.207884613484836,240.2616483297556,0,0.0,0.0,0.0
25,1.0,1.0,1.0,4,15.0,28.134526815663303,183.1577620117146,1,11.0,4.365103871128361,36.91346793400693
24,0.0,1.0,0.5,2,20.0,15.59650744824146,78.04867192839413,0,0.0,0.0,0.0
6,0.0,1.0,0.5,4,24.5,13.36508392719398,96.27751221252203,0,0.0,0.0,0.0
3,0.0,1.0,0.5,1,26.0,29.208246359657238,127.21474604396867,4,7.25,3.4587707911347483,18.98102437761101
6,1.0,1.0,1.0,3,16.333333333333332,3.856802111920724,11.409692556677316,0,0.0,0.0,0.0
22,0.0,1.0,0.5,3,21.0,17.06943568892621,136.10507039935305,1,7.5,3.930830408608284,22.485444115905846
7,1.0,1.0,1.0,2,22.0,11.488013096843984,34.11683340910573,0,0.0,0.0,0.0
12,1.0,1.0,0.5,5,10.6,18.73189023202,71.04484799405313,0,0.0,0.0,0.0
6,1.0,1.0,1.0,6,15.166666666666666,13.815685884744802,76.53123361807106,0,0.0,0.0,0.0
26,1.0,1.0,1.0,6,42.0,24.225146722333548,179.38137518009617,0,0.0,0.0,0.0
6,0.0,1.0,0.0,5,32.2,37.3906039351069,215.7074682962028,0,0.0,0.0,0.0
24,1.0,1.0,1.0,8,18.375,16.22225324267814,68.71753691248261,0,0.0,0.0,0.0
9,0.0,1.0,0.5,4,17.5,19.857092541263015,116.45652074184015,0,0.0,0.0,0.0
16,1.0,1.0,1.0,6,12.0,18.368351906793144,62.295227488006056,0,0.0,0.0,0.0
17,1.0,1.0,0.5,2,39.0,20.704260868735144,133.83601396234167,0,0.0,0.0,0.0
3,0.0,1.0,0.5,1,14.0,29.21937420456863,181.22954083565992,0,0.0,0.0,0.0
25,0.0,1.0,0.0,2,32.5,10.985963746505782,179.4358535875502,1,7.5,1.50664060498243,5.370592181316878
2,1.0,1.0,0.5,4,15.0,12.14749453499807,60.70412472934501,0,0.0,0.0,0.0
22,1.0,1.0,0.0,6,10.666666666666666,12.722289072198611,73.3953441649103,2,9.5,3.4180579616903257,21.760770536193462
24,0.0,1.0,0.5,4,13.0,36.51326195790961,169.09356812456892,0,0.0,0.0,0.0
9,1.0,1.0,1.0,6,22.833333333333332,17.954393010801144,120.36588390028162,3,8.0,3.720719685951321,20.49808742962522
15,0.0,1.0,0.5,9,17.11111111111111,13.955118719444442,92.8214508884972,0,0.0,0.0,0.0
18,1.0,1.0,1.0,1,17.0,24.747485573148904,111.72480634109097,0,0.0,0.0,0.0
7,1.0,1.0,1.0,1,31.0,8.76511605787177,21.014752933957325,0,0.0,0.0,0.0
24,0.0,1.0,0.5,4,16.0,31.29275794491583,120.9962321828591,0,0.0,0.0,0.0
6,1.0,1.0,1.0,2,30.0,0.4647600747874317,18.74237071975924,1,17.0,3.457580106779305,17.62119480217427
15,1.0,1.0,1.0,3,22.0,13.618165599596557,78.87695015110062,0,0.0,0.0,0.0
26,0.0,1.0,0.5,6,31.333333333333332,21.829362186119216,133.70035336290934,0,0.0,0.0,0.0
24,1.0,1.0,0.5,1,36.0,15.197281452265578,37.47597756609239,1,7.0,8.191136003062592,20.075860739605343
24,0.0,1.0,0.5,2,24.5,31.736289678273835,137.13759507113653,0,0.0,0.0,0.0
13,1.0,1.0,1.0,2,28.0,15.258635394285957,96.93786900638062,0,0.0,0.0,0.0
22,1.0,1.0,1.0,5,7.6,13.488389924241456,66.62999822091162,1,7.0,5.354488786056013,21.680396213915074
14,1.0,1.0,1.0,3,17.666666666666668,3.527332269886246,45.643373636859735,0,0.0,0.0,0.0
14,0.0,1.0,0.5,3,36.0,13.386059627280142,117.69044440189201,0,0.0,0.0,0.0
16,1.0,1.0,1.0,5,17.2,23.404333480332433,181.6315248569816,0,0.0,0.0,0.0
19,1.0,1.0,1.0,3,50.666666666666664,21.692498966020878,183.48044586037588,0,0.0,0.0,0.0
4,1.0,1.0,1.0,4,41.75,19.94679087957588,107.02869823618087,1,9.5,5.267470691954725,19.392224527993797
21,1.0,1.0,0.5,5,33.0,23.675281088646003,187.938576635746,0,0.0,0.0,0.0
17,0.0,1.0,0.5,5,23.0,26.79940027471477,127.18645568345137,0,0.0,0.0,0.0
13,1.0,1.0,1.0,4,12.75,8.116078060143991,46.725193154890725,0,0.0,0.0,0.0
24,0.0,1.0,0.5,3,9.0,16.694893007319372,110.85883261712327,1,7.0,4.242357614386995,20.914291560200233
6,0.0,1.0,0.5,6,13.0,7.973109267577153,47.286233187906085,0,0.0,0.0,0.0
1,0.0,1.0,0.5,1,7.0,4.780766981955822,22.85552137341437,0,0.0,0.0,0.0
10,0.0,1.0,0.5,2,16.5,2.121377010804743,22.123035727864387,0,0.0,0.0,0.0
23,1.0,1.0,1.0,1,57.0,34.300224788007775,242.77415778822782,0,0.0,0.0,0.0
2,0.0,1.0,0.0,4,12.25,24.152210592866805,131.62502007500703,0,0.0,0.0,0.0
4,0.0,1.0,0.5,6,24.833333333333332,33.35515717661814,152.12548950203384,1,8.0,4.702670774823745,21.06729056239039
2,1.0,1.0,1.0,5,23.6,3.4151496639176813,34.69615349821295,0,0.0,0.0,0.0
26,1.0,1.0,1.0,5,10.0,19.20234990840401,88.65713374815155,2,7.5,4.09363619497411,21.915142049802014
12,0.0,1.0,0.5,2,9.5,17.04072285830262,68.33882016067993,1,8.0,4.285723324305362,7.888356746330029
14,0.0,1.0,0.5,0,0.0,0.0,0.0,0,0.0,0.0,0.0
13,1.0,1.0,0.0,3,27.333333333333332,19.93551338638976,110.29622738658871,0,0.0,0.0,0.0
14,1.0,1.0,1.0,0,0.0,0.0,0.0,0,0.0,0.0,0.0
24,1.0,1.0,0.5,4,27.75,20.758184095004598,120.40454740194431,0,0.0,0.0,0.0
3,1.0,1.0,0.5,1,42.0,1.4769476380779185,17.411537881288258,0,0.0,0.0,0.0
11,1.0,1.0,1.0,5,27.6,26.541743145803935,126.38457041573642,0,0.0,0.0,0.0
16,0.0,1.0,0.0,4,13.75,13.338129289602168,51.8118973888932,0,0.0,0.0,0.0
22,1.0,1.0,0.5,6,20.0,15.988656252058377,83.19515085581126,0,0.0,0.0,0.0
3,1.0,1.0,1.0,4,13.5,15.11490054187332,131.16576018024193,1,12.0,2.107536121033247,17.06686601663528
22,0.0,1.0,0.5,3,24.333333333333332,11.701697007706038,116.24408886985402,2,7.0,3.651892720335322,17.70661025587718
13,0.0,1.0,0.5,3,26.333333333333332,23.45895940881545,206.11712532751054,0,0.0,0.0,0.0
25,1.0,1.0,0.0,5,18.6,9.925791742490887,69.81614366241884,0,0.0,0.0,0.0
19,1.0,1.0,1.0,5,27.8,20.919036890958598,150.06324415201078,0,0.0,0.0,0.0
14,0.0,1.0,0.5,1,6.0,13.041796929309191,26.73159117183833,1,9.0,1.6316467111853994,8.990353482164489
8,1.0,1.0,0.5,2,48.0,25.029729882928855,170.39501068844933,0,0.0,0.0,0.0
1,1.0,1.0,1.0,1,6.0,1.3341368998945464,6.67068449947268,2,8.25,14.935045145863919,29.757379938356546
12,0.0,1.0,0.5,3,28.666666666666668,17.89941028594257,96.05409096865274,0,0.0,0.0,0.0
24,1.0,1.0,1.0,4,9.5,11.808808371516223,39.94223428553928,0,0.0,0.0,0.0
2,1.0,1.0,1.0,7,20.285714285714285,19.500795538869394,116.25240409388361,0,0.0,0.0,0.0
17,0.0,1.0,0.5,8,17.875,23.380726945227416,123.18687680259112,0,0.0,0.0,0.0
24,1.0,1.0,0.5,3,14.666666666666666,16.770717701039676,85.42915779885821,0,0.0,0.0,0.0
13,1.0,1.0,0.0,4,44.75,17.631008188829803,147.35763669752785,0,0.0,0.0,0.0
13,0.0,1.0,0.0,2,46.5,31.862539022634387,177.8454512184655,1,7.5,6.7181168974109635,22.33474221308196
24,1.0,1.0,1.0,6,19.166666666666668,23.242414693398,181.6797326393441,1,8.0,6.364370294973324,29.809138300239603
9,1.0,1.0,1.0,4,11.25,10.36083131875919,51.3469756202625,0,0.0,0.0,0.0
3,1.0,1.0,1.0,3,15.0,24.843508229634278,202.7900055833185,3,7.0,3.456604287916926,17.96052883453198
15,1.0,1.0,1.0,4,22.0,21.220442232100176,105.37504395240504,0,0.0,0.0,0.0
17,0.0,1.0,0.5,4,23.25,26.60006741912309,198.85578815577378,1,15.0,2.9107470653192067,28.726223559124193
22,1.0,1.0,1.0,3,8.0,12.367379361677386,53.95476456289153,0,0.0,0.0,0.0
15,1.0,1.0,1.0,2,18.5,25.554197159301765,152.2673728607795,1,8.0,9.887221782710704,11.589616036804797
23,1.0,1.0,0.5,6,32.0,23.040267679958237,148.53968244346387,0,0.0,0.0,0.0
16,1.0,1.0,1.0,4,19.75,26.197570856310495,116.52705604527237,0,0.0,0.0,0.0
2,0.0,1.0,0.0,3,18.333333333333332,16.626710331610354,65.51504219941346,1,9.0,3.1326671295447532,18.512059622507074
16,1.0,1.0,0.0,2,18.0,11.63815561796423,90.69509251556309,0,0.0,0.0,0.0
24,1.0,1.0,0.5,2,11.5,30.16839338741443,131.52031706081505,0,0.0,0.0,0.0
4,0.0,1.0,0.5,5,32.8,21.41213310645918,136.2768333414489,1,7.5,7.0244806404554225,15.593595401340963
7,1.0,1.0,0.5,2,24.5,7.112757648067914,15.471909355813473,0,0.0,0.0,0.0
7,1.0,1.0,0.5,2,17.5,19.559337632474524,112.51053819469334,0,0.0,0.0,0.0
24,1.0,1.0,0.5,3,17.666666666666668,28.071004340571502,163.68739026364844,0,0.0,0.0,0.0
23,1.0,1.0,1.0,6,17.333333333333332,22.61116908885143,185.9626642325778,0,0.0,0.0,0.0
18,1.0,1.0,1.0,5,32.4,28.367848992285765,223.7106449829593,0,0.0,0.0,0.0
8,1.0,1.0,0.5,1,119.0,38.18817821040024,400.95828110115764,0,0.0,0.0,0.0
18,0.0,1.0,0.5,7,29.714285714285715,34.19644299351953,188.1090899116918,1,7.0,3.3228945474115634,16.601787990510733
1,1.0,1.0,1.0,6,30.166666666666668,20.902369969672424,133.6927035727388,1,7.0,2.3268551042487897,8.364996946869464
24,0.0,1.0,0.5,2,22.5,14.043909366286421,91.30272977006541,0,0.0,0.0,0.0
14,1.0,1.0,1.0,3,13.333333333333334,24.62514826908131,98.17521623748495,1,7.5,3.206072446212131,14.1128112437099
6,1.0,1.0,1.0,4,22.5,3.3035315640893166,8.952074967058197,0,0.0,0.0,0.0
24,0.0,1.0,0.5,4,25.25,20.302903778984096,111.29734559559716,0,0.0,0.0,0.0
2,1.0,1.0,0.5,2,24.0,7.216242304132627,27.137160582586173,0,0.0,0.0,0.0
4,1.0,1.0,0.5,6,41.166666666666664,25.140883626072483,179.97705443582856,0,0.0,0.0,0.0
4,1.0,1.0,0.5,7,30.0,29.401839871462332,145.8960631868582,0,0.0,0.0,0.0
23,1.0,1.0,1.0,4,33.75,25.034278044420102,149.81427722214409,1,7.0,6.031985094575486,18.332469847618338
15,0.0,1.0,0.5,3,20.333333333333332,17.559999163561198,106.70704528928957,1,7.0,4.052444664498555,15.975981701740004
5,0.0,1.0,0.5,8,17.125,29.914006336945622,143.07318775512624,0,0.0,0.0,0.0
4,1.0,1.0,0.5,3,11.333333333333334,20.390855410851945,97.23404663816136,0,0.0,0.0,0.0
3,1.0,1.0,1.0,1,9.0,20.0146464348071,48.54232143611458,0,0.0,0.0,0.0
18,0.0,1.0,0.5,4,43.0,22.49299970185174,168.99458529609305,2,7.25,3.622248614730792,17.549823990191932
15,0.0,1.0,0.5,5,19.6,12.865003514729159,93.21055592475977,0,0.0,0.0,0.0
25,1.0,1.0,0.5,7,22.0,19.542289373528263,133.0423393263831,0,0.0,0.0,0.0
6,1.0,1.0,0.0,4,29.5,12.756452488384735,69.67794850191176,0,0.0,0.0,0.0
25,1.0,1.0,1.0,3,43.666666666666664,28.036594980856364,212.60106655485387,0,0.0,0.0,0.0
19,0.0,1.0,0.5,2,62.0,30.004000428338152,335.14103136381397,0,0.0,0.0,0.0
24,0.0,1.0,0.5,2,19.0,12.85102496703604,97.24276035993276,0,0.0,0.0,0.0
4,0.0,1.0,0.5,2,42.5,30.82330146845664,177.12217362313413,0,0.0,0.0,0.0
13,1.0,1.0,1.0,2,48.0,10.684215130842524,77.54419225245383,0,0.0,0.0,0.0
23,0.0,1.0,0.5,2,39.0,29.664052565494444,220.5228701593502,0,0.0,0.0,0.0
19,1.0,1.0,1.0,2,18.0,12.06198681479114,71.38827590727857,0,0.0,0.0,0.0
24,1.0,1.0,1.0,3,15.666666666666666,25.22683345173669,101.76996173231073,0,0.0,0.0,0.0
4,0.0,1.0,0.5,4,50.25,24.744375962809997,220.91510969420762,0,0.0,0.0,0.0
1,1.0,1.0,1.0,3,33.0,15.233558205040131,141.06418392960276,0,0.0,0.0,0.0
15,0.0,1.0,0.5,7,18.857142857142858,23.20023708074591,126.54349262459563,0,0.0,0.0,0.0
18,1.0,1.0,1.0,4,46.75,25.91508064307117,197.88527820112463,0,0.0,0.0,0.0
18,1.0,1.0,1.0,2,47.0,35.62635492313983,305.763031226457,0,0.0,0.0,0.0
17,1.0,1.0,1.0,3,44.666666666666664,30.81277622496673,236.8000474369428,0,0.0,0.0,0.0
4,0.0,1.0,0.5,4,78.0,35.09220456987191,414.24917916013317,0,0.0,0.0,0.0
18,0.0,1.0,0.5,6,17.166666666666668,25.0947200310874,158.36580106756165,1,11.0,1.9700781954711095,13.076341016761095
4,1.0,1.0,0.5,1,26.0,15.394180656927164,62.513554959609905,0,0.0,0.0,0.0
22,1.0,1.0,1.0,4,30.25,18.114264910238543,107.72853499285594,2,7.0,4.490377603025637,25.964208907988795
18,1.0,1.0,0.0,5,21.2,32.30257136549869,251.5825443289266,0,0.0,0.0,0.0
1,1.0,1.0,0.5,5,44.0,24.516061812981043,189.3388118651562,0,0.0,0.0,0.0
12,1.0,1.0,0.5,3,31.333333333333332,18.26521348802662,93.6008799248918,0,0.0,0.0,0.0
14,1.0,1.0,0.5,2,12.5,17.498734706759027,72.79668848647425,1,8.5,4.129266036294853,13.73775386210232
8,0.0,1.0,0.5,5,18.4,29.216203750798883,152.2809725564481,0,0.0,0.0,0.0
6,1.0,1.0,0.5,2,22.0,5.096998153734202,42.051699103942916,0,0.0,0.0,0.0
13,1.0,1.0,1.0,4,44.5,28.001724327058277,182.32264886519386,0,0.0,0.0,0.0
2,0.0,1.0,0.5,8,24.0,7.5900127333561365,60.62960718186922,0,0.0,0.0,0.0
24,0.0,1.0,0.5,4,20.0,25.779343549049322,123.8736192619808,0,0.0,0.0,0.0
19,1.0,1.0,1.0,2,13.0,27.328017443830035,173.06436438815905,0,0.0,0.0,0.0
26,1.0,1.0,1.0,6,26.833333333333332,16.730333992321622,95.51222864983384,1,8.0,3.3709471242068463,20.858538477196646
18,1.0,1.0,1.0,9,28.22222222222222,33.24151310481601,169.92870533339823,0,0.0,0.0,0.0
22,0.0,1.0,0.5,8,17.625,15.762353037504326,107.01562445022195,1,8.5,6.688139359001582,27.932956006833397
22,1.0,1.0,1.0,5,15.6,16.822147125735526,98.57336080350072,0,0.0,0.0,0.0
26,1.0,1.0,1.0,4,20.25,19.241784038927978,114.83443277490501,1,7.0,4.986145116934688,20.88518801378492
19,0.0,1.0,0.0,8,13.0,14.174805128749242,86.9876775200542,0,0.0,0.0,0.0
14,0.0,1.0,0.5,6,24.333333333333332,9.77371444293229,72.4083899077842,1,7.0,3.790616521920881,16.197150163146777
24,1.0,1.0,1.0,1,20.0,15.596100630317137,64.7400818979861,0,0.0,0.0,0.0
21,0.0,1.0,0.5,5,21.0,23.42911058357176,138.218648272728,1,7.0,2.8509131949311026,14.126998718559726
25,1.0,1.0,1.0,8,32.25,25.833539549725177,214.31074007122595,0,0.0,0.0,0.0
10,1.0,1.0,0.5,3,16.666666666666668,28.955819982915187,145.31377930244537,0,0.0,0.0,0.0
25,1.0,1.0,0.0,5,26.4,29.03201763951508,214.04470677168723,0,0.0,0.0,0.0
17,1.0,1.0,1.0,5,26.4,36.741810961954535,185.61843313137655,0,0.0,0.0,0.0
18,0.0,1.0,0.5,4,18.5,21.07016458719687,128.34724178956992,0,0.0,0.0,0.0
22,1.0,1.0,1.0,4,18.5,11.564236993080682,58.997718894248905,1,11.5,3.1229968229340725,24.920491258622246
23,1.0,1.0,1.0,4,49.0,27.435334776769167,213.65808937363377,2,7.5,3.074749896793803,17.210730846017903
24,1.0,1.0,1.0,0,0.0,0.0,0.0,0,0.0,0.0,0.0
17,1.0,1.0,0.5,6,24.5,23.5020254001283,159.70508474748306,0,0.0,0.0,0.0
18,1.0,1.0,1.0,1,10.0,28.72571447000987,76.35878642719678,1,9.0,3.180993710052396,18.97100385181835
2,1.0,1.0,1.0,1,60.0,7.722605423845029,29.686351622530985,0,0.0,0.0,0.0
7,1.0,1.0,0.5,1,10.0,26.607093337595042,74.2464889188811,1,9.0,4.386214287946787,17.086592177663135
23,1.0,1.0,1.0,2,16.5,4.330023693873443,27.793613006652066,0,0.0,0.0,0.0
6,0.0,1.0,0.5,2,12.0,8.805650805078105,31.599605028902996,2,10.25,5.924242881123474,5.720129785313001
10,0.0,1.0,0.5,3,8.666666666666666,11.968862075415972,60.37630976916463,0,0.0,0.0,0.0
14,1.0,1.0,0.0,6,16.333333333333332,15.292130195249534,61.09482178200816,2,8.0,3.205276782329002,16.64131614973165
16,1.0,1.0,1.0,4,36.75,17.626962172831544,138.8809999675646,0,0.0,0.0,0.0
14,0.0,1.0,0.0,3,13.333333333333334,20.085591615349102,156.13515336783914,3,8.0,4.227357603050625,23.675994044981522
14,0.0,1.0,0.5,4,16.75,26.47408981195676,108.5721594371314,1,9.0,3.2140181980027336,18.760612368538354
19,0.0,1.0,0.5,5,36.2,26.50647589684429,204.17342491895252,0,0.0,0.0,0.0
8,0.0,1.0,0.0,5,30.4,24.097915400344146,169.6796056732258,0,0.0,0.0,0.0
7,1.0,1.0,1.0,1,172.0,3.1156827173677466,21.855516253071176,0,0.0,0.0,0.0
15,1.0,1.0,0.5,6,26.166666666666668,27.316653066374666,163.89826513081897,0,0.0,0.0,0.0
7,1.0,1.0,1.0,2,32.0,10.463460819551885,27.786041919545468,0,0.0,0.0,0.0
23,1.0,1.0,1.0,5,28.6,22.454652028623244,218.34690212084456,0,0.0,0.0,0.0
16,1.0,1.0,1.0,3,20.666666666666668,13.580023629462362,62.95114462259045,0,0.0,0.0,0.0
1,1.0,1.0,0.0,2,7.0,4.74139134155081,10.680580020055165,0,0.0,0.0,0.0
15,0.0,1.0,0.5,4,37.25,24.99361038004786,210.24211012088102,0,0.0,0.0,0.0
5,1.0,1.0,0.5,4,8.25,16.178435382386308,66.40272035111596,0,0.0,0.0,0.0
14,0.0,1.0,0.5,2,15.0,5.646018796674643,27.758066364790945,0,0.0,0.0,0.0
14,1.0,1.0,1.0,2,24.0,1.8453967366821311,42.444124943688294,0,0.0,0.0,0.0
9,0.0,1.0,0.0,2,11.5,18.04104024700056,68.18701901696319,1,7.5,5.093534913786465,19.994277523165866
23,0.0,1.0,0.5,4,50.5,31.385900829947477,190.68035549801715,0,0.0,0.0,0.0
4,1.0,1.0,1.0,5,7.0,15.588706644916765,57.451315301026554,0,0.0,0.0,0.0
18,0.0,1.0,0.5,3,25.333333333333332,29.824027764151328,277.781489993873,2,7.25,7.494789687385976,10.64741626342704
13,1.0,1.0,1.0,5,28.4,15.232342286789379,116.2460262174724,0,0.0,0.0,0.0
24,1.0,1.0,1.0,3,42.333333333333336,5.076857877052748,49.614568884227445,1,9.0,2.6599819277754104,18.491983562429517
6,1.0,1.0,1.0,3,17.0,10.257261610616839,89.01460014856043,0,0.0,0.0,0.0
4,1.0,1.0,0.5,1,14.0,9.469137831276385,92.26164173950501,0,0.0,0.0,0.0
9,1.0,1.0,0.5,2,20.0,4.920501333591619,39.743463303312964,2,9.75,3.053969002671881,21.418228451896645
4,1.0,1.0,1.0,3,8.666666666666666,28.404872182835476,133.18865806912103,0,0.0,0.0,0.0
19,1.0,1.0,1.0,3,31.0,8.924807699888614,40.11403476325054,1,9.5,5.009400717579896,8.033652273872189
3,1.0,1.0,1.0,2,10.0,20.67508481815885,115.28122266065729,0,0.0,0.0,0.0
25,1.0,1.0,1.0,3,59.333333333333336,25.367197631103707,321.0106789691436,0,0.0,0.0,0.0
25,1.0,1.0,0.5,4,51.5,25.959320470170898,181.3383135294451,0,0.0,0.0,0.0
