group_id,actual,pred,f1,kappa,accuracy
2,[1. 1. 0. 1. 1. 1. 0. 0. 1. 0. 1. 0. 0. 1. 0. 0. 0. 0. 1. 1. 0. 1. 1. 1.],[0. 1. 1. 1. 1. 0. 1. 1. 1. 1. 0. 1. 0. 1. 1. 1. 0. 0. 0. 1. 1. 1. 1. 1.],0.4777777777777778,-0.03597122302158273,0.5
3,"[1. 0. 0. 1. 0. 1. 0. 1. 1. 1. 0. 0. 1. 0. 0. 1. 0. 1. 0. 1. 0. 1. 1. 1.
 0. 0. 0. 0. 1. 1. 1. 1. 1. 0.]","[1. 0. 1. 1. 1. 1. 1. 1. 1. 0. 1. 0. 1. 1. 1. 1. 1. 1. 1. 1. 1. 1. 1. 1.
 1. 1. 0. 1. 1. 0. 1. 1. 1. 1.]",0.4949043447166101,0.07942238267148005,0.5588235294117647
4,"[0. 1. 1. 0. 1. 1. 0. 1. 1. 0. 0. 1. 0. 1. 1. 1. 1. 0. 0. 0. 1. 1. 1. 1.
 1. 1. 0. 0. 0. 1. 0. 0. 1. 0. 1. 1. 0. 1. 0. 0. 1. 1. 0.]","[1. 1. 0. 0. 1. 1. 0. 1. 0. 1. 1. 1. 1. 1. 1. 1. 1. 1. 0. 1. 0. 1. 0. 0.
 1. 1. 1. 1. 1. 1. 0. 1. 1. 1. 1. 0. 0. 1. 0. 1. 0. 0. 1.]",0.4976664406238781,-0.018038331454340417,0.5116279069767442
6,"[0. 1. 1. 0. 0. 0. 1. 1. 0. 1. 1. 1. 1. 1. 0. 1. 1. 1. 1. 0. 0. 1. 1. 0.
 1. 0. 1. 1. 1. 0. 0. 0. 1.]","[1. 0. 1. 1. 1. 1. 0. 1. 1. 1. 1. 1. 1. 1. 1. 1. 0. 1. 1. 0. 1. 1. 1. 1.
 0. 0. 1. 1. 0. 1. 1. 1. 1.]",0.4740447957839262,-0.10460251046025104,0.5151515151515151
7,[0. 0. 1. 1. 0. 1. 1. 1. 1. 1. 1. 0. 0. 1. 1. 1. 1. 1. 1. 1. 1. 0. 1. 0.],[0. 1. 1. 1. 1. 1. 1. 1. 1. 1. 1. 1. 1. 1. 1. 1. 1. 1. 0. 0. 1. 0. 1. 0.],0.7361111111111112,0.33944954128440374,0.75
8,[1. 1. 0. 0. 1. 1. 0. 1. 0. 1. 1. 0. 1. 1. 1. 1. 1. 1.],[0. 1. 1. 0. 1. 1. 1. 1. 1. 1. 1. 0. 0. 1. 0. 0. 1. 1.],0.621010101010101,0.08695652173913038,0.6111111111111112
9,"[0. 0. 1. 0. 0. 0. 1. 1. 1. 0. 1. 1. 1. 1. 1. 1. 1. 0. 1. 0. 1. 1. 1. 1.
 0. 1. 0. 1. 1.]","[1. 1. 1. 1. 1. 0. 1. 1. 0. 1. 1. 1. 1. 1. 0. 1. 1. 1. 1. 1. 0. 1. 1. 1.
 1. 1. 0. 1. 0.]",0.5541871921182265,-0.011627906976744207,0.5862068965517241
12,[1. 1. 0. 0. 1. 0. 1. 0. 0. 1. 1. 1. 1. 0. 1.],[1. 0. 1. 1. 0. 1. 0. 1. 1. 1. 0. 0. 1. 1. 0.],0.2,-0.6666666666666665,0.2
13,[1. 1. 1. 0. 1. 1. 1. 0. 1. 0. 0. 1. 0. 1. 1. 0. 1. 1. 1. 1. 1. 1.],[1. 0. 1. 0. 0. 1. 1. 1. 1. 1. 0. 1. 0. 1. 1. 1. 0. 0. 1. 0. 1. 1.],0.6502164502164501,0.16981132075471705,0.6363636363636364
14,"[1. 1. 1. 0. 0. 0. 0. 1. 1. 0. 1. 1. 1. 0. 1. 0. 0. 0. 0. 1. 0. 0. 1. 1.
 0. 0. 1. 0. 0. 0. 1. 1. 0. 1. 1. 1. 1. 1. 0. 1. 0. 1. 1. 1. 1.]","[1. 1. 1. 1. 1. 1. 1. 0. 1. 1. 1. 1. 1. 1. 1. 0. 1. 1. 1. 1. 1. 1. 1. 1.
 1. 1. 1. 1. 1. 1. 1. 1. 1. 1. 1. 1. 1. 1. 1. 1. 1. 1. 1. 1. 1.]",0.43256090314913853,0.01098901098901095,0.5555555555555556
15,[0. 0. 1. 1. 1. 0. 0. 0. 0. 0. 1. 0. 1. 0. 1. 0. 1. 1. 1. 1. 1.],[1. 1. 1. 1. 1. 1. 0. 1. 1. 1. 1. 1. 1. 1. 1. 0. 1. 1. 1. 0. 1.],0.5077680939749906,0.11267605633802813,0.5714285714285714
16,[1. 1. 1. 1. 1. 1. 0. 0. 1. 0. 0. 1. 1. 1. 1. 1. 1. 0. 1. 1. 1.],[1. 0. 1. 1. 0. 0. 1. 0. 1. 0. 0. 1. 0. 1. 1. 1. 0. 1. 1. 1. 1.],0.6878868258178603,0.23834196891191706,0.6666666666666666
17,"[1. 1. 1. 0. 1. 0. 1. 1. 1. 1. 1. 1. 0. 1. 1. 0. 1. 0. 0. 0. 1. 1. 0. 0.
 1. 0. 1. 1. 0.]","[1. 1. 1. 1. 1. 1. 1. 1. 1. 0. 1. 1. 1. 1. 1. 0. 1. 1. 1. 1. 1. 1. 1. 1.
 1. 0. 1. 1. 0.]",0.6425020048115477,0.2478386167146973,0.6896551724137931
18,"[1. 1. 1. 1. 1. 1. 0. 1. 1. 1. 1. 0. 0. 1. 1. 0. 1. 1. 1. 1. 0. 0. 0. 1.
 1. 1. 0. 0. 0. 1. 1. 0. 1.]","[0. 1. 0. 1. 0. 0. 1. 1. 1. 0. 1. 1. 0. 0. 0. 1. 1. 1. 1. 1. 1. 1. 1. 1.
 1. 0. 0. 1. 0. 1. 0. 1. 1.]",0.4900572969329289,-0.1333333333333333,0.48484848484848486
21,[1. 1. 1. 1. 1. 1. 0. 0. 0. 1. 1. 1. 1. 1. 1. 0. 0. 1. 1. 1.],[0. 1. 1. 0. 1. 1. 1. 1. 1. 1. 1. 1. 1. 0. 1. 1. 1. 1. 1. 1.],0.5625,-0.23076923076923084,0.6
23,"[0. 0. 1. 1. 1. 0. 0. 1. 1. 0. 1. 0. 0. 1. 1. 0. 1. 1. 1. 1. 1. 0. 1. 0.
 0. 1. 0. 0. 0. 1. 0. 1. 1. 1. 1. 1. 0.]","[1. 1. 0. 1. 1. 1. 1. 0. 0. 1. 1. 1. 1. 1. 0. 1. 0. 1. 0. 1. 1. 1. 0. 0.
 1. 1. 1. 0. 1. 0. 1. 1. 0. 1. 0. 0. 1.]",0.3118981050015533,-0.4079147640791476,0.32432432432432434
24,"[1. 0. 1. 0. 0. 0. 0. 0. 1. 0. 1. 0. 0. 0. 0. 0. 0. 0. 1. 0. 1. 1. 1. 1.
 1. 0. 1. 0. 0. 1. 1. 1. 1. 0. 0. 1. 0. 0. 1. 1. 1. 1. 1. 0. 1. 1. 1. 0.
 1. 1. 0. 0. 1. 0. 0. 0.]","[1. 1. 1. 1. 0. 1. 1. 0. 1. 1. 1. 1. 0. 1. 1. 1. 1. 0. 0. 1. 1. 0. 1. 0.
 1. 1. 1. 1. 1. 0. 0. 1. 1. 1. 1. 0. 1. 1. 0. 1. 1. 1. 1. 0. 1. 1. 1. 1.
 1. 1. 0. 1. 1. 1. 1. 1.]",0.423469387755102,-0.051314142678347885,0.4642857142857143
25,"[1. 1. 1. 1. 1. 0. 1. 0. 1. 1. 1. 1. 1. 1. 1. 1. 1. 1. 1. 1. 1. 0. 1. 0.
 1. 1. 0. 1. 1.]","[1. 1. 1. 1. 1. 1. 1. 1. 1. 1. 1. 1. 1. 1. 1. 0. 1. 1. 1. 1. 1. 1. 0. 1.
 1. 1. 1. 0. 0.]",0.6755805770584096,-0.18099547511312197,0.6896551724137931
