participant,study_status,scene_familiarity,recall_status,peak_pupil,pupil_AUC,pupil_slope,pupil_mean,avg_pupil_size,avg_pupil_size_downsample,time_to_peak,fix_cnt,max_fix_cnt,avg_fix_cnt
9,0.0,0.0,,0.11499977111816406,435.41357016563416,-0.0058475432498323095,-1.6796541213989258,-1.6796541213989258,-1.6515851020812988,41,14,41,19.071428571428573
17,1.0,0.0,,0.7006499767303467,1.7784736359373055,-0.0012579878129479543,0.149730571344787,0.149730571344787,0.14754376977058048,100,12,26,14.666666666666666
19,1.0,0.0,,0.7625999450683594,33.99550950527191,0.001263500677823117,-0.13341622058750868,-0.13341622058750868,-0.12064199933762679,352,9,22,16.0
19,1.0,0.0,,0.21889996528625488,29.15090000629425,-0.003390667458017827,-0.4351035062672377,-0.4351035062672377,-0.43075208651745106,213,12,59,19.75
17,1.0,0.0,,0.11914992332458496,27.961653232574463,-0.0010414727022638466,-0.15003032982349396,-0.15003032982349396,-0.13881739974021912,152,8,78,37.75
8,1.0,0.0,,0.33140015602111816,13.102044105529785,0.0008097193439948152,-0.0603083074092865,-0.0603083074092865,-0.05900644138455391,350,19,28,11.631578947368421
14,0.0,0.0,,1.3376498222351074,0.04369997978210449,0.002728638377263768,0.7247209599038132,0.7247209599038132,0.7214223243078716,252,10,59,22.4
23,0.0,0.0,,0.5186500549316406,5.491199254989624,-0.000375991735087129,0.13196511566638947,0.13196511566638947,0.13329783082008362,70,14,26,12.785714285714286
23,0.0,0.0,,0.31599950790405273,0.03704977035522461,0.0006650812126210443,0.19563060998916626,0.19563060998916626,0.1871172934770584,221,2,131,122.5
16,0.0,0.0,,1.0967998504638672,0.1554504632949829,0.001625163218980411,0.5657634885371232,0.5657634885371232,0.5458792083322741,323,12,38,19.666666666666668
19,0.0,0.0,,1.191438564887413,0.5721429261294277,0.0026461016166083842,0.7068700105870137,0.7068700105870137,0.6935570716536884,189,6,75,48.333333333333336
24,0.0,0.0,,0.4804501533508301,0.04979991912841797,0.0006649022697490314,0.2422885149717331,0.2422885149717331,0.2501436471939087,273,17,42,14.529411764705882
21,0.0,0.0,,0.07310009002685547,2.910799980163574,-0.0025646269982154283,-0.5673753979827175,-0.5673753979827175,-0.5712245299620329,5,5,113,64.4
3,0.0,0.0,,0.22030019760131836,31.733136653900146,-0.0008481352410086121,-0.16902201683247456,-0.16902201683247456,-0.14896946368010147,116,14,32,14.571428571428571
6,0.0,0.0,,0.3092000484466553,10.676652550697323,-0.0009318384218220745,-0.11105565063091886,-0.11105565063091886,-0.11150104619651341,163,13,41,18.307692307692307
3,0.0,0.0,,0.05254983901977539,141.34197199344632,0.0011017452631314048,-0.567117289334786,-0.567117289334786,-0.5501787845435959,1,12,42,19.916666666666668
13,0.0,0.0,,0.557999849319458,2.4620513916015625,0.0009008594059620076,0.20369843141037544,0.20369843141037544,0.2111084456535756,21,8,58,29.625
16,0.0,0.0,,1.1006499528884888,0.8172495365142822,0.0017940895222784334,0.5052796992935052,0.5052796992935052,0.49888430389503724,346,11,38,18.90909090909091
25,0.0,0.0,,0.12110018730163574,85.86074429750443,6.95570651466195e-05,-0.34262420433242113,-0.34262420433242113,-0.31549282014835106,31,9,76,21.88888888888889
19,0.0,0.0,,0.5846500396728516,11.053435325622559,0.00035189372744938457,0.0924946516752243,0.0924946516752243,0.08747847378253937,344,19,32,13.105263157894736
3,0.0,0.0,,0.35865020751953125,2.0476821131176415,1.3209888837060428e-05,0.08839087760081145,0.08839087760081145,0.08503776796289053,334,13,30,14.615384615384615
13,0.0,0.0,,0.45729994773864746,0.2572163000498726,-0.0008179923061357189,0.05695037731603414,0.05695037731603414,0.06910969882089431,353,11,38,22.90909090909091
14,0.0,0.0,,0.5303997993469238,38.537309646606445,-0.0026319620684370592,-0.07554069553770605,-0.07554069553770605,-0.07841057512776178,77,11,50,23.818181818181817
18,1.0,0.0,,0.9729499816894531,1.5319979190826416,0.0003359647213706231,0.4069353893023579,0.4069353893023579,0.4191131695457127,167,15,23,11.6
24,0.0,0.0,,0.28474998474121094,49.56252260506153,-0.007681705332061615,-0.6946061961457175,-0.6946061961457175,-0.6957966318095382,170,10,101,28.4
7,0.0,0.0,,0.10445022583007812,284.3461151123047,-0.0031011616271110825,-1.06767737865448,-1.06767737865448,-1.0558695793151855,56,9,79,34.77777777777778
12,1.0,0.0,,0.23720002174377441,55.13650619983673,-0.0015195494190789732,-0.31029619873404835,-0.31029619873404835,-0.3011842448827646,74,17,41,13.058823529411764
4,0.0,0.0,,0.0,161.943621635437,-0.001719173524875018,-1.4981807470321655,-1.4981807470321655,-1.4549436569213867,0,13,21,11.923076923076923
8,1.0,0.0,,0.48600006103515625,16.667995929718018,0.0016015609429810677,-0.03264952450990677,-0.03264952450990677,-0.04095863178372383,343,18,28,11.0
9,1.0,0.0,,0.7469497919082642,2.198400139808655,-0.00026739307246163515,0.32081811635100205,0.32081811635100205,0.3232197595133661,163,9,64,31.22222222222222
15,1.0,0.0,,0.3598501682281494,26.71279725415894,-0.00029536106249771204,-0.07763208361232982,-0.07763208361232982,-0.07901973855020925,53,14,33,16.285714285714285
26,0.0,0.0,,0.41750001907348633,0.12504911422729492,0.00014326990928375863,0.21661922335624695,0.21661922335624695,0.22333277761936188,261,13,53,20.076923076923077
16,1.0,0.0,,0.0,5.5492002964019775,-0.0023236201011118305,-0.5402890091516724,-0.5402890091516724,-0.5525283906988259,0,12,53,21.25
22,0.0,0.0,,0.5778499841690063,0.49730002880096436,0.00010606199091099968,0.22824053637453823,0.22824053637453823,0.20891835724098098,216,12,65,21.916666666666668
26,0.0,0.0,,0.25570011138916016,135.04298400878906,-0.006620162961218137,-0.551593542098999,-0.551593542098999,-0.5454715490341187,93,8,87,33.0
7,0.0,0.0,,0.4259004592895508,192.88262033462524,-0.004319248405290323,-0.6575280427932739,-0.6575280427932739,-0.6536194682121277,86,8,82,39.875
24,1.0,0.0,,0.3128499984741211,7.291145324707031,-0.0001525140548249657,-0.004632992669939995,-0.004632992669939995,-0.0031521425116807222,145,14,45,20.142857142857142
21,1.0,0.0,,0.6411001682281494,0.09994983673095703,-0.0007266659940206238,0.2607820962323528,0.2607820962323528,0.2383124288318073,171,12,44,17.416666666666668
22,0.0,0.0,,0.0,83.87342345714569,-0.0009111928795322767,-0.3194305950186166,-0.3194305950186166,-0.32293747865986244,0,13,37,14.923076923076923
21,1.0,0.0,,0.23539996147155762,72.45576564584458,0.003141092601901303,-0.3277368769258344,-0.3277368769258344,-0.28800428070278017,319,12,44,19.083333333333332
5,0.0,0.0,,0.43975019454956055,12.890344023704529,-0.0011311218634499013,-0.011602929326332584,-0.011602929326332584,-0.017440228358558987,27,17,28,13.470588235294118
21,0.0,0.0,,0.22029995918273926,267.8827266693115,-0.006016960733235902,-1.1101909241422552,-1.1101909241422552,-1.0900371333827144,28,9,54,34.22222222222222
24,0.0,0.0,,0.13849997520446777,0.5728999376296997,-5.9604757122948274e-05,-0.16565119268513528,-0.16565119268513528,-0.18001919581694303,263,12,52,25.0
9,1.0,0.0,,0.5534498691558838,10.007999420166016,0.0009704324850739517,0.10442989213126046,0.10442989213126046,0.10188342177349588,330,12,104,24.083333333333332
22,0.0,0.0,,0.5316498279571533,0.4742499589920044,0.000698796412301959,0.22744978342403552,0.22744978342403552,0.22253828832763853,319,8,70,38.375
21,1.0,0.0,,0.6291999816894531,0.02089977264404297,0.00025987406710872477,0.326345831155777,0.326345831155777,0.31416991353034973,138,16,30,12.4375
24,0.0,0.0,,0.6710000038146973,0.41740015149116516,0.0015291507363965249,0.35406065638325795,0.35406065638325795,0.3587543705235357,354,19,42,13.68421052631579
16,0.0,0.0,,0.13105010986328125,50.799997329711914,0.00014620489373232197,-0.2222701609134674,-0.2222701609134674,-0.2084977924823761,11,14,24,12.857142857142858
14,0.0,0.0,,1.5302999019622803,0.053750038146972656,0.004068590164623984,0.7988490527417479,0.7988490527417479,0.7774639456242344,298,9,59,21.77777777777778
6,0.0,0.0,,0.34200000762939453,152.13610649108887,-0.005817225355044125,-0.548338637799442,-0.548338637799442,-0.5221317594602397,128,12,77,23.083333333333332
23,0.0,0.0,,1.0497499704360962,0.17390012741088867,0.0023782685482993888,0.5071372050865024,0.5071372050865024,0.4934069749920867,337,9,51,25.444444444444443
4,0.0,0.0,,0.03014993667602539,163.06456446647644,-0.002702000137824935,-1.6341296434402466,-1.6341296434402466,-1.5986328125,2,13,21,11.538461538461538
1,1.0,0.0,,0.37700021266937256,5.017899870872498,-0.0003946566566416624,0.12663885458510796,0.12663885458510796,0.07518064877014478,322,12,54,24.916666666666668
13,1.0,0.0,,0.4431372260259199,8.72699417429088,0.0010490859366050237,-0.04408656315309326,-0.04408656315309326,-0.05318303544611706,274,11,36,18.363636363636363
19,0.0,0.0,,0.21075010299682617,33.52114510536194,-0.002085089973886174,-0.20690383530464493,-0.20690383530464493,-0.2027137044910981,11,12,39,16.75
22,0.0,0.0,,0.07530009746551514,36.37639057636261,-0.0009435385422689883,-0.2834190716262625,-0.2834190716262625,-0.27658958975572767,7,7,59,43.285714285714285
24,1.0,0.0,,0.0,199.4327027797699,-0.0011282957901909635,-1.0149370431900024,-1.0149370431900024,-0.9891916513442993,0,13,54,20.153846153846153
22,0.0,0.0,,0.7440999746322632,0.00010001659393310547,0.0009480242136497474,0.3579271580992627,0.3579271580992627,0.35601325897350244,175,10,70,28.7
17,1.0,0.0,,0.28534996509552,2.5309971139786094,0.0009596354293293682,0.056839603168957704,0.056839603168957704,0.049249281454964496,283,14,32,14.142857142857142
14,0.0,0.0,,0.06360006332397461,6.132149934768677,-0.003503072853850491,-0.4302703873450015,-0.4302703873450015,-0.4681526457668392,104,8,63,38.25
15,1.0,0.0,,0.05480003356933594,259.056150496006,-0.0008213868595717864,-1.0257024212377746,-1.0257024212377746,-0.9899788276008937,49,16,36,15.875
21,0.0,0.0,,0.8971002101898193,1.25124990940094,-0.0017658314813143567,0.1937531019125332,0.1937531019125332,0.18081158082842247,199,7,84,37.285714285714285
6,0.0,0.0,,0.19755005836486816,5.279249906539917,-0.0020813621954403963,-0.27788596994736614,-0.27788596994736614,-0.3350460376978235,19,16,39,15.25
24,0.0,0.0,,0.5051999092102051,0.31565117835998535,0.001010923679881008,0.2528802752494812,0.2528802752494812,0.25800207257270813,296,17,42,14.470588235294118
4,0.0,0.0,,0.7594501972198486,2.664149761199951,0.002082299551347413,0.2935945391654968,0.2935945391654968,0.28979557752609253,324,13,19,10.692307692307692
23,0.0,0.0,,0.12214994430541992,31.777240753173828,-0.0009828442464440614,-0.22753101403639764,-0.22753101403639764,-0.21801201755670596,69,9,49,22.666666666666668
7,0.0,0.0,,0.5864496231079102,0.0,0.0007221814604313708,0.3334968090057373,0.3334968090057373,0.338182270526886,234,12,45,23.583333333333332
6,0.0,0.0,,0.05349993705749512,294.3077914714814,0.0008437320750541567,-1.0851463426728876,-1.0851463426728876,-1.0601971067866691,14,15,28,17.133333333333333
18,1.0,0.0,,0.5397498607635498,26.745853185653687,0.0022255400168201107,-0.0932249548722382,-0.0932249548722382,-0.10207395449928615,302,16,26,11.5
25,0.0,0.0,,0.2742500305175781,6.446800112724304,0.0006850956261670564,0.021901527372728876,0.021901527372728876,0.013081246608429431,348,12,45,25.916666666666668
23,0.0,0.0,,0.5791001319885254,0.0,0.0003409300287471553,0.33299577904014693,0.33299577904014693,0.3323439955711364,188,9,42,20.444444444444443
24,1.0,0.0,,0.20020008087158203,33.78868508338928,-0.0013814428059259157,-0.1802169382572174,-0.1802169382572174,-0.17864985764026642,31,14,45,18.928571428571427
26,0.0,0.0,,0.1072998046875,41.90756154060364,0.0010433271185963896,-0.15415382385253906,-0.15415382385253906,-0.14250440895557404,354,14,67,17.928571428571427
24,1.0,0.0,,0.07925009727478027,25.200200080871582,0.0001626748500419018,-0.10563585162162781,-0.10563585162162781,-0.1144760400056839,240,14,65,21.071428571428573
14,0.0,0.0,,0.061949968338012695,7.172450065612793,-0.004435936868827363,-1.3191818629994112,-1.3191818629994112,-1.3425578411239192,1,14,65,16.857142857142858
22,0.0,0.0,,0.6897498369216919,1.4374032020568848,0.0016622028784614063,0.2726346434665327,0.2726346434665327,0.2638808522284616,261,14,51,18.071428571428573
4,0.0,0.0,,0.7822999954223633,0.7239494323730469,0.0008901744492113577,0.33030983805656433,0.33030983805656433,0.34196528792381287,164,12,42,13.166666666666666
23,0.0,0.0,,0.25084972381591797,29.93056046962738,-0.0009996138484669904,-0.11221398325527415,-0.11221398325527415,-0.1063605613117412,164,15,35,13.6
6,0.0,0.0,,0.3366999626159668,25.133144539316923,0.0010913062092145905,-0.060195510460882964,-0.060195510460882964,-0.056500560178068614,311,15,39,15.933333333333334
24,1.0,0.0,,0.1649000644683838,7.444700241088867,-0.0048714982831640444,-0.3956250125954465,-0.3956250125954465,-0.382675724699967,259,9,74,28.444444444444443
19,1.0,0.0,,2.1005001068115234,0.3280501365661621,0.004796850172339055,1.0345568656921387,1.0345568656921387,1.0107825994491577,274,12,26,13.166666666666666
14,0.0,0.0,,0.2760000228881836,6.970744479087092,-0.00020802110062050785,-0.02271315029689244,-0.02271315029689244,-0.013137236592881067,92,8,63,37.125
1,1.0,0.0,,0.46199989318847656,74.15510249137878,-0.005296694059181027,-0.4248507967850073,-0.4248507967850073,-0.4173444502101922,146,12,83,19.25
9,1.0,0.0,,0.09360027313232422,218.27653968334198,-0.005450839926784691,-1.653955438557793,-1.653955438557793,-1.6377487548308207,22,17,30,13.529411764705882
7,1.0,0.0,,0.3993499279022217,2.4458065032958984,0.0009151897345812148,0.11202845954093611,0.11202845954093611,0.10606003370988122,187,6,106,49.666666666666664
12,1.0,0.0,,0.7441999912261963,0.03530001640319824,-0.0006627676742441054,0.3041093361143972,0.3041093361143972,0.2847494748072991,10,17,34,15.294117647058824
25,0.0,0.0,,0.4993002414703369,53.59233711091683,0.0021136859084931125,-0.17081154828645936,-0.17081154828645936,-0.16979254215019332,340,11,38,14.181818181818182
17,1.0,0.0,,0.10290002822875977,18.063498497009277,-0.0006549838411636722,-0.22252699732780457,-0.22252699732780457,-0.2224738895893097,3,9,47,23.666666666666668
14,0.0,0.0,,0.3795497417449951,5.536500334739685,-0.004929000487720338,-0.2723740746661061,-0.2723740746661061,-0.2935322722253865,248,4,204,76.75
22,0.0,0.0,,0.26314245462417585,15.630456328392029,0.0005575768976862405,-0.08509410095481981,-0.08509410095481981,-0.08105918220851734,350,5,163,66.4
14,0.0,0.0,,1.258950114250183,0.07699978351593018,0.002274657496922673,0.636006565654979,0.636006565654979,0.6132821073174005,199,13,28,17.846153846153847
7,1.0,0.0,,0.18975019454956055,9.237358093261719,-0.0007167970909216096,0.0193349476903677,0.0193349476903677,0.014978118240833282,151,5,96,45.8
8,1.0,0.0,,0.07185006141662598,365.9886990785599,-0.006944809354890689,-1.6924686799196302,-1.6924686799196302,-1.6756086413512754,8,11,51,18.727272727272727
26,0.0,0.0,,0.3158998489379883,2.7818500995635986,-0.0014208729424829924,0.019872605800628662,0.019872605800628662,0.00865649152547121,210,5,207,67.4
21,1.0,0.0,,0.9664502143859863,3.323799729347229,-0.0016345700021368704,0.2702018353117614,0.2702018353117614,0.24376689961697134,91,13,35,18.23076923076923
5,0.0,0.0,,0.24975013732910156,6.1179046630859375,-0.0004137474814991925,-0.12829335033893585,-0.12829335033893585,-0.11194805800914764,147,20,28,12.7
5,0.0,0.0,,0.47514986991882324,22.92655110359192,-0.004147766396977111,-0.0876246286707432,-0.0876246286707432,-0.10132186813453119,250,7,186,45.0
23,0.0,0.0,,0.7518997192382812,0.015700101852416992,0.0014804821590913271,0.38200637698173523,0.38200637698173523,0.3904130458831787,345,13,65,16.692307692307693
14,0.0,0.0,,0.5436501502990723,1.4318952560424805,0.0010926076221840484,0.1664263904094696,0.1664263904094696,0.17009148001670837,344,8,70,39.375
25,0.0,0.0,,0.310749888420105,5.2292503118515015,-0.0005832971003866955,0.021652009306835526,0.021652009306835526,0.01713044287843341,289,14,34,14.785714285714286
5,0.0,0.0,,0.7691317146474663,31.660242915153503,0.00015160954959533444,-0.01970271570008008,-0.01970271570008008,-0.019655182621584916,98,17,43,14.0
6,0.0,0.0,,0.4113500118255615,14.287107873988406,0.0010790809655933664,0.013233530755136527,0.013233530755136527,2.9242222637540627e-07,301,15,39,16.2
23,0.0,0.0,,0.6139001846313477,3.1289987564086914,0.0011185484833898139,0.18864387273788452,0.18864387273788452,0.17978046834468842,356,12,51,19.5
21,1.0,0.0,,0.0,59.22084867954254,-7.631663448866312e-06,-0.4777878219006108,-0.4777878219006108,-0.4496308316848786,0,16,29,11.375
24,0.0,0.0,,0.23961243459156556,14.997060894966125,7.500129290585516e-05,-0.0357694645889667,-0.0357694645889667,-0.04184097017560687,162,17,26,12.823529411764707
18,1.0,0.0,,0.505814279828753,0.7770167456732855,0.0008583243680577926,-0.016057627541678294,-0.016057627541678294,-0.04870912191656768,290,8,44,17.5
25,0.0,0.0,,0.426831624724648,9.348596481715932,0.00012382557289034358,-0.012487619864840467,-0.012487619864840467,-0.006207348756583966,115,7,57,18.714285714285715
14,0.0,0.0,,0.5869002342224121,0.0005998611450195312,0.0010246077501770358,0.2639312446117401,0.2639312446117401,0.2510286271572113,302,7,70,39.57142857142857
1,1.0,0.0,,0.07025003433227539,5.899049997329712,-0.006900773787799562,-0.6453158301131732,-0.6453158301131732,-0.6474267166865445,224,9,46,20.0
21,0.0,0.0,,0.09650015830993652,331.6100437641144,-0.005262170086578063,-1.3512949252328952,-1.3512949252328952,-1.331437405180816,4,8,54,35.625
22,0.0,0.0,,0.5094497203826904,0.6148003339767456,0.00033690692317783994,0.19303832969077828,0.19303832969077828,0.1812415832540614,311,8,67,37.375
15,0.0,0.0,,0.09675002098083496,236.23606395721438,-0.006274135938015628,-1.6156905755943276,-1.6156905755943276,-1.5703684778244933,55,11,31,15.181818181818182
26,0.0,0.0,,0.06185007095336914,11.015095472335815,-0.00021918619809252582,-0.2138320952653885,-0.2138320952653885,-0.20582814514636993,134,14,27,12.857142857142858
2,1.0,0.0,,0.26085007190704346,15.127793550491333,8.017240357948518e-05,-0.027044179392795936,-0.027044179392795936,-0.0330266439396402,312,8,68,38.25
17,1.0,0.0,,0.4780999422073364,17.13885697405389,-0.0012079914399978186,-0.06966175902791384,-0.06966175902791384,-0.061031855633396956,56,13,26,14.615384615384615
2,0.0,0.0,,0.20595014095306396,0.44994938373565674,0.00024768784021177035,0.1023883307013525,0.1023883307013525,0.0944487877803841,32,10,38,20.2
25,0.0,0.0,,0.5660500526428223,2.982256054878235,-0.0002931345463014209,0.09606396584283738,0.09606396584283738,0.09447717538061841,100,8,76,21.5
21,1.0,0.0,,0.6279499530792236,0.3871500492095947,-0.0012753979286605622,0.2441238983004701,0.2441238983004701,0.2358788250216472,149,13,44,16.384615384615383
25,0.0,0.0,,0.28560006618499756,14.768749594688416,-0.004186620196788595,-0.2672190282191215,-0.2672190282191215,-0.2660396137661833,247,10,45,24.1
15,0.0,0.0,,0.3349497318267822,5.888650178909302,-0.012054345810621205,-1.2883430338707291,-1.2883430338707291,-1.2922805240771633,112,12,31,17.916666666666668
15,1.0,0.0,,0.4978001117706299,9.626400589942932,0.00021072845095420972,0.05322268396532502,0.05322268396532502,0.045752906794539444,229,16,30,13.4375
14,0.0,0.0,,0.21880006790161133,5.503697872161865,-0.0004410673496574573,-0.08910323679447174,-0.08910323679447174,-0.10055423527956009,250,8,94,39.875
17,1.0,0.0,,0.0,52.51021799128107,0.0008784319005154089,-0.29066629252847836,-0.29066629252847836,-0.2878589996546896,0,15,32,14.466666666666667
24,0.0,0.0,,0.06515002250671387,2.7440000772476196,-0.0011705192997254535,-0.21426680892789396,-0.21426680892789396,-0.22861939881734805,335,13,52,21.923076923076923
24,1.0,0.0,,0.33970022201538086,12.129034280776978,0.0009015968182306716,0.017310481518507004,0.017310481518507004,0.018784865736961365,352,10,65,31.0
3,1.0,0.0,,0.6203000545501709,1.7966219272291601,0.0006243922476502283,0.2666892444386202,0.2666892444386202,0.2505498401810701,356,5,125,52.0
12,1.0,0.0,,0.2909499406814575,46.01416492462158,-0.0015793694452995214,-0.24788759552798018,-0.24788759552798018,-0.20365138217358286,81,17,41,12.764705882352942
14,0.0,0.0,,0.6503000259399414,0.006899833679199219,0.001105080525044353,0.2887265384197235,0.2887265384197235,0.2759000360965729,333,8,70,38.375
7,1.0,0.0,,0.4747500419616699,49.02669274806976,-0.002473537824404606,-0.1489298784432291,-0.1489298784432291,-0.1511768058421256,207,10,82,32.7
15,0.0,0.0,,0.15034985542297363,153.8867303133011,-0.008201465882193332,-1.3449714123701848,-1.3449714123701848,-1.3163686749268466,95,11,31,18.09090909090909
24,0.0,0.0,,0.4106498956680298,4.825600266456604,-0.0006052170691285493,0.03780825148109628,0.03780825148109628,0.034616768648083086,210,10,52,29.2
25,0.0,0.0,,0.2554500102996826,146.91780161857605,-0.006791707223230921,-0.6591157228672871,-0.6591157228672871,-0.6698531792306079,164,12,45,19.5
1,1.0,0.0,,0.1688997745513916,175.70975196361542,-0.000543080422560878,-0.8350931506196991,-0.8350931506196991,-0.8071139189081069,4,18,34,15.222222222222221
18,1.0,0.0,,0.013249874114990234,403.52074933052063,-0.00293732840780835,-1.4719311256034702,-1.4719311256034702,-1.422692853471507,14,13,33,13.23076923076923
26,0.0,0.0,,0.4832496643066406,0.3876004219055176,0.0004183647403760736,0.27332761883735657,0.27332761883735657,0.26314109563827515,242,3,280,112.33333333333333
7,1.0,0.0,,0.13700008392333984,6.477409821654123,0.0004180838438980717,0.01709711952369754,0.01709711952369754,0.02310202978439984,356,4,87,42.75
23,0.0,0.0,,0.7992498874664307,8.32004976272583,0.002740763289066303,0.17194732564504073,0.17194732564504073,0.1764878391375797,355,11,51,25.272727272727273
23,0.0,0.0,,0.07259941101074219,69.3385055065155,-0.006705943410528876,-0.5358904004096985,-0.5358904004096985,-0.5422828197479248,79,2,144,127.5
6,0.0,0.0,,0.33229994773864746,15.150762347614066,-0.00015357619758520267,-0.2046484713460885,-0.2046484713460885,-0.21366778237130638,2,13,40,15.0
3,0.0,0.0,,0.22970008850097656,8.017000635464985,-0.00017453713246097968,-0.03468907280128543,-0.03468907280128543,-0.029760889385057533,308,13,30,13.461538461538462
24,0.0,0.0,,0.25624990463256836,12.931953430175781,0.0011254619605488702,0.01706734113395214,0.01706734113395214,0.019295619800686836,297,8,63,27.625
22,0.0,0.0,,0.3975999355316162,5.231099963188171,-0.0012803077515713135,0.004603389598408333,0.004603389598408333,-0.0030373584003636042,280,10,67,31.4
15,0.0,0.0,,0.5015497207641602,0.7692000865936279,0.0001699418193694658,0.1881725484249638,0.1881725484249638,0.17099738534989495,331,14,34,20.214285714285715
25,0.0,0.0,,1.1864502429962158,0.0,0.0003692475973423848,0.656284385869483,0.656284385869483,0.6352557614765901,160,7,20,13.142857142857142
25,0.0,0.0,,0.14979982376098633,275.0056132674217,-0.004788415382711495,-1.087483472349931,-1.087483472349931,-1.0742966861867485,76,11,45,17.363636363636363
13,1.0,0.0,,0.20381833325507692,2.8784499168395996,-0.0085813731928015,-1.2587957609267462,-1.2587957609267462,-1.2537007905414363,21,4,157,57.0
5,0.0,0.0,,0.2440500259399414,69.65151166915894,-0.002505973081363143,-0.27863553166389465,-0.27863553166389465,-0.25380876660346985,162,9,129,34.111111111111114
9,1.0,0.0,,0.786849856376648,1.3298001289367676,0.0005105905384364585,0.3235052957588217,0.3235052957588217,0.3222485123291714,199,9,104,30.0
1,1.0,0.0,,0.10599994659423828,11.46358585357666,-8.229753027085666e-05,-0.09643444627606902,-0.09643444627606902,-0.09180163446743218,122,14,49,20.071428571428573
24,0.0,0.0,,0.14524996280670166,0.5947998762130737,-0.00018524564296617572,-0.18828845975779684,-0.18828845975779684,-0.18673534727326915,242,11,52,26.727272727272727
22,0.0,0.0,,0.5606998205184937,4.655750870704651,-0.0009556344939523302,0.17818883220020795,0.17818883220020795,0.15920897102750853,186,13,65,20.23076923076923
6,0.0,0.0,,0.7139094042778016,64.26185822486877,0.0030543126579725337,-0.12336372494363647,-0.12336372494363647,-0.1113992655795553,296,16,28,14.875
3,0.0,0.0,,0.4099001884460449,3.7946305871009818,0.00020250161247429421,0.12738656797328918,0.12738656797328918,0.12936469679293425,161,17,48,17.58823529411765
7,1.0,0.0,,0.31420016288757324,6.064849853515625,-0.002937776880132213,-0.16357436534069494,-0.16357436534069494,-0.22494917454926858,245,15,66,19.466666666666665
25,0.0,0.0,,0.36083163998343704,9.116498210850885,0.00024790724781296417,-0.06470833105199478,-0.06470833105199478,-0.07327694102958922,139,7,57,22.142857142857142
4,0.0,0.0,,0.978449821472168,0.2334001064300537,0.0018805237592947539,0.4657232463359833,0.4657232463359833,0.46946507692337036,214,13,42,13.384615384615385
6,0.0,0.0,,0.5319499969482422,4.8866612911224365,0.00046660009011400834,0.11354168055772114,0.11354168055772114,0.10349469258209042,254,12,39,17.5
15,1.0,0.0,,0.303149938583374,6.568942856043577,2.248796191537724e-05,0.07743012070321904,0.07743012070321904,0.07688285263394339,160,12,49,24.833333333333332
4,0.0,0.0,,0.5570497512817383,15.324270725250244,-4.1928959741817644e-05,0.10903061181306839,0.10903061181306839,0.0814802348613739,183,11,42,11.0
5,0.0,0.0,,0.0,204.46554899215698,-0.0007078727210931581,-0.8465915871601478,-0.8465915871601478,-0.8169524282445688,0,16,43,18.0
24,0.0,0.0,,0.20849990844726562,196.9324211627245,-0.0077226828048216605,-1.1553915663927543,-1.1553915663927543,-1.1452978041446225,91,16,50,17.5625
19,0.0,0.0,,0.1632997989654541,156.48946046829224,-0.0050515788272194675,-0.7121636627101097,-0.7121636627101097,-0.693877433163935,125,9,63,22.666666666666668
24,1.0,0.0,,0.3296501636505127,1.1043000221252441,-0.00031830380470647006,0.05332564439426283,0.05332564439426283,0.047558580933823376,315,8,74,30.625
26,0.0,0.0,,0.43505001068115234,7.750703811645508,0.00015722414456039138,0.028209494426846504,0.028209494426846504,0.0371130034327507,350,14,24,15.214285714285714
26,0.0,0.0,,0.3488001823425293,2.831899881362915,-0.0026494651355879538,-0.004312642148228921,-0.004312642148228921,-0.013645567034562111,91,8,99,39.125
6,0.0,0.0,,1.3390094208717347,2.7430508136749268,0.0023575097696695592,0.5674652829557574,0.5674652829557574,0.5725990879017374,240,16,28,13.8125
26,0.0,0.0,,0.20980000495910645,8.688650846481323,-0.0010284689792753215,0.014435127836649492,0.014435127836649492,0.01966300896729495,5,14,36,16.5
22,0.0,0.0,,0.5957000255584717,4.837397933006287,0.0010381418943027486,0.16241250084895714,0.16241250084895714,0.15751971230200446,212,9,107,30.0
21,0.0,0.0,,0.7216998338699341,0.03967657100456368,0.0005271425431734983,0.3219680869612707,0.3219680869612707,0.31806907061764916,352,12,52,22.666666666666668
7,0.0,0.0,,0.0932002067565918,259.8710160255432,-0.004140501224403495,-1.0071004629135132,-1.0071004629135132,-0.9739738702774048,80,8,79,39.5
24,1.0,0.0,,0.229600191116333,1.6851000785827637,-0.0013902043799931584,-0.10131900651114327,-0.10131900651114327,-0.10883360194459864,300,8,74,33.125
3,1.0,0.0,,0.38934993743896484,1.7745997905731201,-0.00022427970952206323,0.16782770904840208,0.16782770904840208,0.15314095387816898,303,8,86,36.375
23,0.0,0.0,,0.5749502182006836,11.750335454940796,0.0016039043820735893,0.08289219439029694,0.08289219439029694,0.08378709852695465,343,12,51,19.0
8,1.0,0.0,,0.2895500659942627,15.92729926109314,0.0007697231315664639,-0.1029372438788414,-0.1029372438788414,-0.08979564160108566,352,18,28,12.11111111111111
9,1.0,0.0,,0.47479987144470215,14.440149068832397,0.0009580833275567988,0.025725273191094064,0.025725273191094064,0.03179619104965874,328,12,104,23.916666666666668
14,0.0,0.0,,0.5981500148773193,0.0,0.0010641264018115344,0.25696322321891785,0.25696322321891785,0.24251970648765564,318,8,70,36.5
14,0.0,0.0,,0.3088498115539551,56.81560218334198,-0.007193283491218765,-0.6080849280878275,-0.6080849280878275,-0.599425684941988,194,5,150,61.2
9,1.0,0.0,,0.2802999019622803,13.268645286560059,-0.0007625575137898384,-0.047854494313899876,-0.047854494313899876,-0.04697278789851977,165,16,45,17.5625
24,0.0,0.0,,0.0,159.1525309830904,0.0010068479480641965,-0.6981277584361762,-0.6981277584361762,-0.6908706718164942,0,17,30,12.647058823529411
23,0.0,0.0,,0.7100000381469727,0.10869979858398438,0.0017095179083950996,0.30063125491142273,0.30063125491142273,0.2871653437614441,252,12,137,23.0
8,1.0,0.0,,0.5211001634597778,2.120349884033203,0.00042918173890732166,0.06483969167500984,0.06483969167500984,0.0428491082991132,237,12,65,21.333333333333332
10,1.0,0.0,,0.38955020904541016,34.43153476715088,0.0019143361166614485,-0.05185240924525328,-0.05185240924525328,-0.04208312592397813,230,18,50,13.61111111111111
11,0.0,0.0,,1.1689333319664001,14.613643501486099,-0.0009788883530264427,-0.06872580782705996,-0.06872580782705996,-0.0423752834135903,114,14,31,12.928571428571429
19,0.0,0.0,,0.4899001121520996,5.638374275631374,0.0009227538942725431,0.08635798188484684,0.08635798188484684,0.09272717565729996,315,22,34,11.818181818181818
4,0.0,0.0,,0.41589999198913574,26.174644947052002,0.00022756364330485482,-0.017383286729454994,-0.017383286729454994,-0.01707601547241211,200,11,42,11.0
2,0.0,0.0,,0.32290005683898926,1.3612998723983765,-0.0014940260479738038,-0.13104441085783372,-0.13104441085783372,-0.12036717200185995,96,15,31,12.466666666666667
9,0.0,0.0,,0.4468998908996582,3.3501577440061063,0.0014172854115387975,0.17528501678915584,0.17528501678915584,0.17308505582109823,172,6,109,43.0
2,0.0,0.0,,0.32099997997283936,15.406051635742188,-0.0012903535210513576,-0.100625300941681,-0.100625300941681,-0.09589115695238166,112,15,26,10.866666666666667
12,0.0,0.0,,0.0,109.16424632072449,0.0005944031375336628,-0.6405108571052551,-0.6405108571052551,-0.6192589998245239,0,15,66,19.866666666666667
22,0.0,0.0,,0.4075498580932617,35.037889957427986,-0.0016332848662010408,-0.07453649050715257,-0.07453649050715257,-0.07388762402649662,30,16,38,18.0
8,1.0,0.0,,0.6070001125335693,16.542749643325806,-0.007272029032554672,-0.24157787270906592,-0.24157787270906592,-0.2517630523427978,158,9,69,31.77777777777778
23,0.0,0.0,,0.31584930419921875,0.03730010986328125,0.000656414464000702,0.1960623413324356,0.1960623413324356,0.18430842459201813,220,2,131,122.0
15,0.0,0.0,,0.6171000003814697,4.292099952697754,0.0008747654639304373,-0.12296444928946615,-0.12296444928946615,-0.15305188419543467,347,14,33,17.714285714285715
24,0.0,0.0,,0.5001497268676758,1.8736501932144165,-0.0025795831698301975,-0.05181024288262974,-0.05181024288262974,-0.06980873850279717,259,7,101,39.0
22,0.0,0.0,,0.7165999412536621,0.12724995613098145,0.0017779119662184296,0.34498251219089626,0.34498251219089626,0.34515581244514104,301,13,65,23.384615384615383
12,0.0,0.0,,0.4954500198364258,8.059832572937012,-0.0009443238187473697,0.16832397878170013,0.16832397878170013,0.1531631201505661,136,17,33,14.647058823529411
12,0.0,0.0,,0.38520002365112305,3.745453119277954,-0.0004186186119844453,0.1111440435051918,0.1111440435051918,0.10652599483728409,256,18,39,17.88888888888889
18,1.0,0.0,,0.37674999237060547,15.761598110198975,-0.005313737452380146,-0.3841370642185211,-0.3841370642185211,-0.39212799072265625,213,10,104,27.8
18,1.0,0.0,,0.5178003311157227,33.19017314910889,-0.000840157309244875,-0.1486189365386963,-0.1486189365386963,-0.12743453681468964,128,14,31,14.285714285714286
3,1.0,0.0,,0.5100500583648682,1.3545802661350796,0.0012232683206589664,0.24564229373504468,0.24564229373504468,0.25260443500622687,309,6,125,53.166666666666664
23,0.0,0.0,,0.47389984130859375,8.175013780593872,-0.00037174184165673837,0.08871391415596008,0.08871391415596008,0.08900853991508484,68,14,33,13.071428571428571
16,0.0,0.0,,0.4765000343322754,7.353399038314819,-5.583034723037348e-06,-0.12511630356311798,-0.12511630356311798,-0.14711514115333557,257,10,38,17.6
18,1.0,0.0,,0.5929994583129883,5.0128562450408936,-0.0004858486396029419,0.16165359318256378,0.16165359318256378,0.1520976573228836,85,12,23,12.583333333333334
14,0.0,0.0,,0.6839499473571777,0.0009999275207519531,0.0013742257622914307,0.35081380422041863,0.35081380422041863,0.35014400111183147,355,2,312,171.0
26,0.0,0.0,,0.6788003444671631,1.0656991004943848,0.0013620109701056842,0.29022473096847534,0.29022473096847534,0.28755661845207214,187,16,33,13.125
19,0.0,0.0,,0.24939990043640137,48.2864894239526,1.2672063576615038e-05,-0.15343118916038706,-0.15343118916038706,-0.1634742269799693,143,15,33,11.666666666666666
6,0.0,0.0,,0.22604990005493164,41.47589874267578,-0.003352641557975197,-0.32034574570108193,-0.32034574570108193,-0.31836364440470716,199,9,62,27.88888888888889
7,0.0,0.0,,0.14219999313354492,3.6351194381713867,0.0002884256670218476,-0.024114517495036125,-0.024114517495036125,-0.030078431591391563,319,9,56,36.77777777777778
25,0.0,0.0,,0.5696002244949341,46.74682442507871,0.0026167894963156175,-0.08783369471712943,-0.08783369471712943,-0.07380177247937512,288,12,38,12.75
24,0.0,0.0,,0.4079000949859619,1.143094778060913,0.001266768511624486,0.19186905026435852,0.19186905026435852,0.1921044886112213,264,8,114,40.25
23,0.0,0.0,,0.47765016555786133,1.248497724533081,-0.0005805501055133846,0.1368226908168205,0.1368226908168205,0.13064816563932186,104,10,81,23.9
26,0.0,0.0,,0.0,68.79804062843323,-0.0008545862153630824,-0.8833584189414978,-0.8833584189414978,-0.8656889796257019,0,9,32,16.666666666666668
9,0.0,0.0,,0.4262998104095459,3.535558468417117,0.0005458188852869558,0.02040945014365915,0.02040945014365915,0.03298871946264235,335,10,78,24.7
19,0.0,0.0,,0.46755003929138184,3.0943472385406494,-0.000154154024046832,0.08729430473819166,0.08729430473819166,0.058688828819676464,77,19,33,11.526315789473685
17,1.0,0.0,,0.30070018768310547,2.539046287536621,-7.361222818497878e-06,0.10128467530012131,0.10128467530012131,0.0903109535574913,310,12,68,22.416666666666668
23,0.0,0.0,,0.49935007095336914,0.8769996166229248,-0.0004762688448652627,0.15804290470956756,0.15804290470956756,0.1507059895188872,112,10,88,24.6
12,1.0,0.0,,0.6716501712799072,103.19275140762329,-0.004227063187828018,-0.372832512655178,-0.372832512655178,-0.38098913377059235,137,15,51,19.133333333333333
2,1.0,0.0,,0.6185498237609863,0.12910032272338867,0.00018183405676003108,0.18948417901992798,0.18948417901992798,0.16871070861816406,269,8,85,37.25
6,0.0,0.0,,0.9772500991821289,0.6218799891537183,0.002726488200777022,0.2690399908551983,0.2690399908551983,0.27037591707319103,316,10,75,21.1
18,1.0,0.0,,0.0,23.403954625129696,-0.00020437349047838836,-0.26968298773137794,-0.26968298773137794,-0.2680870398231175,0,6,93,41.333333333333336
18,1.0,0.0,,1.7088501453399658,0.46059882640838623,0.0035491340698443835,0.5757054424419457,0.5757054424419457,0.5523696619531383,343,14,26,14.642857142857142
23,0.0,0.0,,0.03859996795654297,188.96394777297974,-0.004585158507691817,-1.1338133073988415,-1.1338133073988415,-1.1200777273404268,11,5,111,37.6
19,0.0,0.0,,0.47804999351501465,2.485800266265869,-7.608281084082608e-05,0.09518823503446178,0.09518823503446178,0.10835467050495627,86,19,33,11.263157894736842
23,0.0,0.0,,0.9536999464035034,1.9662308476187964,0.0015770011349415366,0.2704749087325665,0.2704749087325665,0.2823901119910681,179,9,42,15.444444444444445
22,0.0,0.0,,0.9065001010894775,0.1440836787223816,0.002429533838411061,0.4464239583295934,0.4464239583295934,0.4318821430206299,353,15,45,20.066666666666666
15,0.0,0.0,,0.6475000381469727,27.464248061180115,-0.002440872992872995,-0.10297693074250422,-0.10297693074250422,-0.09739027266224358,181,16,43,17.1875
23,0.0,0.0,,0.35685014724731445,4.479700088500977,-0.0011262265844230585,-0.07134419679641724,-0.07134419679641724,-0.08832184970378876,299,5,189,64.2
19,1.0,0.0,,0.0,256.6948080062866,-0.0003925144287655815,-1.207627534866333,-1.207627534866333,-1.1713000535964966,0,8,26,15.375
13,0.0,0.0,,0.4873502254486084,0.9008205076364364,0.0008772296340402657,0.10723253592055719,0.10723253592055719,0.10913552672226241,298,6,100,52.666666666666664
17,1.0,0.0,,0.5000498294830322,0.2733498811721802,0.0008254603937205034,0.24907847746413628,0.24907847746413628,0.22479415486976143,315,8,49,33.625
14,0.0,0.0,,0.35250020027160645,62.13553714752197,-0.0009445580529249176,-0.24373514612181849,-0.24373514612181849,-0.22551420485257606,26,16,29,15.5
15,0.0,0.0,,0.19589996337890625,2.1819499731063843,-0.007305848049951658,-0.749923763488855,-0.749923763488855,-0.7491718972634018,193,13,34,18.923076923076923
23,0.0,0.0,,0.463900089263916,0.04034996032714844,0.0008080092743615239,0.18460313975811005,0.18460313975811005,0.18110650777816772,351,5,76,35.8
8,1.0,0.0,,0.7918500900268555,0.07779979705810547,-0.00019180241960077866,0.3464538024253204,0.3464538024253204,0.32786842520504306,195,15,18,10.933333333333334
25,0.0,0.0,,0.23909997940063477,62.31628680229188,-0.0026999193101213967,-0.2443732968231543,-0.2443732968231543,-0.22624640506462865,46,13,31,12.846153846153847
2,1.0,0.0,,0.14160001277923584,14.185699224472046,-0.00013330166892490524,-0.09470790674706467,-0.09470790674706467,-0.09109535813331604,44,17,60,14.176470588235293
19,1.0,0.0,,1.4682499170303345,1.8900513648986816,0.004292600402508123,0.7608029456699595,0.7608029456699595,0.7339435495945238,249,8,27,15.75
18,1.0,0.0,,1.256699800491333,2.4298501014709473,0.0020463674018909427,0.43245829587557066,0.43245829587557066,0.3977451084832698,312,15,26,15.2
2,0.0,0.0,,0.21125006675720215,4.154548764228821,0.00015912382248554118,-0.01919514992657829,-0.01919514992657829,-0.02339681723036142,259,11,38,24.272727272727273
22,0.0,0.0,,0.09745001792907715,15.075074970722198,-0.0011457604860448743,-0.16371741632119613,-0.16371741632119613,-0.15177074848874622,49,15,60,18.933333333333334
7,1.0,0.0,,0.26725006103515625,0.053099870681762695,1.2415016368108224e-05,0.14802187864853888,0.14802187864853888,0.13761786852810937,311,3,160,98.33333333333333
25,0.0,0.0,,0.3226501941680908,7.440199017524719,-0.0010007980227461155,-0.03303542858412286,-0.03303542858412286,-0.05818453440169594,299,12,45,23.083333333333332
9,0.0,0.0,,0.2998000383377075,43.72890961170196,0.0013211143280439984,-0.1558136415748703,-0.1558136415748703,-0.16537131316419962,311,14,37,18.571428571428573
13,1.0,0.0,,0.5635371779607343,2.3957089719621205,0.0010607848251169508,0.12201983521298536,0.12201983521298536,0.1335223722035511,228,10,36,19.7
22,0.0,0.0,,0.4741499423980713,2.3207967281341553,0.0011436364718510883,0.0898331757687053,0.0898331757687053,0.09139620065689084,298,10,94,33.4
17,1.0,0.0,,0.49054980278015137,0.1814502477645874,0.001376077655310405,0.22696766866689302,0.22696766866689302,0.22680579032299025,349,8,75,37.875
24,1.0,0.0,,0.20595002174377441,6.783990383148193,2.7947104761349506e-05,0.017806241288781166,0.017806241288781166,0.013652252033352852,356,13,54,19.53846153846154
24,0.0,0.0,,0.5416499376296997,7.7184977531433105,-0.0014236196371724325,0.15008000315738326,0.15008000315738326,0.13823384564855826,163,10,63,30.5
13,1.0,0.0,,0.25986793911421735,2.2745288415903158,0.0010049842122397405,0.10063803296129245,0.10063803296129245,0.10139741391278036,330,5,157,61.0
7,0.0,0.0,,0.36619997024536133,0.21265077590942383,0.00039915226029061215,0.16978128254413605,0.16978128254413605,0.1565542370080948,285,10,56,30.2
12,0.0,0.0,,0.3062499761581421,10.4249027967453,-0.0007574750750610038,-0.02014212848759499,-0.02014212848759499,-0.0050443088829756995,61,15,32,14.6
14,0.0,0.0,,0.8883500099182129,5.145050048828125,-0.0011816571013469994,0.3622561806724185,0.3622561806724185,0.2945225331466031,98,10,125,31.6
22,0.0,0.0,,0.3241499662399292,12.889419555664062,-0.0004736372854201426,-0.030960521444219166,-0.030960521444219166,-0.04107027082797736,87,18,38,16.666666666666668
13,1.0,0.0,,0.7016997337341309,0.8906539678573608,0.0010075033299313148,0.20774264729657427,0.20774264729657427,0.18442359177962594,217,8,142,30.875
18,1.0,0.0,,0.4436749219894409,30.22187352180481,-0.00030793991405154064,-0.0687297328847463,-0.0687297328847463,-0.06897582178530486,18,8,44,23.625
17,1.0,0.0,,0.0,159.84087133407593,-0.005051162879964195,-1.3033530712127686,-1.3033530712127686,-1.2870997190475464,0,13,42,14.76923076923077
1,1.0,0.0,,0.0,251.82461428642273,0.00018304278378042968,-1.037034658156857,-1.037034658156857,-1.013741676111399,0,16,38,14.125
6,0.0,0.0,,0.4304999113082886,0.968628056930581,0.0009463176623185626,0.14811223160986806,0.14811223160986806,0.14958897869484195,351,9,48,32.111111111111114
24,1.0,0.0,,0.07114982604980469,26.45348024368286,-0.00011877110703701818,-0.09691624343395233,-0.09691624343395233,-0.09901536256074905,205,13,54,20.46153846153846
17,1.0,0.0,,0.33694982528686523,0.9435009956359863,-0.0001348542590897049,0.1193738803267479,0.1193738803267479,0.11612818390130997,165,9,57,34.44444444444444
4,0.0,0.0,,0.2722001075744629,42.498658180236816,-0.0015749192000276645,-0.32166731357574463,-0.32166731357574463,-0.2981066405773163,84,11,20,12.090909090909092
17,1.0,0.0,,0.08510017395019531,34.79740071296692,0.00019607565046950599,-0.22144608199596405,-0.22144608199596405,-0.21294349431991577,4,9,47,25.22222222222222
12,0.0,0.0,,0.4465498924255371,12.9393949508667,-0.0008141791081126183,0.12144612520933151,0.12144612520933151,0.11049561202526093,144,18,33,14.5
18,1.0,0.0,,0.3231496810913086,72.82496571540833,-0.005538107158395367,-0.383369505405426,-0.383369505405426,-0.39638713002204895,203,13,71,21.23076923076923
14,0.0,0.0,,0.24434995651245117,12.221150875091553,-0.0003737458201094929,-0.08836918324232101,-0.08836918324232101,-0.07797392457723618,210,10,94,33.4
18,1.0,0.0,,0.113800048828125,27.858436107635498,-0.001392273164426282,-0.2236279623181212,-0.2236279623181212,-0.21795199228369672,37,9,44,25.11111111111111
26,0.0,0.0,,0.0,232.7597234249115,0.000556036965024879,-0.8001311421394348,-0.8001311421394348,-0.7880651950836182,0,14,67,19.142857142857142
7,0.0,0.0,,0.1909499168395996,15.860025882720947,8.864191286779769e-05,-0.0030949683859944344,-0.0030949683859944344,-0.013711038045585155,252,10,56,31.5
16,1.0,0.0,,0.3357996940612793,169.09906327724457,-0.00980100838737089,-1.163366853689947,-1.163366853689947,-1.1469297773901053,112,9,115,27.333333333333332
3,0.0,0.0,,0.5070502130608805,4.538046999981528,0.00043474669378523625,0.0630040419201891,0.0630040419201891,0.05511091666581702,348,12,46,24.583333333333332
25,0.0,0.0,,0.2908610569106207,4.474500060081482,-0.012711408593500952,-1.2473358415088065,-1.2473358415088065,-1.27079607637873,25,14,38,12.785714285714286
25,0.0,0.0,,0.2507500648498535,2.429099917411804,-0.00035730034507682097,-0.06212995433005966,-0.06212995433005966,-0.06579614071320478,311,12,45,24.083333333333332
24,1.0,0.0,,0.03604996204376221,0.4398500919342041,-0.0005673209845770431,-0.21060685784209007,-0.21060685784209007,-0.20295183620755636,61,16,41,16.875
24,1.0,0.0,,0.12814998626708984,264.03424525260925,-0.007713915612815846,-2.010185718536377,-2.010185718536377,-1.9651193618774414,36,10,54,28.5
19,1.0,0.0,,0.3088998794555664,8.080600500106812,-0.002606095276393555,-0.23984840837847285,-0.23984840837847285,-0.22780197367948643,243,11,59,22.454545454545453
3,0.0,0.0,,0.4226999282836914,6.522550106048584,-0.011530441353617521,-0.6344554838346166,-0.6344554838346166,-0.6694394737121627,90,16,48,15.4375
4,0.0,0.0,,0.2819499969482422,32.71341252326965,-0.0018475817750578964,-0.2853700816631317,-0.2853700816631317,-0.2941436767578125,108,12,20,11.583333333333334
9,0.0,0.0,,0.2937999963760376,0.471000075340271,-0.001361844354600876,-0.07620627506106507,-0.07620627506106507,-0.07408414490957567,175,6,111,47.833333333333336
4,0.0,0.0,,0.4476003646850586,18.976443767547607,-0.002020487312403089,-0.09763582050800323,-0.09763582050800323,-0.10976071655750275,125,12,20,11.0
8,1.0,0.0,,0.745800256729126,0.4347503185272217,0.0010616406212979033,0.26212918758392334,0.26212918758392334,0.2567085921764374,299,12,65,19.0
14,0.0,0.0,,0.8419501781463623,25.879436135292053,0.002564491095163508,0.09509836425300405,0.09509836425300405,0.09577182834484517,294,17,29,16.647058823529413
6,0.0,0.0,,0.16679978370666504,137.7955573797226,-0.005475166549912079,-0.5703098627031684,-0.5703098627031684,-0.5638891415086112,125,10,62,24.5
3,1.0,0.0,,0.31729984283447266,36.91530919075012,-0.0020206328241528025,-0.23974219707547784,-0.23974219707547784,-0.23976859579915585,34,17,33,14.235294117647058
2,0.0,0.0,,0.1463998556137085,4.896700143814087,-0.0024929887071235713,-0.3823170880643593,-0.3823170880643593,-0.36778206603907115,227,11,62,23.636363636363637
6,0.0,0.0,,0.32394981384277344,0.05440020561218262,0.0007123601771022946,0.14674366789371693,0.14674366789371693,0.14094749908883575,321,6,69,36.333333333333336
22,0.0,0.0,,0.9824998378753662,0.019499897956848145,0.0018839621429138857,0.3965997575711803,0.3965997575711803,0.4162528289150222,336,14,51,17.5
9,0.0,0.0,,0.34074997901916504,0.3739500045776367,-0.0011812194944258259,-0.014081500825427827,-0.014081500825427827,-0.011717447486401496,187,7,72,42.57142857142857
22,0.0,0.0,,0.004400014877319336,24.15742665529251,-0.0007401437202473707,-0.2642721824285363,-0.2642721824285363,-0.24730383027490302,21,16,60,17.0625
7,1.0,0.0,,0.7527499198913574,0.024650096893310547,0.00029912504706094435,0.5042503476142883,0.5042503476142883,0.5066977739334106,189,17,54,16.764705882352942
18,1.0,0.0,,1.6249499320983887,0.5510002374649048,0.0029238953046848036,0.6328961271531776,0.6328961271531776,0.5957078778225443,281,13,26,14.615384615384615
1,1.0,0.0,,0.3269498348236084,191.20061492919922,-0.0034493611902943386,-0.8473480599267142,-0.8473480599267142,-0.8178297251648045,37,16,29,13.4375
24,1.0,0.0,,0.4089999198913574,5.810200214385986,-0.0009597480655165021,0.06724158674478531,0.06724158674478531,0.06815214455127716,98,12,45,21.083333333333332
25,0.0,0.0,,0.24645006656646729,314.8031676411629,-0.002760654443387194,-1.1603770635041202,-1.1603770635041202,-1.1620033322810035,31,10,23,15.4
18,1.0,0.0,,0.7145500183105469,14.135557333628336,0.0016171276166371993,0.13421959903727726,0.13421959903727726,0.16013928081678308,215,15,23,11.733333333333333
4,0.0,0.0,,0.48960018157958984,61.87124466896057,-0.005759500867779541,-0.9973310232162476,-0.9973310232162476,-0.9897847175598145,41,17,21,11.588235294117647
19,0.0,0.0,,0.03510022163391113,6.304649829864502,-0.010294266386581118,-0.9500620725775967,-0.9500620725775967,-0.9688296952252402,30,10,39,19.3
1,1.0,0.0,,0.43580007553100586,11.292897343635559,-0.002533866017864846,-0.14131592535505108,-0.14131592535505108,-0.16344522185947585,156,14,47,18.642857142857142
3,0.0,0.0,,0.1781001091003418,18.65019917488098,-0.001070848122398498,-0.17069759789635153,-0.17069759789635153,-0.18335362390619545,184,14,30,14.357142857142858
19,0.0,0.0,,0.8935884328988877,7.633001327514648,-0.0015900618645270856,0.3910711402652644,0.3910711402652644,0.3799413655058254,126,8,76,37.125
18,1.0,0.0,,0.1417999267578125,225.26888251304626,-0.006416867269760953,-0.9342170723346102,-0.9342170723346102,-0.9213627369507499,111,12,56,16.5
13,1.0,0.0,,0.6615996360778809,2.9108002185821533,0.000623049246727537,0.18072335392821068,0.18072335392821068,0.18011915165445078,185,10,65,25.0
23,0.0,0.0,,0.203049898147583,39.38644087314606,-0.0009310364734587046,-0.17069097894246504,-0.17069097894246504,-0.17224264563949543,144,16,35,12.625
13,0.0,0.0,,0.6166383119729844,1.061152696609497,0.0006428982381890567,0.30350469908460515,0.30350469908460515,0.30103885687998017,352,8,100,38.5
4,0.0,0.0,,0.08785057067871094,112.2899706363678,-0.0009848839241926386,-0.9805130362510681,-0.9805130362510681,-0.9490607976913452,3,13,21,11.307692307692308
7,1.0,0.0,,0.23904991149902344,18.428139303018973,0.0003726068015626494,-0.040850738183456976,-0.040850738183456976,-0.061956488511003896,211,15,66,17.2
24,1.0,0.0,,0.22774982452392578,86.99130320549011,-0.01020749834627433,-1.4470490217208862,-1.4470490217208862,-1.4196850061416626,102,9,94,30.0
18,1.0,0.0,,0.257175087928772,74.4570848941803,-0.00029828179647604,-0.2563378306664005,-0.2563378306664005,-0.24565105852873428,16,8,44,23.625
10,1.0,0.0,,1.1378498077392578,1.3909497261047363,0.0022354374773268207,0.36190886824738744,0.36190886824738744,0.3538046693052048,308,9,47,19.444444444444443
22,0.0,0.0,,0.7393498420715332,0.10450005531311035,0.0020361840971596166,0.334780752658844,0.334780752658844,0.33050206303596497,326,12,65,26.583333333333332
24,1.0,0.0,,0.2604999542236328,8.633097887039185,0.0006117245554416248,-0.06440068036317825,-0.06440068036317825,-0.06724129617214203,314,15,45,19.666666666666668
24,0.0,0.0,,0.3451624853270392,1.698850393295288,0.00014511283145505525,0.07853380839029947,0.07853380839029947,0.06436585346364086,185,16,27,13.25
25,0.0,0.0,,0.31432196212141505,35.033862224215895,-0.00041327520499157916,-0.16629713773727414,-0.16629713773727414,-0.1884602945938898,288,13,38,14.538461538461538
24,1.0,0.0,,0.352449893951416,7.215463399887085,0.0008146256154546424,0.04698881134390831,0.04698881134390831,0.050780296325683594,356,10,65,31.9
4,0.0,0.0,,0.17119979858398438,80.45766973495483,-0.002307283554356724,-0.42017465829849243,-0.42017465829849243,-0.4302718937397003,26,15,42,13.2
26,0.0,0.0,,0.042799949645996094,304.9075462818146,-0.0035195986142190208,-1.1333862569819646,-1.1333862569819646,-1.1237543488402502,43,10,67,26.4
18,1.0,0.0,,0.5361003875732422,39.45279836654663,-0.0009598808091444498,-0.08561129868030548,-0.08561129868030548,-0.1032649502158165,40,13,31,15.153846153846153
6,0.0,0.0,,0.66450035572052,5.067749857902527,-0.00318576049792673,0.0628254246644947,0.0628254246644947,0.018956474290377872,129,8,141,33.125
5,0.0,0.0,,0.7908998727798462,30.433106541633606,0.002199248409159362,0.08396756148137965,0.08396756148137965,0.10123880775383368,318,18,26,12.555555555555555
24,1.0,0.0,,0.43039989471435547,0.09495055675506592,0.00010313563284747165,0.21146104649669317,0.21146104649669317,0.21135838423374192,156,12,50,25.833333333333332
23,0.0,0.0,,0.05109977722167969,6.14205002784729,-0.009897016733924506,-0.9143743209478234,-0.9143743209478234,-0.9331360550894253,36,3,152,84.66666666666667
18,1.0,0.0,,0.11680030822753906,11.49434757232666,-0.001172427551178838,-0.43126237392425537,-0.43126237392425537,-0.4458106458187103,219,12,24,13.416666666666666
9,1.0,0.0,,0.8888498544692993,0.23720026016235352,0.0003824481512869041,0.4336880659188877,0.4336880659188877,0.4350830881219161,192,9,104,29.333333333333332
3,1.0,0.0,,0.44154977798461914,3.4443604946136475,0.0010159311692170439,0.16539651105383865,0.16539651105383865,0.16701516823739,345,9,70,34.44444444444444
15,1.0,0.0,,0.1936500072479248,206.50140279531482,-0.0021137820114009126,-0.8242240164126334,-0.8242240164126334,-0.8074056114062019,76,16,28,16.0625
18,1.0,0.0,,0.8817501068115234,3.282898426055908,-0.0010195551108937786,0.21658840775489807,0.21658840775489807,0.21647612750530243,92,15,31,13.333333333333334
24,0.0,0.0,,0.14160001277923584,9.733498215675354,-0.00016803767623150905,-0.18874961438299226,-0.18874961438299226,-0.1849751760418288,244,11,52,26.545454545454547
7,0.0,0.0,,0.29809999465942383,2.065854072570801,-7.04627317953286e-05,0.10519347339868546,0.10519347339868546,0.10738468170166016,213,11,56,30.363636363636363
4,0.0,0.0,,0.6494998931884766,3.2057464122772217,0.0015987698246315418,0.17483526468276978,0.17483526468276978,0.18608489632606506,354,15,42,12.466666666666667
23,0.0,0.0,,0.36169981956481934,0.5709501504898071,-0.0002832041557142227,0.10643387141347933,0.10643387141347933,0.11210631916194357,280,9,95,25.666666666666668
2,0.0,0.0,,0.08369994163513184,4.895150065422058,-0.005489658274726987,-0.4405954962684995,-0.4405954962684995,-0.4740559152438772,171,12,38,21.833333333333332
23,0.0,0.0,,0.3027498722076416,12.84680461883545,-0.0013944620099048382,-0.08125141054308381,-0.08125141054308381,-0.0831768108735954,32,12,43,18.25
24,1.0,0.0,,0.39419984817504883,11.497954845428467,-0.0012862655782812094,0.034027233719825745,0.034027233719825745,0.03331946209073067,64,12,45,21.25
15,0.0,0.0,,0.3945499658584595,56.39539533853531,0.0002618747664066596,-0.2055981454729032,-0.2055981454729032,-0.19971613412546685,347,15,33,15.466666666666667
9,1.0,0.0,,0.28369998931884766,13.054239988327026,-0.0007571667846118196,-0.04440160559005096,-0.04440160559005096,-0.045973917712336,164,16,45,17.5
15,1.0,0.0,,0.4807002544403076,7.234635949134827,-0.00016993078306643713,0.03550721984617517,0.03550721984617517,0.03567627993275808,106,16,26,13.375
4,0.0,0.0,,0.18095016479492188,127.89589262008667,-0.006932728692861051,-0.9176313322799212,-0.9176313322799212,-0.9176758881519905,82,17,26,13.941176470588236
24,1.0,0.0,,0.2980499267578125,6.5083547830581665,0.0003544418991101863,0.06399161074341846,0.06399161074341846,0.06769232023768736,192,11,65,28.0
6,0.0,0.0,,0.34115004539489746,5.4710403919219965,0.001684969507960987,0.025502728647878514,0.025502728647878514,0.031253313233373534,347,7,77,34.714285714285715
24,0.0,0.0,,0.16681251355579896,27.179061074938094,0.00010739484133665802,-0.1019290491980331,-0.1019290491980331,-0.08751596569274522,175,16,27,13.125
3,0.0,0.0,,0.5253002016167887,1.0270494661833105,0.0009126642325195925,0.24943756790054278,0.24943756790054278,0.24645786318135204,120,14,46,17.928571428571427
24,0.0,0.0,,0.3945125085966925,6.716449975967407,-0.0005269199745501034,0.07330791890120306,0.07330791890120306,0.06520783397721948,107,16,26,12.625
25,0.0,0.0,,0.48835015296936035,56.420234301118604,0.002629827208213201,-0.17345841592099487,-0.17345841592099487,-0.16262492877685147,302,11,38,12.818181818181818
13,1.0,0.0,,0.0,10.714218868298477,-0.01088834965971872,-1.9378367912869494,-1.9378367912869494,-1.90496119825484,0,5,131,40.6
3,1.0,0.0,,0.07480049133300781,260.00223541259766,-0.003553240706828919,-1.149156093597412,-1.149156093597412,-1.1246998310089111,36,15,41,20.4
1,1.0,0.0,,0.4521000385284424,4.575299978256226,-0.002364216053408655,0.018189517389826413,0.018189517389826413,-0.017922990146962945,189,15,73,18.733333333333334
3,1.0,0.0,,0.682999849319458,0.14620018005371094,0.0010049822279429238,0.3118405031556843,0.3118405031556843,0.31382958118959986,355,10,49,31.9
7,1.0,0.0,,0.2364501953125,97.32130098342896,0.002083448854348984,-0.4086536765098572,-0.4086536765098572,-0.4063543379306793,19,12,60,23.666666666666668
4,0.0,0.0,,0.8271999359130859,0.3406500816345215,0.0008519674439101543,0.3805539309978485,0.3805539309978485,0.3784651458263397,160,12,42,13.166666666666666
17,1.0,0.0,,0.052849769592285156,33.85961651802063,2.4456039643198898e-05,-0.19112740457057953,-0.19112740457057953,-0.18952618539333344,275,12,78,27.666666666666668
24,1.0,0.0,,0.1592499017715454,7.782504558563232,-0.0006874300486868632,-0.06958754890773143,-0.06958754890773143,-0.06791759170771798,68,15,50,20.2
18,1.0,0.0,,0.1076500415802002,8.878175616264343,-0.0006165574087890956,-0.22627307320175385,-0.22627307320175385,-0.23995875275653342,35,7,93,41.714285714285715
14,0.0,0.0,,0.059599876403808594,68.55442798137663,-0.0008592774803534458,-0.5019196705991814,-0.5019196705991814,-0.4918043254392421,3,12,65,17.166666666666668
13,0.0,0.0,,0.5031989000405481,5.48484992980957,-0.008154958244637713,-0.6161446033739575,-0.6161446033739575,-0.6566828309878917,200,13,32,18.615384615384617
23,0.0,0.0,,0.033750057220458984,228.84071397781372,-0.003500031045812279,-1.2241037409512603,-1.2241037409512603,-1.2087222106843125,34,6,83,31.166666666666668
23,0.0,0.0,,0.39750003814697266,102.1241672039032,-0.005131091472522855,-0.3706185817718506,-0.3706185817718506,-0.35827624797821045,208,7,135,37.285714285714285
3,1.0,0.0,,0.25589990615844727,12.677204847335815,0.0007248985533629178,0.023359837318334926,0.023359837318334926,0.012437248822324776,8,8,73,37.125
25,0.0,0.0,,0.8773502111434937,0.030566680999029483,-0.000319742597506102,0.3902606813847518,0.3902606813847518,0.38996214119027883,145,8,76,21.0
15,0.0,0.0,,0.27484989166259766,5.948750019073486,-0.011379244020332446,-1.2462255063177157,-1.2462255063177157,-1.262150067758985,121,12,31,18.666666666666668
4,0.0,0.0,,0.6510500907897949,10.241937398910522,-0.0004734951057501712,0.18981780111789703,0.18981780111789703,0.18654794991016388,163,12,42,11.333333333333334
14,0.0,0.0,,0.43184995651245117,1.7624999284744263,-0.004012102471655551,-0.14918002260833227,-0.14918002260833227,-0.15980381360043103,262,4,219,80.5
6,0.0,0.0,,1.1272094416618348,0.0,-3.097633305907919e-05,0.5335064795838684,0.5335064795838684,0.5270339669870294,142,12,28,15.0
23,0.0,0.0,,0.5632500648498535,0.17604994773864746,-5.840844140553748e-05,0.2146133471603821,0.2146133471603821,0.20374513342154532,141,8,118,30.25
16,1.0,0.0,,0.12389993667602539,75.88058924674988,-0.0004608962249534116,-0.3295857906341553,-0.3295857906341553,-0.32248035073280334,19,7,151,46.42857142857143
4,0.0,0.0,,0.7239999771118164,4.997548580169678,-0.0021238978708436403,0.2364657074213028,0.2364657074213028,0.23729129135608673,100,12,42,12.583333333333334
6,0.0,0.0,,0.8412001132965088,4.872390353516357,-0.0018040617971617483,0.2684332846927376,0.2684332846927376,0.26170004674538594,78,14,22,11.571428571428571
2,0.0,0.0,,0.11920537033352252,0.4632999897003174,0.00013440462338172913,-0.04873081749560786,-0.04873081749560786,-0.052140811239840344,296,11,38,17.90909090909091
1,1.0,0.0,,0.4192999601364136,13.210299849510193,-0.002548442775297295,-0.1620731831264763,-0.1620731831264763,-0.1606534014577451,152,14,47,18.357142857142858
4,0.0,0.0,,0.2270500659942627,37.41588997840881,-0.0014713712897809488,-0.21643446707258038,-0.21643446707258038,-0.2066221572779928,150,12,33,15.583333333333334
5,0.0,0.0,,0.8483316248113457,22.37280023097992,-0.001102836684451183,-0.05352745503604579,-0.05352745503604579,-0.06901485848997782,203,15,43,16.933333333333334
1,1.0,0.0,,0.04594993591308594,273.2313973903656,-0.002042499790560567,-1.2154468398134248,-1.2154468398134248,-1.1777453526206638,8,16,38,14.8125
21,1.0,0.0,,0.46869993209838867,1.6248003244400024,-0.0017736080504754165,0.0779091704125498,0.0779091704125498,0.06047059192330782,131,13,44,16.0
4,0.0,0.0,,0.8278999328613281,16.131452083587646,0.002789853404416432,0.2030012458562851,0.2030012458562851,0.19442172348499298,267,12,33,10.833333333333334
19,1.0,0.0,,0.5265500545501709,1.3215500116348267,-0.003893137720334987,-0.45813819306905196,-0.45813819306905196,-0.45751080746533923,48,13,29,15.692307692307692
6,0.0,0.0,,0.08450007438659668,298.8262503147125,-0.0023235010166674564,-1.0941554568394893,-1.0941554568394893,-1.074285254065892,19,15,39,18.4
8,1.0,0.0,,0.1383500099182129,179.17060315608978,-0.009446145441076085,-1.1270790941574995,-1.1270790941574995,-1.1340184989182844,91,10,65,26.1
24,1.0,0.0,,0.2576000690460205,2.6175986528396606,-0.0006651098487768315,0.03400967902496081,0.03400967902496081,0.034494597966132926,102,13,84,23.384615384615383
13,1.0,0.0,,0.6107997894287109,3.1853277522784005,0.00029937096936695913,0.15023602958486862,0.15023602958486862,0.13937415616169424,147,10,65,21.7
23,0.0,0.0,,0.24320030212402344,230.14278769493103,-0.0022434829286417306,-0.8175809383392334,-0.8175809383392334,-0.8145782351493835,68,10,67,16.4
17,1.0,0.0,,0.03754997253417969,86.70425343513489,-0.006157315856244091,-1.0861451625823975,-1.0861451625823975,-1.0544695854187012,40,14,53,14.0
23,0.0,0.0,,0.35125017166137695,5.691399335861206,0.00042605197244658706,0.05380184142863383,0.05380184142863383,0.05115054223848426,260,11,42,17.454545454545453
3,1.0,0.0,,0.20419979095458984,17.852493286132812,7.620304691578852e-06,-0.028156926855444908,-0.028156926855444908,-0.02346944808959961,106,9,73,29.11111111111111
12,0.0,0.0,,0.07295012474060059,43.24324584007263,-0.0004330208460798111,-0.21830950677394867,-0.21830950677394867,-0.2082303911447525,150,16,33,19.9375
21,0.0,0.0,,0.7577000856399536,0.9388750155766807,0.0007653469754792569,0.39859014766222955,0.39859014766222955,0.3790913906650266,296,4,123,74.5
24,0.0,0.0,,0.15814995765686035,27.033644676208496,0.0009961311220109414,-0.08601412177085876,-0.08601412177085876,-0.07800647616386414,308,9,63,25.77777777777778
8,1.0,0.0,,0.727699875831604,0.7477880194783211,0.00042451196848330297,0.27111202278057067,0.27111202278057067,0.26887931318386743,261,12,65,21.916666666666668
9,0.0,0.0,,0.437999963760376,3.4302570882596464,0.0012190221031316683,0.2017486729875666,0.2017486729875666,0.1962744067750452,115,4,109,76.25
25,0.0,0.0,,0.6106500625610352,0.5897494554519653,0.0006255254425272739,0.2309580832636323,0.2309580832636323,0.24128237590364243,89,12,36,17.916666666666668
24,1.0,0.0,,0.16624975204467773,15.537495136260986,0.00010647364897337222,-0.032204821705818176,-0.032204821705818176,-0.02414804883301258,349,16,36,17.75
17,1.0,0.0,,0.0,28.756847381591797,-0.0020576165184944405,-0.6825791597366333,-0.6825791597366333,-0.661849856376648,0,13,32,14.153846153846153
4,0.0,0.0,,0.5000500679016113,28.721449851989746,-0.004462635733827481,-0.4722064192555532,-0.4722064192555532,-0.488517869123916,133,15,36,15.0
18,1.0,0.0,,0.42834949493408203,110.28791999816895,-0.006749274555760998,-0.6122731566429138,-0.6122731566429138,-0.6153351068496704,151,11,85,24.454545454545453
16,1.0,0.0,,0.14790010452270508,82.97206830978394,0.0009844320893755431,-0.30471742153167725,-0.30471742153167725,-0.2956326901912689,354,7,146,42.714285714285715
22,0.0,0.0,,0.628949761390686,4.72255003452301,-0.0036947490300727496,0.024654166371214623,0.024654166371214623,-0.017024542974389118,83,12,44,25.0
2,0.0,0.0,,0.3730499744415283,73.35400270151369,-0.0015403138283126758,-0.24782510631892526,-0.24782510631892526,-0.22497308712836933,127,10,127,25.8
9,1.0,0.0,,0.7850499153137207,0.0,4.4748076381295846e-05,0.38928840674606024,0.38928840674606024,0.3867987779876278,157,9,94,30.555555555555557
6,0.0,0.0,,0.19384980201721191,231.69550955295563,-0.004938342775623362,-0.8244445874911397,-0.8244445874911397,-0.8130554464588995,48,11,59,21.181818181818183
14,0.0,0.0,,0.2819499969482422,54.370093892018,-0.0009008310320203898,-0.14498719748328714,-0.14498719748328714,-0.14221547436023108,54,10,94,30.0
4,0.0,0.0,,0.3513002395629883,46.22119402885437,5.2745305410089455e-05,-0.2583838403224945,-0.2583838403224945,-0.2580108344554901,3,10,20,10.9
11,0.0,0.0,,0.26180005073547363,32.834656715393066,-0.00020771578043324074,-0.0929766297340393,-0.0929766297340393,-0.09468263387680054,25,4,81,30.25
4,0.0,0.0,,0.47195005416870117,17.128748655319214,-0.0037680546624855133,-0.08874768018722534,-0.08874768018722534,-0.08707599341869354,245,9,92,33.44444444444444
17,1.0,0.0,,0.21414947509765625,147.9247181415558,-0.00516890410192867,-0.5679671764373779,-0.5679671764373779,-0.5674762725830078,133,10,57,22.5
16,1.0,0.0,,0.8248498439788818,0.5353463005882455,0.0020157893388067873,0.3315059484220019,0.3315059484220019,0.33133941707332043,321,8,142,35.375
18,1.0,0.0,,0.2752494812011719,16.17081594467163,-0.0006985578664515197,-0.02946562133729458,-0.02946562133729458,-0.028735077008605003,71,8,93,40.625
13,0.0,0.0,,0.3223998546600342,12.810107469558716,9.886742579576478e-05,-0.12343992054963313,-0.12343992054963313,-0.12188062247525652,178,11,47,21.272727272727273
5,0.0,0.0,,0.5989499092102051,14.627199530601501,-0.0003361986678042771,-0.23388492927497842,-0.23388492927497842,-0.19901060021441916,320,14,70,17.928571428571427
24,1.0,0.0,,0.3185999393463135,5.338804244995117,0.0009769828520341055,0.08920310592117096,0.08920310592117096,0.09271362196968594,264,8,65,34.25
3,0.0,0.0,,0.24110007286071777,61.329057455062866,-0.00439758897752993,-0.3131544292807913,-0.3131544292807913,-0.3115102384400613,29,14,39,15.571428571428571
25,0.0,0.0,,0.3035110698805914,4.461850047111511,-0.012772267132630587,-1.2492218229617058,-1.2492218229617058,-1.2607668087739201,23,13,38,13.153846153846153
7,1.0,0.0,,1.2051000595092773,0.3520998954772949,0.002536721120967631,0.8103086948394775,0.8103086948394775,0.7999894618988037,256,14,54,21.5
2,1.0,0.0,,0.38300013542175293,0.10619997978210449,0.0005359444153978999,0.13021329045295715,0.13021329045295715,0.1367499679327011,27,5,67,44.8
3,0.0,0.0,,0.5448501110076904,16.11144733428955,0.0020321034393740093,0.2261299676254016,0.2261299676254016,0.20992498673977322,214,11,42,19.90909090909091
1,1.0,0.0,,0.3467998504638672,11.317852139472961,-0.0025211719585752756,-0.22535004435467118,-0.22535004435467118,-0.2124696814495584,160,14,47,18.928571428571427
22,0.0,0.0,,0.955549955368042,0.037399888038635254,0.0017418633702371898,0.3742334448656782,0.3742334448656782,0.37270439523801224,356,14,51,19.0
5,0.0,0.0,,0.0,279.6178220510483,-0.0026273703431312634,-1.7743254362368117,-1.7743254362368117,-1.7302426905417425,0,15,56,19.266666666666666
14,0.0,0.0,,0.4159996509552002,26.817055702209473,-0.0032624347298181523,-0.10784118983591973,-0.10784118983591973,-0.127883400758514,151,8,103,38.125
24,0.0,0.0,,0.28834986686706543,47.606275632977486,-0.007658832242681882,-0.6857888069139475,-0.6857888069139475,-0.6900478519112666,171,10,101,28.5
12,0.0,0.0,,0.8250999450683594,0.24274992942810059,0.0015428923069585791,0.45007196068763733,0.45007196068763733,0.42813482880592346,346,14,66,22.0
13,0.0,0.0,,0.4643498659133911,0.7874073528108143,0.00018163444871808603,0.23127679965075323,0.23127679965075323,0.2420755340503929,176,10,38,24.1
6,0.0,0.0,,0.4721500873565674,0.3213074365178321,0.0009882447358161525,0.20268109232103793,0.20268109232103793,0.20884349028167756,356,9,48,32.0
17,1.0,0.0,,0.08189988136291504,32.74139451980591,0.00016518847631690758,-0.17488457262516022,-0.17488457262516022,-0.16481302678585052,255,12,78,26.0
18,1.0,0.0,,0.36444997787475586,159.42277944087982,-0.006511210768664032,-0.796729660501667,-0.796729660501667,-0.7926021814346313,116,11,50,21.272727272727273
14,0.0,0.0,,0.3440999984741211,6.083400011062622,0.0011742013128014865,-0.2892942041242156,-0.2892942041242156,-0.2743826961642983,344,12,65,21.166666666666668
4,0.0,0.0,,0.26359987258911133,46.86505651473999,-0.0023489289362029343,-0.2633245885372162,-0.2633245885372162,-0.26190006732940674,63,15,42,12.933333333333334
17,1.0,0.0,,0.13249993324279785,36.647196531295776,-0.0016628565976894727,-0.27787962555885315,-0.27787962555885315,-0.2762717008590698,7,9,47,20.333333333333332
21,0.0,0.0,,0.05820012092590332,40.7272390127182,-0.0007623398338781898,-0.3732969477063134,-0.3732969477063134,-0.3829180884326213,4,11,36,21.09090909090909
26,0.0,0.0,,0.1615999937057495,34.65394574403763,-0.0007612285599432384,-0.2285227892445583,-0.2285227892445583,-0.21473165127719332,19,18,35,15.444444444444445
23,0.0,0.0,,0.0,352.20511651039124,0.0012235298055645603,-1.2132847309112549,-1.2132847309112549,-1.1784892082214355,0,12,21,10.833333333333334
19,1.0,0.0,,0.4146624803543091,0.0504000186920166,0.0006659773911674226,0.21349905318572743,0.21349905318572743,0.21434616165416295,338,3,294,110.0
23,0.0,0.0,,0.3055499792098999,72.33743262290955,0.0014478106519139526,-0.38585629182703357,-0.38585629182703357,-0.3557787097018698,206,7,42,17.714285714285715
6,0.0,0.0,,0.038700103759765625,4.3244500160217285,-0.007236374898741685,-1.6182093620300293,-1.6182093620300293,-1.5945262439259085,1,15,32,17.933333333333334
15,1.0,0.0,,0.3901998996734619,5.078200101852417,-0.003364816489551408,-0.028278536489363813,-0.028278536489363813,-0.07597498240678204,12,11,48,28.09090909090909
2,1.0,0.0,,0.6184501647949219,0.4281449317932129,-0.00013612217331872512,0.14812681078910828,0.14812681078910828,0.14146104454994202,171,7,85,39.857142857142854
22,0.0,0.0,,0.730699896812439,0.0,0.0009207521525422838,0.35280691141507875,0.35280691141507875,0.35143346575514856,170,10,65,28.2
14,0.0,0.0,,0.2422497272491455,111.74541068077087,-0.007213530341119402,-0.8178942617582006,-0.8178942617582006,-0.808351372963231,158,7,114,46.714285714285715
13,0.0,0.0,,0.5081498622894287,5.3376392593217465,0.0017248308808087084,0.1677968590533366,0.1677968590533366,0.16412796626083626,314,9,52,21.11111111111111
17,1.0,0.0,,0.41520023345947266,25.174445748329163,-0.004029443545093612,-0.16379498133138448,-0.16379498133138448,-0.19508129910395142,175,17,59,15.647058823529411
4,0.0,0.0,,0.8902500867843628,9.800125634947488,0.0013731002626771157,0.3094225818035649,0.3094225818035649,0.2950871851760047,257,12,99,23.833333333333332
3,1.0,0.0,,0.1336498260498047,28.697782039642334,0.00012284448706940975,-0.09724077582359314,-0.09724077582359314,-0.09078898280858994,82,9,73,31.555555555555557
3,0.0,0.0,,0.42495012283325195,15.168795108795166,-0.0006915948180391607,0.0005465338544017461,0.0005465338544017461,0.011383366469599766,69,13,32,13.923076923076923
4,0.0,0.0,,0.7428498268127441,0.6092507839202881,0.0009952994350080132,0.3185870051383972,0.3185870051383972,0.32390421628952026,233,13,42,11.23076923076923
23,0.0,0.0,,0.028350114822387695,271.0200060606003,-0.0016787152807682107,-1.3456492003272562,-1.3456492003272562,-1.3204032917738904,3,7,51,24.0
14,0.0,0.0,,0.15764999389648438,7.231449127197266,-0.0004556012035698281,-0.15223468840122223,-0.15223468840122223,-0.1508868932723999,248,8,94,39.625
25,0.0,0.0,,0.1358499526977539,30.72983791882059,0.0008882818341537586,-0.09315927522856982,-0.09315927522856982,-0.08589921012533594,351,13,36,15.153846153846153
3,0.0,0.0,,0.45835011883785803,7.964605870999788,0.0007611460619316644,0.06153392023733016,0.06153392023733016,0.05086334358181873,297,12,46,24.5
14,0.0,0.0,,0.3645498752593994,3.398049831390381,-0.003643843372678185,-0.19285315091536492,-0.19285315091536492,-0.200305279563455,140,9,103,32.55555555555556
13,0.0,0.0,,0.09910011291503906,207.96357440948486,-0.0049275708778348795,-0.7478283047676086,-0.7478283047676086,-0.7250545620918274,134,10,104,32.9
4,0.0,0.0,,0.8552000522613525,13.895792245864868,0.0025979641773372667,0.14204658567905426,0.14204658567905426,0.12852619588375092,321,11,19,9.727272727272727
14,0.0,0.0,,0.6916000843048096,0.0,0.001483882259598973,0.41592584471074806,0.41592584471074806,0.40809196574737056,351,1,333,333.0
5,0.0,0.0,,0.8206002712249756,0.49099862575531006,0.0013208328737477966,0.3680351909135236,0.3680351909135236,0.3714564214073351,216,11,53,19.09090909090909
25,0.0,0.0,,0.2662999629974365,91.56825375556946,-0.006130566876404559,-0.4953072268087991,-0.4953072268087991,-0.4879418857418249,199,11,45,20.636363636363637
7,0.0,0.0,,0.5607001781463623,3.9598457813262904,0.0014418401613601084,0.09296252613975889,0.09296252613975889,0.09303411686114905,351,10,81,29.7
19,0.0,0.0,,0.0,368.7579016685486,-0.001751816223329919,-1.3339266142591375,-1.3339266142591375,-1.296806191961607,0,14,33,13.357142857142858
4,0.0,0.0,,0.11459994316101074,85.74710536003113,0.00016810962642136652,-0.3453235924243927,-0.3453235924243927,-0.3386586904525757,356,16,19,12.0625
14,0.0,0.0,,0.899800181388855,19.87543797492981,0.003075377542101154,0.19571083266528047,0.19571083266528047,0.18582785278755054,255,15,29,17.8
2,1.0,0.0,,0.1508500576019287,7.641149997711182,-0.0003260723371604487,-0.08810326999642935,-0.08810326999642935,-0.0787656459255495,230,10,68,26.1
14,0.0,0.0,,0.4010500907897949,53.770503759384155,-0.0020099667951464497,-0.19166929080706685,-0.19166929080706685,-0.17448604649885346,74,15,44,16.933333333333334
14,0.0,0.0,,0.6238498687744141,0.0,0.0010955872020314498,0.2682095766067505,0.2682095766067505,0.26720213890075684,329,8,70,37.875
23,0.0,0.0,,0.48185014724731445,1.139498233795166,-0.0005656573917973746,0.1411184706941706,0.1411184706941706,0.15074742637852545,105,10,82,24.0
3,1.0,0.0,,0.3826000690460205,3.176298975944518,0.0010221647746488044,0.1306346043819139,0.1306346043819139,0.12130243297138874,290,5,125,59.8
1,1.0,0.0,,0.21119999885559082,31.204548597335815,4.903236488022319e-05,-0.14747503925772273,-0.14747503925772273,-0.1439380743386785,335,12,69,21.583333333333332
16,0.0,0.0,,0.09240007400512695,146.75021600723267,-0.00023001354575170814,-0.642212450504303,-0.642212450504303,-0.6130152940750122,1,14,24,12.857142857142858
14,0.0,0.0,,0.2780001163482666,6.207874366338876,0.0007471613404954882,0.017720321313339785,0.017720321313339785,0.01686253071233875,296,11,60,25.545454545454547
4,0.0,0.0,,0.7034001350402832,2.307046413421631,0.0006221329644660498,0.24977628886699677,0.24977628886699677,0.23815223574638367,181,17,26,12.470588235294118
21,1.0,0.0,,0.08389997482299805,117.90079963207245,-0.004223902238998729,-0.7716529870233616,-0.7716529870233616,-0.7516618331122639,8,12,32,16.166666666666668
8,1.0,0.0,,0.7943499088287354,0.0728001594543457,-0.0002525023979795592,0.35257547058645083,0.35257547058645083,0.3529082093004231,191,15,18,10.933333333333334
10,1.0,0.0,,0.2072000503540039,66.92363548278809,-0.0003568055968987571,-0.22272587891052417,-0.22272587891052417,-0.19961575368049295,159,11,57,21.454545454545453
13,0.0,0.0,,0.6593000888824463,0.14949989318847656,0.0010476022615534752,0.2814200922888534,0.2814200922888534,0.28110586688758626,163,6,139,54.333333333333336
2,1.0,0.0,,0.7475500106811523,3.1371078188457178,0.001326103536787014,0.24955256312501198,0.24955256312501198,0.2614250755156488,336,7,123,43.42857142857143
13,1.0,0.0,,0.0966501235961914,10.263350009918213,-0.0014064071998014648,-0.08346411961467326,-0.08346411961467326,-0.09094562737838081,140,6,140,55.666666666666664
14,0.0,0.0,,0.6571998596191406,0.0,0.0011008740330265554,0.29858967661857605,0.29858967661857605,0.2902650535106659,331,8,70,38.125
3,0.0,0.0,,0.0970001220703125,31.95133399963379,0.00040706014922104773,-0.18352029303542705,-0.18352029303542705,-0.17252384061398712,284,17,37,15.941176470588236
19,0.0,0.0,,0.8756886812356797,6.505849838256836,-0.0010177171593473355,0.0506177532906626,0.0506177532906626,-0.023401462615016185,229,6,75,48.5
10,1.0,0.0,,0.49915003776550293,31.45836615562439,0.0005111517667516638,-0.06215193759159548,-0.06215193759159548,-0.04974420593885653,14,16,50,14.6875
24,0.0,0.0,,0.3170499801635742,160.7894655019045,-0.008013347722729783,-0.9758868730034815,-0.9758868730034815,-0.9643096945354346,106,14,65,19.714285714285715
3,0.0,0.0,,0.20625019073486328,14.616938789685566,-0.000245202609823885,-0.06724331592645298,-0.06724331592645298,-0.06494759879826346,266,15,30,13.2
26,0.0,0.0,,0.2594001293182373,11.139749646186829,-0.0040529585170006365,-0.18406213498583032,-0.18406213498583032,-0.1884116147859423,69,8,99,36.5
23,0.0,0.0,,0.48795032501220703,34.824298620224,-0.003455208447671556,-0.09907834976911545,-0.09907834976911545,-0.10203253477811813,261,4,135,72.5
8,1.0,0.0,,0.5305500030517578,13.54935073852539,0.0015516861143785306,0.009275073185563087,0.009275073185563087,0.013873898424208164,346,18,28,11.0
3,1.0,0.0,,0.5503497123718262,1.589798927307129,0.0006151419088870238,0.20248724520206451,0.20248724520206451,0.1976456195116043,236,14,73,19.142857142857142
12,0.0,0.0,,0.056550025939941406,5.728450059890747,-0.004276306623428964,-0.45651882770014746,-0.45651882770014746,-0.5144734002541805,72,20,25,13.1
1,1.0,0.0,,0.7296500205993652,0.24254977703094482,0.001195948562940866,0.35572301456574296,0.35572301456574296,0.3377249126848967,202,15,27,13.466666666666667
1,1.0,0.0,,0.4682002067565918,6.5831462144851685,-0.001766681864250423,0.010044600783275957,0.010044600783275957,0.02775935763898103,156,13,60,19.076923076923077
3,1.0,0.0,,0.388049840927124,0.43677700339973846,0.0009371381705749927,0.18561514686135686,0.18561514686135686,0.189123192054279,343,8,86,36.5
22,0.0,0.0,,0.17099952697753906,1.7221002578735352,-0.004391077435642947,-0.2327733039855957,-0.2327733039855957,-0.23975244164466858,226,2,265,158.0
19,1.0,0.0,,0.014750242233276367,62.93954575061798,-0.0037136943879623866,-1.1316422180635255,-1.1316422180635255,-1.1184090055387537,1,11,29,15.909090909090908
1,1.0,0.0,,0.5951004028320312,0.8209977149963379,0.0006007108356347339,0.28246256709098816,0.28246256709098816,0.2888893783092499,112,15,64,17.6
6,0.0,0.0,,0.0,159.06599116325376,-0.0016038076814809737,-0.5933887537787942,-0.5933887537787942,-0.5808179854287612,0,12,44,22.583333333333332
7,1.0,0.0,,0.34944987297058105,64.98946177959442,-0.0011802984736231296,-0.2700737511076513,-0.2700737511076513,-0.25970833389397013,132,13,74,24.23076923076923
9,1.0,0.0,,0.5534498691558838,10.007999420166016,0.0009704324850739517,0.10442989213126046,0.10442989213126046,0.10188342177349588,330,12,104,24.083333333333332
7,0.0,0.0,,0.5665497779846191,24.28693556785587,0.002225130051170989,0.07123711262764383,0.07123711262764383,0.07500378743635247,356,8,81,31.75
23,0.0,0.0,,1.2139999866485596,0.09864997863769531,0.0009158491482584276,0.5986987579436529,0.5986987579436529,0.5767344622743932,138,9,27,13.777777777777779
15,0.0,0.0,,1.2305999994277954,0.4970501661300659,0.0015871602516262238,0.5560387174288431,0.5560387174288431,0.5496495137040779,290,12,43,25.666666666666668
8,1.0,0.0,,0.4895000457763672,16.399997234344482,0.0013783496738867388,-0.03964967653155327,-0.03964967653155327,-0.057232566177845,355,18,28,11.055555555555555
21,0.0,0.0,,1.1904501914978027,1.7025549989758133,0.00199665364022821,0.6429295623335851,0.6429295623335851,0.624413978048307,289,6,84,46.166666666666664
17,1.0,0.0,,0.23204994201660156,11.906238317489624,0.0004243719505972806,-0.028616998344659805,-0.028616998344659805,-0.03077598288655281,206,11,78,28.545454545454547
21,0.0,0.0,,0.7797499895095825,0.8947752078374229,0.0003621871947408218,0.4218854303119563,0.4218854303119563,0.43292352078931606,285,4,123,71.75
23,0.0,0.0,,0.4989500045776367,35.839306592941284,-0.0035064401578842556,-0.09169211238622665,-0.09169211238622665,-0.1052175983786583,260,4,138,72.25
16,1.0,0.0,,0.3594498634338379,178.71710121631622,-0.009786074612362264,-1.1715236875523372,-1.1715236875523372,-1.1595566775115183,107,9,110,26.77777777777778
25,0.0,0.0,,0.4071502685546875,1.6963953971862793,0.0002865182067122091,0.1324959099292755,0.1324959099292755,0.13333489000797272,154,11,47,24.818181818181817
3,1.0,0.0,,0.48059988021850586,21.220654487609863,-0.0021343744255315484,-0.0640014034359395,-0.0640014034359395,-0.05773216975483919,57,17,34,14.294117647058824
12,1.0,0.0,,0.3350001573562622,27.330412828922274,0.00025527826043729007,-0.010834235270150235,-0.010834235270150235,-0.003967330075692446,190,16,47,18.0
12,1.0,0.0,,1.0210001468658447,0.7348505258560181,0.0012730470978533203,0.36948552685959335,0.36948552685959335,0.355746017024099,309,11,56,28.272727272727273
12,0.0,0.0,,0.05885028839111328,47.22442269325256,-0.0005195809199274082,-0.25935596227645874,-0.25935596227645874,-0.25337591767311096,1,17,39,16.294117647058822
24,1.0,0.0,,0.5896501541137695,0.7043499946594238,0.000885091884500248,0.3321564511424687,0.3321564511424687,0.3146959451549407,351,10,74,25.2
14,0.0,0.0,,0.49519991874694824,8.144699692726135,-0.006320438055983175,-0.2913324382124829,-0.2913324382124829,-0.30215116305536754,222,5,178,66.8
2,1.0,0.0,,0.2933499813079834,12.12940227985382,8.871884742726811e-05,0.005708111434423623,0.005708111434423623,0.010009782037873205,308,8,68,37.75
1,1.0,0.0,,0.5751999616622925,0.469099760055542,-0.0010072215987853683,0.24316356946774223,0.24316356946774223,0.25183735688527426,93,13,20,12.076923076923077
11,0.0,0.0,,0.18450021743774414,59.37040972709656,-0.0009628127515313653,-0.558813750743866,-0.558813750743866,-0.5381413698196411,2,12,34,17.333333333333332
7,1.0,0.0,,0.22609996795654297,0.21600008010864258,0.00043304933677066346,0.05706653608327486,0.05706653608327486,0.059981516824252346,266,7,96,47.42857142857143
9,1.0,0.0,,0.28369998931884766,13.054239988327026,-0.0007571667846118196,-0.04440160559005096,-0.04440160559005096,-0.045973917712336,164,16,45,17.5
16,1.0,0.0,,0.3711998462677002,117.53850197792053,-0.00968165141125434,-0.9908426115158893,-0.9908426115158893,-0.9797445590199988,134,10,136,27.8
15,0.0,0.0,,0.9461500644683838,0.44064998626708984,-0.0010984982663540034,0.25263934225595297,0.25263934225595297,0.2507450538679011,239,13,43,21.846153846153847
24,0.0,0.0,,0.38164985179901123,6.854201078414917,-0.0006867544386000671,0.004541260688578715,0.004541260688578715,0.0035185908925706192,205,10,52,28.7
14,0.0,0.0,,0.0,77.32558929920195,-0.0011152425728841561,-0.5714063647748375,-0.5714063647748375,-0.5479386793294915,0,12,65,17.666666666666668
14,0.0,0.0,,0.20004987716674805,192.49869585037231,-0.005911713413315565,-1.0704714129952824,-1.0704714129952824,-1.0492807018712818,102,9,58,33.55555555555556
5,0.0,0.0,,0.11989998817443848,127.98459649085999,-0.006613604249234406,-1.320821994159068,-1.320821994159068,-1.3023982466250168,74,13,56,22.615384615384617
17,1.0,0.0,,0.0,4.950899124145508,-0.0017124651776089257,-1.2108700275421143,-1.2108700275421143,-1.1781301498413086,0,11,57,18.636363636363637
19,0.0,0.0,,0.2897500991821289,37.22721861468422,-2.8816299436572073e-06,-0.09458504905219839,-0.09458504905219839,-0.08547338501600224,23,18,34,12.5
24,0.0,0.0,,0.444350004196167,0.07665014266967773,0.00038934178653629353,0.23004676401615143,0.23004676401615143,0.2175912857055664,237,17,42,15.235294117647058
14,0.0,0.0,,0.0,87.60058486461638,-0.0018458900033204075,-0.698696370552234,-0.698696370552234,-0.6820657029453474,0,12,65,16.916666666666668
15,1.0,0.0,,0.29505014419555664,9.582938432693481,-0.0005660875253736844,0.03015252154748313,0.03015252154748313,0.033550320574955925,101,13,36,17.923076923076923
26,0.0,0.0,,0.32019996643066406,2.5732498168945312,-0.0010207895803029002,0.04705256596207619,0.04705256596207619,0.03502392768859863,216,5,213,68.6
2,1.0,0.0,,0.6112499237060547,0.17869973182678223,0.00019653717652107192,0.17172038555145264,0.17172038555145264,0.16904780268669128,280,8,85,38.625
6,0.0,0.0,,0.3358500003814697,4.982450008392334,-0.006648399441260587,-0.40413687309297186,-0.40413687309297186,-0.43577696805827804,187,9,48,32.55555555555556
1,1.0,0.0,,0.6192498207092285,19.43814980983734,3.513229069479151e-05,-0.15928436661300874,-0.15928436661300874,-0.13347282098687213,353,15,53,15.2
21,0.0,0.0,,0.49449992179870605,4.729300022125244,-0.007985114371713531,-0.5528876991832957,-0.5528876991832957,-0.5858323200012289,263,11,54,26.818181818181817
15,1.0,0.0,,0.8626000881195068,0.0895000696182251,0.0009704056573889572,0.37020066839640214,0.37020066839640214,0.3647956060183309,322,13,36,16.53846153846154
4,0.0,0.0,,0.23280000686645508,58.007012367248535,0.00044840347323507905,-0.33880582451820374,-0.33880582451820374,-0.3197218179702759,344,12,20,10.333333333333334
24,0.0,0.0,,0.5455625993864874,0.07579994201660156,0.00040394731056088125,0.23529639097154975,0.23529639097154975,0.24022318238797394,349,16,42,14.9375
19,0.0,0.0,,0.3516502380371094,24.490283966064453,5.721018157233033e-05,-0.12611378729343414,-0.12611378729343414,-0.13233233988285065,356,19,32,13.105263157894736
6,0.0,0.0,,0.6721001863479614,0.0,4.6918726669839306e-05,0.27398608445453376,0.27398608445453376,0.2811862514530626,230,16,39,16.5
8,1.0,0.0,,0.6673998832702637,5.900507926940918,0.00132585353588737,0.18094119429588318,0.18094119429588318,0.18484337627887726,285,14,30,11.714285714285714
4,0.0,0.0,,0.49415016174316406,5.110092639923096,-0.0007534182621536955,0.09065993130207062,0.09065993130207062,0.08395230025053024,102,16,28,14.6875
17,1.0,0.0,,0.4049501419067383,10.833748936653137,-0.002882069352278937,-0.08481271961489979,-0.08481271961489979,-0.10116633553135371,205,19,53,15.0
15,1.0,0.0,,0.3808000087738037,119.35299199819565,-0.0048770763761718135,-0.4653758346533575,-0.4653758346533575,-0.4656707764708477,163,16,36,16.5
23,0.0,0.0,,0.03809928894042969,34.364055156707764,-0.005824140411509062,-0.47012773156166077,-0.47012773156166077,-0.48357856273651123,96,2,151,136.0
4,0.0,0.0,,0.21155023574829102,49.003095626831055,-0.0013732317818214864,-0.23748932778835297,-0.23748932778835297,-0.24418474733829498,192,14,20,11.785714285714286
4,0.0,0.0,,0.7577002048492432,2.7061495780944824,0.0021060008583127787,0.2792068421840668,0.2792068421840668,0.2793803811073303,333,13,19,10.76923076923077
22,0.0,0.0,,0.48074984550476074,5.663700461387634,-0.0002871403688737513,0.13842416811390085,0.13842416811390085,0.12251204876367547,299,9,67,34.888888888888886
18,1.0,0.0,,0.3740997314453125,5.06556510925293,-0.0004565298764883431,0.07252945750951767,0.07252945750951767,0.07268903404474258,114,9,93,34.0
1,1.0,0.0,,0.4601999521255493,8.844050288200378,-0.002511289721078787,-0.11073817792726832,-0.11073817792726832,-0.10220343418743298,161,14,47,19.0
23,0.0,0.0,,0.038249969482421875,28.13824236392975,-0.0011311092396926515,-0.2787628965217526,-0.2787628965217526,-0.26336152811606217,220,11,81,19.818181818181817
9,1.0,0.0,,0.8453500270843506,0.5846562941671891,0.0022790577230287017,0.41078648213244956,0.41078648213244956,0.3902665924690696,342,9,99,32.888888888888886
23,0.0,0.0,,0.049599647521972656,12.591849565505981,-0.007341294892145375,-0.6467674374580383,-0.6467674374580383,-0.656330406665802,64,3,145,94.0
24,0.0,0.0,,0.5332999229431152,0.21824979782104492,0.001481723523035307,0.1616476577203147,0.1616476577203147,0.18110315424875909,356,5,101,54.4
13,1.0,0.0,,0.4167869662450361,6.219550132751465,-0.002826181250512346,-0.1992910883339847,-0.1992910883339847,-0.24509116676409634,176,11,47,22.454545454545453
14,0.0,0.0,,1.0971498489379883,0.22804999351501465,-0.0001082490359046621,0.5516194422371915,0.5516194422371915,0.5345805929458749,178,12,42,22.333333333333332
14,0.0,0.0,,0.009750127792358398,3.541199207305908,-0.0019493633651565916,-0.4740817333135952,-0.4740817333135952,-0.4686663321026141,6,10,50,31.2
9,0.0,0.0,,0.5525000095367432,13.467536088940529,0.0006559126841965111,0.06538277313488872,0.06538277313488872,0.07646199572534032,62,13,37,19.923076923076923
9,1.0,0.0,,0.3052499294281006,48.46288859844208,0.0008571364262682982,-0.1726447671067481,-0.1726447671067481,-0.1657738200041467,254,10,104,24.9
18,1.0,0.0,,0.17114996910095215,201.7873764038086,-0.006508745605153416,-0.8505124077409589,-0.8505124077409589,-0.8609612247218257,123,12,65,17.5
9,1.0,0.0,,0.570349931716919,8.100547313690186,0.0005784319193019913,0.1114036148669673,0.1114036148669673,0.11285439263219418,341,11,104,26.363636363636363
9,0.0,0.0,,0.16794991493225098,7.147602558135986,-0.00026177884355887683,-0.09120929341356293,-0.09120929341356293,-0.10585159480233726,294,8,95,38.625
10,1.0,0.0,,0.32050013542175293,47.70817804336548,0.001338530693398667,-0.1879174996490906,-0.1879174996490906,-0.19132592367089313,263,12,55,20.25
4,0.0,0.0,,0.0,147.36720156669617,-0.0012743864172136195,-1.313515543937683,-1.313515543937683,-1.2822238206863403,0,14,21,11.142857142857142
16,0.0,0.0,,0.0,554.2022800445557,-0.002045931585844336,-2.0672684099827827,-2.0672684099827827,-2.019475160176371,0,11,37,16.454545454545453
17,1.0,0.0,,0.3139500617980957,2.7462570667266846,0.0002013380082050429,0.0785217434167862,0.0785217434167862,0.07443246990442276,283,10,68,27.9
23,0.0,0.0,,0.3737499713897705,26.175301551818848,0.0014087475707366826,-0.0001920278009492904,-0.0001920278009492904,0.004534762818366289,281,10,65,18.9
12,0.0,0.0,,0.10714960098266602,38.39421463012695,-0.0004698169285624588,-0.1894177347421646,-0.1894177347421646,-0.17351964116096497,34,17,39,16.529411764705884
13,0.0,0.0,,0.7453000545501709,0.0102996826171875,0.0014504201242274831,0.348632385416859,0.348632385416859,0.3329899232213004,188,5,164,66.8
14,0.0,0.0,,0.2989997863769531,48.97045624256134,-0.0007400319820756448,-0.14910450335644207,-0.14910450335644207,-0.14914482739014784,85,13,40,23.0
15,0.0,0.0,,0.2551000118255615,5.9684998989105225,-0.012697560070332964,-1.4829928951770988,-1.4829928951770988,-1.4890799256306628,102,11,31,18.454545454545453
16,1.0,0.0,,0.6339006423950195,3.469036340713501,0.0008833202698687704,0.1792830377817154,0.1792830377817154,0.1914089471101761,353,5,151,65.4
22,0.0,0.0,,0.4087998867034912,14.572900176048279,-0.004868724062002475,-0.2669990376598027,-0.2669990376598027,-0.2628485569612843,208,12,51,26.25
2,0.0,0.0,,0.7534999847412109,0.08770012855529785,0.00021904889995013534,0.3911496317353235,0.3911496317353235,0.3796723788905992,209,14,36,11.714285714285714
3,0.0,0.0,,0.13724994659423828,37.29321360588074,-0.0009001287185330845,-0.24184145479976965,-0.24184145479976965,-0.23634509015198493,126,14,33,15.285714285714286
6,0.0,0.0,,0.24524974822998047,43.62605345249176,-0.003424385408495155,-0.3088395946166095,-0.3088395946166095,-0.3052266426184263,197,8,62,30.5
6,0.0,0.0,,1.1471092867851258,0.011200189590454102,0.0005454743881019865,0.5083124878025856,0.5083124878025856,0.5016773462554683,173,14,28,14.714285714285714
3,1.0,0.0,,0.6560499668121338,13.88284945487976,0.0018417053767573765,0.14286724025127934,0.14286724025127934,0.1486369630564814,260,17,40,17.0
4,0.0,0.0,,0.6940503120422363,9.519643783569336,-3.770160415375057e-05,0.081934854388237,0.081934854388237,0.08430011570453644,6,10,20,10.9
8,1.0,0.0,,0.19429993629455566,24.54376220703125,0.0007233266139094358,-0.1989331692457199,-0.1989331692457199,-0.1785588264465332,354,18,28,11.777777777777779
16,0.0,0.0,,0.07264995574951172,40.1095005273819,-0.0015099378833213642,-0.38098081654193355,-0.38098081654193355,-0.36764452248571766,7,16,24,12.75
6,0.0,0.0,,0.9138998985290527,0.7940969107902212,0.0024655040897871394,0.2876192050821641,0.2876192050821641,0.2934544371587732,272,11,75,19.90909090909091
8,1.0,0.0,,0.32479989528656006,72.1585130020976,-0.0005307884615940594,-0.1897273138791573,-0.1897273138791573,-0.1763657872443614,32,15,28,12.2
19,1.0,0.0,,2.04830002784729,1.234452247619629,0.004248670914237708,1.0077309608459473,1.0077309608459473,1.0076130628585815,264,12,21,12.75
23,0.0,0.0,,0.5643997192382812,0.6907503604888916,0.000595739971644417,0.24854114651679993,0.24854114651679993,0.25280001759529114,260,13,65,17.923076923076923
2,1.0,0.0,,0.22405004501342773,10.81925117969513,-0.0003742965204629275,-0.029107907239128563,-0.029107907239128563,-0.040077760772428674,169,7,68,41.285714285714285
2,0.0,0.0,,0.6022499799728394,4.493350028991699,-0.013748641355437201,-1.060183990402382,-1.060183990402382,-1.0666790856116253,47,12,36,14.333333333333334
9,1.0,0.0,,0.5678998231887817,1.4750502109527588,-0.00047928552641412407,0.22775971188264735,0.22775971188264735,0.22606174294986126,200,16,45,16.75
5,0.0,0.0,,0.7960999011993408,64.25144529342651,-7.640103037222518e-05,-0.18115754822055166,-0.18115754822055166,-0.21899781019791312,78,8,54,26.875
25,0.0,0.0,,0.3795611129866705,4.385800004005432,-0.008048623537324688,-0.5268418787240314,-0.5268418787240314,-0.5492343236961862,112,16,38,13.625
6,0.0,0.0,,0.596750020980835,0.06219971179962158,0.0011653061396613897,0.2606989141939735,0.2606989141939735,0.2655951130851408,356,12,44,21.416666666666668
18,1.0,0.0,,1.2109498977661133,0.0,0.0020102526332820806,0.8410926461219788,0.8410926461219788,0.8138868808746338,318,12,71,26.25
16,0.0,0.0,,1.1459999084472656,0.03750002384185791,0.0016558079754734234,0.6070237700678721,0.6070237700678721,0.6060725443129635,326,13,38,18.615384615384617
21,1.0,0.0,,0.021850109100341797,277.44377529621124,0.0007291872315072954,-0.801963227469714,-0.801963227469714,-0.7828749890480511,92,12,34,18.666666666666668
23,0.0,0.0,,0.10484981536865234,24.536749601364136,-0.0011319798219230918,-0.21102943674189037,-0.21102943674189037,-0.20639497521406627,221,11,82,19.90909090909091
3,0.0,0.0,,0.3147001266479492,9.776865482330319,0.00023822508236850747,0.0389675980522519,0.0389675980522519,0.04005995626034946,144,18,48,16.22222222222222
24,1.0,0.0,,0.2892003059387207,1.707899808883667,-0.0015430587124719676,-0.05087575391561043,-0.05087575391561043,-0.06849691554155138,298,8,74,32.5
24,1.0,0.0,,0.309749960899353,2.058200716972351,-0.0002134931416473117,0.092995706726523,0.092995706726523,0.08661797415779629,136,13,50,23.076923076923077
18,1.0,0.0,,0.4653496742248535,0.310100793838501,-0.00020716700032174623,0.1617441028356552,0.1617441028356552,0.14904987812042236,158,8,93,34.375
24,0.0,0.0,,0.4454498291015625,48.38655090332031,-0.006033598332034823,-0.32682693806015145,-0.32682693806015145,-0.32269350893868637,212,7,99,40.285714285714285
3,1.0,0.0,,0.324199914932251,37.53490352630615,-0.0019428178730743428,-0.23615178824806748,-0.23615178824806748,-0.22644969216291452,28,17,33,13.882352941176471
24,0.0,0.0,,0.5659998655319214,6.336801886558533,-0.001399243881345465,0.1740646647805927,0.1740646647805927,0.17259388067872053,165,10,63,30.7
9,0.0,0.0,,0.374500036239624,0.274150013923645,-0.0009902812013992373,0.03061575615773348,0.03061575615773348,0.025092711746129287,199,7,84,44.285714285714285
17,1.0,0.0,,0.1073002815246582,16.00674033164978,-0.00038842168707789156,-0.17994625866413116,-0.17994625866413116,-0.17831511795520782,98,9,47,21.666666666666668
6,0.0,0.0,,0.3942999839782715,16.12405844401288,0.0009225178086868939,-0.009306693611358729,-0.009306693611358729,-0.010274426930043984,337,15,39,16.2
18,1.0,0.0,,0.0,49.607834577560425,-0.0010305479360985792,-0.36140042092619823,-0.36140042092619823,-0.3403703005417534,0,9,44,23.555555555555557
25,0.0,0.0,,0.4089317538521504,5.701338796054616,-0.00010150452587763084,-0.021962139786792404,-0.021962139786792404,-0.02002116531805783,184,6,55,28.0
4,0.0,0.0,,0.06745004653930664,96.53068208694458,-0.0009507787716726067,-0.3985874354839325,-0.3985874354839325,-0.3946976959705353,4,17,19,11.294117647058824
17,1.0,0.0,,0.03365004062652588,71.69584807436517,0.00046956067773778896,-0.3867177430655108,-0.3867177430655108,-0.38171923547524517,3,15,26,13.0
17,1.0,0.0,,0.4989999532699585,0.027137793434990787,0.0001815705312737997,0.2972527620505218,0.2972527620505218,0.2920986154490937,215,12,49,19.416666666666668
16,0.0,0.0,,0.1356496810913086,50.521812915802,0.0003557681591149262,-0.2174977958202362,-0.2174977958202362,-0.20535437762737274,166,14,24,12.857142857142858
16,1.0,0.0,,0.5821003913879395,14.686514616012573,0.001265948734992776,0.11061957478523254,0.11061957478523254,0.11531326174736023,356,5,151,60.8
14,0.0,0.0,,1.2347500324249268,0.10119986534118652,0.0022237137940128437,0.6157619458954541,0.6157619458954541,0.6170222684642858,197,13,28,17.692307692307693
5,0.0,0.0,,0.6347000598907471,0.12779998779296875,0.0007064754318393683,0.26280864981376156,0.26280864981376156,0.24926512752240843,157,13,53,16.307692307692307
26,0.0,0.0,,0.39059996604919434,19.87973952293396,0.0003583523737586594,-0.04274684935808182,-0.04274684935808182,-0.03811512887477875,354,16,24,14.25
25,0.0,0.0,,0.272149920463562,1.1729999780654907,0.0004912905965004877,0.02573299107431363,0.02573299107431363,0.027034805004161132,323,15,38,15.666666666666666
24,0.0,0.0,,0.2872624141829352,4.191505193710327,0.000401545689854221,-0.00036219655632639545,-0.00036219655632639545,-0.007101595327720883,280,14,44,16.285714285714285
4,0.0,0.0,,0.5860500335693359,14.14005446434021,0.0012384870306630057,0.041376277804374695,0.041376277804374695,0.04434774070978165,301,13,19,9.923076923076923
17,1.0,0.0,,0.19845008850097656,7.6752002239227295,-0.0002605232031852495,-0.02533586136996746,-0.02533586136996746,-0.039073921740055084,246,11,68,24.818181818181817
14,0.0,0.0,,0.18575000762939453,84.7046731710434,-0.0009020709387892978,-0.2420757027233348,-0.2420757027233348,-0.23263955548189685,53,10,94,29.9
24,1.0,0.0,,0.13884997367858887,22.320345401763916,3.6565832220759726e-05,-0.062029533088207245,-0.062029533088207245,-0.06688043475151062,356,13,54,19.53846153846154
13,0.0,0.0,,0.5523502826690674,0.38193507561316764,0.0009779182782984582,0.21613911086437748,0.21613911086437748,0.20299799105794136,221,8,100,39.625
4,0.0,0.0,,0.7628998756408691,1.8879508972167969,-0.0013053890972736372,0.2912812829017639,0.2912812829017639,0.26149120926856995,138,11,42,12.727272727272727
1,1.0,0.0,,0.4136497974395752,15.439350605010986,-0.003112814466853406,-0.21901518557252003,-0.21901518557252003,-0.23875626797534236,165,14,55,21.428571428571427
7,1.0,0.0,,0.14439988136291504,48.628038630969286,0.0005746065835401098,-0.12458773086718819,-0.12458773086718819,-0.12446737022015307,324,7,99,39.0
4,0.0,0.0,,0.7288000583648682,0.08269953727722168,0.0005428491390682659,0.32254141569137573,0.32254141569137573,0.3274327218532562,134,12,42,13.166666666666666
18,1.0,0.0,,0.8174499273300171,1.5242031812667847,0.0006367261786358175,0.1841800717078671,0.1841800717078671,0.15560208196225372,77,11,44,14.545454545454545
8,1.0,0.0,,0.5124999284744263,2.8950278162956233,-0.0005917622449357119,0.08639439731752839,0.08639439731752839,0.08776870436744778,166,15,18,10.933333333333334
4,0.0,0.0,,0.6103999614715576,6.644504070281982,0.0008808556372737227,0.12189768999814987,0.12189768999814987,0.12713904678821564,230,20,26,12.3
18,1.0,0.0,,0.2479497194290161,5.0238001346588135,-0.0032100161048738544,-0.3108541938771053,-0.3108541938771053,-0.338143432479927,41,9,44,19.0
26,0.0,0.0,,0.6222002506256104,2.1852009296417236,0.0014368758478192937,0.2102079838514328,0.2102079838514328,0.1953129917383194,206,15,33,13.8
18,1.0,0.0,,0.31080007553100586,53.236145973205566,0.0017262094456756644,-0.16650894284248352,-0.16650894284248352,-0.1341652274131775,351,14,31,15.785714285714286
21,1.0,0.0,,0.9567000865936279,2.4899001121520996,-0.0021237622500282763,0.24138826248692533,0.24138826248692533,0.21496042985287736,83,13,35,18.0
13,0.0,0.0,,0.0,1.6210501194000244,-0.0008916020491025926,-1.1732692524832504,-1.1732692524832504,-1.158984951351,0,13,38,20.692307692307693
18,1.0,0.0,,0.4658997058868408,0.30515050888061523,-0.0002722205316800729,0.16301360726356506,0.16301360726356506,0.18596507608890533,153,8,93,34.375
8,1.0,0.0,,0.48344993591308594,3.9880780577659602,-0.0005790650894438681,0.06540644920172811,0.06540644920172811,0.06643174979452138,150,17,18,10.941176470588236
25,0.0,0.0,,0.4311719806226968,24.890550417348166,-0.0007366871863824899,-0.05189697799228486,-0.05189697799228486,-0.04177314758671904,314,14,38,14.642857142857142
6,0.0,0.0,,0.03880023956298828,63.89953947067261,-0.0012588862915118907,-0.45950523018836975,-0.45950523018836975,-0.45729339122772217,3,16,37,13.0
19,1.0,0.0,,1.5914497375488281,0.0,0.00029902573781463346,0.7300373911857605,0.7300373911857605,0.7245909571647644,179,14,29,14.142857142857142
16,1.0,0.0,,0.5337499380111694,1.4506042003631592,-4.705281443360867e-06,0.1646076552674216,0.1646076552674216,0.1566820816412403,356,7,84,29.428571428571427
4,0.0,0.0,,0.20219993591308594,75.74285244941711,-0.00230574332719175,-0.38690900802612305,-0.38690900802612305,-0.3758260905742645,27,15,42,13.2
5,0.0,0.0,,0.6808500289916992,50.8376087691333,0.0011459346175803295,-0.10183789332707723,-0.10183789332707723,-0.10143141287563325,252,17,27,16.764705882352942
3,0.0,0.0,,0.3210000991821289,30.889447689056396,-0.0006902592812597328,-0.10604802734043751,-0.10604802734043751,-0.12156090010767398,60,12,32,14.166666666666666
16,1.0,0.0,,0.23729991912841797,60.968209743499756,0.0011099848310297715,-0.21342113614082336,-0.21342113614082336,-0.204611137509346,350,6,146,49.333333333333336
4,0.0,0.0,,0.4394998550415039,27.684711694717407,2.7122142828726215e-05,-0.005497991107404232,-0.005497991107404232,-0.0002870144962798804,188,12,42,10.666666666666666
19,0.0,0.0,,0.368300199508667,13.280094861984253,-0.0005632615362915733,-0.0234692440647371,-0.0234692440647371,-0.029017280265328987,98,19,32,14.052631578947368
