participant,study_status,scene_familiarity,recall_status,fix_cnt,max_fix_cnt,avg_fix_cnt,blink_cnt,peak_blink_duration,avg_blink_duration
15,0.0,1.0,0.5,2,36,22.5,0,0,0.0
25,0.0,1.0,0.5,2,30,28.0,0,0,0.0
3,0.0,1.0,0.5,3,41,22.0,1,1,1.0
4,1.0,1.0,1.0,3,12,9.333333333333334,0,0,0.0
24,1.0,1.0,1.0,4,26,18.0,0,0,0.0
4,0.0,1.0,0.5,3,11,9.666666666666666,0,0,0.0
17,1.0,1.0,0.5,4,28,19.25,0,0,0.0
19,1.0,1.0,1.0,5,28,13.4,0,0,0.0
6,1.0,1.0,0.5,4,42,24.25,0,0,0.0
26,1.0,1.0,1.0,4,12,10.75,0,0,0.0
18,1.0,1.0,0.5,3,12,11.0,0,0,0.0
23,1.0,1.0,1.0,3,12,9.666666666666666,0,0,0.0
16,1.0,1.0,0.5,2,29,24.5,0,0,0.0
18,1.0,1.0,0.5,4,14,11.25,1,16,16.0
22,1.0,1.0,1.0,2,69,51.5,0,0,0.0
26,1.0,1.0,1.0,0,0,0.0,0,0,0.0
10,1.0,1.0,1.0,4,28,14.5,0,0,0.0
13,1.0,1.0,1.0,3,14,11.666666666666666,1,10,10.0
22,1.0,1.0,1.0,6,40,15.666666666666666,0,0,0.0
16,1.0,1.0,1.0,5,28,15.8,0,0,0.0
2,0.0,1.0,0.5,3,49,32.0,0,0,0.0
23,1.0,1.0,1.0,2,27,19.5,1,47,47.0
6,1.0,1.0,1.0,6,13,10.0,0,0,0.0
19,1.0,1.0,1.0,2,45,38.0,0,0,0.0
23,0.0,1.0,0.5,2,31,19.5,0,0,0.0
23,0.0,1.0,0.5,5,20,14.0,0,0,0.0
13,0.0,1.0,0.0,4,20,10.5,1,16,16.0
17,1.0,1.0,1.0,3,10,8.333333333333334,0,0,0.0
21,1.0,1.0,1.0,3,36,32.0,0,0,0.0
17,1.0,1.0,1.0,6,22,14.166666666666666,0,0,0.0
16,1.0,1.0,1.0,3,15,10.666666666666666,1,25,25.0
14,1.0,1.0,1.0,5,40,17.0,1,26,26.0
24,0.0,1.0,0.5,3,45,32.666666666666664,0,0,0.0
19,1.0,1.0,1.0,1,30,30.0,1,18,18.0
25,1.0,1.0,1.0,6,26,13.833333333333334,0,0,0.0
25,1.0,1.0,1.0,3,35,29.333333333333332,0,0,0.0
19,1.0,1.0,1.0,2,57,44.0,0,0,0.0
22,1.0,1.0,0.0,6,39,14.0,1,25,25.0
21,1.0,1.0,0.5,2,28,20.0,0,0,0.0
5,1.0,1.0,1.0,4,28,17.25,1,20,20.0
19,1.0,1.0,1.0,3,11,8.666666666666666,0,0,0.0
22,1.0,1.0,1.0,2,11,9.5,1,25,25.0
5,1.0,1.0,0.5,6,25,14.333333333333334,0,0,0.0
19,1.0,1.0,1.0,2,45,40.0,0,0,0.0
24,1.0,1.0,1.0,3,36,28.0,0,0,0.0
21,1.0,1.0,0.5,3,31,21.0,1,8,8.0
12,0.0,1.0,0.5,10,11,8.8,0,0,0.0
4,0.0,1.0,0.5,2,35,31.5,0,0,0.0
9,1.0,1.0,1.0,3,60,32.0,0,0,0.0
6,1.0,1.0,0.5,2,60,42.5,0,0,0.0
22,0.0,1.0,0.0,1,73,73.0,0,0,0.0
9,1.0,1.0,0.5,7,17,10.285714285714286,1,8,8.0
6,0.0,1.0,0.0,5,17,10.6,1,5,5.0
5,0.0,1.0,0.5,3,23,19.333333333333332,1,20,20.0
14,0.0,1.0,0.0,6,25,14.5,1,9,9.0
19,0.0,1.0,0.5,5,12,8.4,1,15,15.0
2,0.0,1.0,0.0,4,14,9.5,1,90,90.0
24,0.0,1.0,0.5,3,47,26.0,0,0,0.0
6,1.0,1.0,0.0,3,50,31.0,1,21,21.0
17,0.0,1.0,0.0,3,45,32.333333333333336,0,0,0.0
14,0.0,1.0,0.5,5,28,13.4,0,0,0.0
24,0.0,1.0,0.5,8,18,12.125,0,0,0.0
24,0.0,1.0,0.5,6,34,17.5,0,0,0.0
2,1.0,1.0,0.0,6,15,12.166666666666666,1,95,95.0
7,1.0,1.0,1.0,1,101,101.0,0,0,0.0
24,0.0,1.0,0.5,3,45,26.0,0,0,0.0
18,1.0,1.0,1.0,3,28,18.333333333333332,0,0,0.0
16,0.0,1.0,0.5,5,27,18.8,0,0,0.0
26,1.0,1.0,1.0,6,22,12.5,0,0,0.0
21,0.0,1.0,0.5,1,24,24.0,1,35,35.0
7,1.0,1.0,0.5,3,29,28.333333333333332,0,0,0.0
18,1.0,1.0,1.0,1,86,86.0,0,0,0.0
4,0.0,1.0,0.5,1,15,15.0,0,0,0.0
9,1.0,1.0,1.0,4,44,21.75,0,0,0.0
19,1.0,1.0,1.0,2,59,48.0,0,0,0.0
6,1.0,1.0,0.0,5,29,17.4,0,0,0.0
6,1.0,1.0,1.0,6,39,16.166666666666668,0,0,0.0
14,0.0,1.0,0.0,4,21,11.75,1,40,40.0
17,1.0,1.0,0.5,4,32,20.0,0,0,0.0
3,1.0,1.0,0.5,7,16,10.714285714285714,1,16,16.0
26,1.0,1.0,0.5,2,37,28.5,0,0,0.0
1,0.0,1.0,0.0,1,71,71.0,0,0,0.0
25,1.0,1.0,1.0,2,55,47.0,0,0,0.0
24,0.0,1.0,0.5,5,18,10.2,0,0,0.0
23,1.0,1.0,0.5,4,30,15.0,0,0,0.0
22,1.0,1.0,1.0,2,25,16.5,1,29,29.0
4,0.0,1.0,0.5,5,20,13.8,0,0,0.0
18,1.0,1.0,1.0,2,18,13.0,0,0,0.0
9,1.0,1.0,1.0,5,39,18.4,1,18,18.0
24,0.0,1.0,0.5,4,36,25.5,0,0,0.0
24,1.0,1.0,1.0,3,49,26.0,0,0,0.0
25,1.0,1.0,1.0,3,39,21.666666666666668,0,0,0.0
17,0.0,1.0,0.5,5,33,19.6,0,0,0.0
22,1.0,1.0,1.0,7,26,12.428571428571429,0,0,0.0
18,0.0,1.0,0.0,3,11,10.333333333333334,0,0,0.0
24,1.0,1.0,0.5,3,25,14.333333333333334,0,0,0.0
6,0.0,1.0,0.0,3,37,31.0,0,0,0.0
9,1.0,1.0,1.0,4,12,10.0,1,16,16.0
6,0.0,1.0,0.5,2,48,37.5,0,0,0.0
9,1.0,1.0,1.0,3,46,25.666666666666668,1,60,60.0
9,1.0,1.0,0.5,1,13,13.0,1,18,18.0
2,1.0,1.0,0.5,6,18,10.666666666666666,0,0,0.0
21,1.0,1.0,1.0,4,34,16.5,0,0,0.0
7,1.0,1.0,1.0,4,39,20.0,0,0,0.0
23,1.0,1.0,0.5,1,36,36.0,0,0,0.0
23,0.0,1.0,0.0,4,25,17.5,1,51,51.0
16,1.0,1.0,1.0,8,19,10.75,0,0,0.0
24,1.0,1.0,0.5,2,58,35.5,0,0,0.0
19,1.0,1.0,1.0,0,0,0.0,0,0,0.0
2,0.0,1.0,0.0,1,98,98.0,0,0,0.0
17,0.0,1.0,0.5,5,22,12.4,0,0,0.0
14,0.0,1.0,0.5,3,41,24.333333333333332,1,48,48.0
24,0.0,1.0,0.5,8,22,11.125,0,0,0.0
24,0.0,1.0,0.5,2,28,28.0,0,0,0.0
13,1.0,1.0,1.0,2,20,15.5,1,86,86.0
4,1.0,1.0,1.0,5,21,13.0,1,28,28.0
13,1.0,1.0,1.0,3,31,22.0,0,0,0.0
15,1.0,1.0,0.5,5,27,18.0,1,44,44.0
3,0.0,1.0,0.5,5,32,15.8,1,15,15.0
15,0.0,1.0,0.5,5,39,16.8,0,0,0.0
16,1.0,1.0,1.0,3,41,32.333333333333336,0,0,0.0
11,1.0,1.0,1.0,7,19,13.428571428571429,0,0,0.0
24,1.0,1.0,1.0,7,24,13.571428571428571,0,0,0.0
25,1.0,1.0,1.0,3,23,12.666666666666666,1,43,43.0
7,1.0,1.0,1.0,2,43,34.5,1,26,26.0
7,1.0,1.0,1.0,1,104,104.0,0,0,0.0
11,1.0,1.0,1.0,2,8,7.5,0,0,0.0
8,1.0,1.0,1.0,7,15,8.857142857142858,0,0,0.0
21,1.0,1.0,0.0,2,20,19.0,0,0,0.0
26,1.0,1.0,1.0,4,15,10.0,0,0,0.0
4,0.0,1.0,0.5,6,15,10.166666666666666,0,0,0.0
19,1.0,1.0,1.0,5,25,15.6,0,0,0.0
24,1.0,1.0,0.5,4,20,10.75,0,0,0.0
4,0.0,1.0,0.5,1,12,12.0,0,0,0.0
3,0.0,1.0,0.5,8,17,10.375,0,0,0.0
23,1.0,1.0,1.0,2,23,16.0,0,0,0.0
23,1.0,1.0,1.0,3,54,33.0,0,0,0.0
5,1.0,1.0,0.5,2,39,37.0,0,0,0.0
24,0.0,1.0,0.5,4,47,23.0,0,0,0.0
5,1.0,1.0,1.0,3,37,24.0,1,11,11.0
7,1.0,1.0,1.0,1,89,89.0,0,0,0.0
17,1.0,1.0,1.0,4,29,16.25,1,15,15.0
5,1.0,1.0,0.5,5,31,13.2,1,16,16.0
4,1.0,1.0,0.5,6,26,14.666666666666666,0,0,0.0
25,1.0,1.0,1.0,4,16,9.75,0,0,0.0
3,0.0,1.0,0.5,4,29,15.75,1,13,13.0
1,1.0,1.0,1.0,2,17,14.0,0,0,0.0
3,0.0,1.0,0.5,6,25,16.833333333333332,0,0,0.0
8,1.0,1.0,1.0,5,42,20.0,0,0,0.0
5,1.0,1.0,0.5,3,58,29.333333333333332,0,0,0.0
7,0.0,1.0,0.5,5,35,20.8,0,0,0.0
18,0.0,1.0,0.5,5,13,9.0,0,0,0.0
6,0.0,1.0,0.0,1,96,96.0,0,0,0.0
24,0.0,1.0,0.5,2,10,9.0,0,0,0.0
9,0.0,1.0,0.0,3,26,17.0,0,0,0.0
13,0.0,1.0,0.5,1,15,15.0,1,18,18.0
14,1.0,1.0,1.0,1,93,93.0,0,0,0.0
1,1.0,1.0,1.0,3,23,15.333333333333334,0,0,0.0
7,1.0,1.0,1.0,1,89,89.0,0,0,0.0
8,1.0,1.0,0.5,7,30,15.285714285714286,0,0,0.0
24,0.0,1.0,0.5,2,30,28.0,1,17,17.0
4,0.0,1.0,0.5,4,40,21.5,0,0,0.0
9,0.0,1.0,0.5,4,38,25.0,0,0,0.0
22,1.0,1.0,0.5,5,24,12.4,1,22,22.0
18,1.0,1.0,1.0,4,31,24.0,0,0,0.0
8,1.0,1.0,0.0,2,12,10.5,0,0,0.0
24,0.0,1.0,0.5,3,18,11.666666666666666,0,0,0.0
1,1.0,1.0,1.0,2,48,28.0,0,0,0.0
19,1.0,1.0,1.0,1,42,42.0,1,27,27.0
21,1.0,1.0,0.5,2,28,19.0,0,0,0.0
12,0.0,1.0,0.5,8,12,9.75,0,0,0.0
22,0.0,1.0,0.5,3,53,31.666666666666668,1,24,24.0
19,1.0,1.0,1.0,2,69,49.0,0,0,0.0
15,0.0,1.0,0.5,3,34,20.666666666666668,1,12,12.0
9,0.0,1.0,0.0,5,32,15.6,0,0,0.0
7,0.0,1.0,0.5,0,0,0.0,0,0,0.0
23,1.0,1.0,1.0,3,17,12.0,0,0,0.0
16,1.0,1.0,0.0,6,17,11.666666666666666,0,0,0.0
23,0.0,1.0,0.0,5,31,17.0,0,0,0.0
17,1.0,1.0,1.0,7,34,14.857142857142858,0,0,0.0
4,1.0,1.0,0.5,5,13,10.6,1,17,17.0
4,0.0,1.0,0.5,3,9,7.666666666666667,0,0,0.0
12,1.0,1.0,1.0,3,40,33.333333333333336,0,0,0.0
8,1.0,1.0,1.0,4,45,22.25,0,0,0.0
3,0.0,1.0,0.5,6,18,12.0,0,0,0.0
6,0.0,1.0,0.0,3,44,30.333333333333332,1,18,18.0
14,1.0,1.0,1.0,6,34,15.833333333333334,0,0,0.0
14,1.0,1.0,0.5,3,52,22.0,1,20,20.0
24,1.0,1.0,0.5,5,17,10.8,0,0,0.0
3,1.0,1.0,1.0,5,13,9.8,1,17,17.0
13,1.0,1.0,1.0,2,28,17.5,1,24,24.0
18,1.0,1.0,1.0,4,13,9.75,0,0,0.0
21,0.0,1.0,0.5,4,16,14.0,0,0,0.0
4,1.0,1.0,1.0,5,14,11.2,0,0,0.0
6,0.0,1.0,0.5,3,33,29.0,0,0,0.0
1,1.0,1.0,1.0,3,37,26.0,0,0,0.0
13,1.0,1.0,1.0,5,30,20.0,0,0,0.0
16,1.0,1.0,1.0,4,10,8.25,0,0,0.0
14,1.0,1.0,1.0,4,38,18.25,0,0,0.0
14,0.0,1.0,0.5,5,27,15.4,1,18,18.0
21,1.0,1.0,1.0,2,48,41.0,0,0,0.0
18,1.0,1.0,0.0,3,33,29.666666666666668,0,0,0.0
2,0.0,1.0,0.5,1,45,45.0,1,22,22.0
3,0.0,1.0,0.5,3,16,13.0,1,18,18.0
7,1.0,1.0,1.0,3,37,30.333333333333332,1,24,24.0
12,0.0,1.0,0.5,8,20,12.875,0,0,0.0
5,1.0,1.0,0.0,4,27,14.25,0,0,0.0
3,1.0,1.0,0.5,5,34,20.4,0,0,0.0
24,1.0,1.0,1.0,7,21,12.0,0,0,0.0
14,1.0,1.0,1.0,2,53,42.5,0,0,0.0
22,1.0,1.0,1.0,5,36,15.2,0,0,0.0
1,1.0,1.0,1.0,7,19,13.714285714285714,1,9,9.0
24,1.0,1.0,0.5,6,37,17.666666666666668,0,0,0.0
2,1.0,1.0,1.0,3,26,18.0,1,20,20.0
4,1.0,1.0,1.0,4,16,11.75,0,0,0.0
13,1.0,1.0,1.0,4,22,20.75,0,0,0.0
21,1.0,1.0,0.0,2,40,36.0,1,25,25.0
2,1.0,1.0,0.0,4,29,12.5,1,29,29.0
23,1.0,1.0,0.5,6,27,16.833333333333332,0,0,0.0
26,1.0,1.0,1.0,3,11,9.0,0,0,0.0
26,1.0,1.0,1.0,5,25,14.0,0,0,0.0
23,0.0,1.0,0.5,4,27,18.0,0,0,0.0
6,0.0,1.0,0.5,5,27,15.6,0,0,0.0
6,1.0,1.0,1.0,1,92,92.0,1,21,21.0
3,1.0,1.0,1.0,2,63,38.0,0,0,0.0
24,0.0,1.0,0.5,4,10,8.25,0,0,0.0
23,0.0,1.0,0.5,4,28,14.0,0,0,0.0
3,0.0,1.0,0.5,4,33,23.0,0,0,0.0
9,1.0,1.0,0.5,2,67,41.0,1,20,20.0
4,1.0,1.0,0.5,7,18,12.714285714285714,0,0,0.0
6,0.0,1.0,0.5,5,27,16.0,0,0,0.0
2,1.0,1.0,1.0,9,20,10.333333333333334,0,0,0.0
9,1.0,1.0,1.0,2,24,23.0,1,13,13.0
22,1.0,1.0,1.0,5,42,19.4,0,0,0.0
15,1.0,1.0,1.0,5,29,20.4,0,0,0.0
18,1.0,1.0,1.0,1,11,11.0,0,0,0.0
26,1.0,1.0,1.0,6,32,14.0,0,0,0.0
25,1.0,1.0,1.0,5,35,17.2,0,0,0.0
23,1.0,1.0,1.0,2,33,20.0,0,0,0.0
23,0.0,1.0,0.5,5,25,14.8,0,0,0.0
17,0.0,1.0,0.5,1,10,10.0,0,0,0.0
15,0.0,1.0,0.5,5,20,12.6,0,0,0.0
13,1.0,1.0,1.0,2,101,56.0,0,0,0.0
1,1.0,1.0,1.0,8,10,8.375,0,0,0.0
3,1.0,1.0,1.0,6,24,15.333333333333334,1,4,4.0
4,0.0,1.0,0.5,5,16,11.8,0,0,0.0
4,0.0,1.0,0.5,4,19,11.0,0,0,0.0
14,0.0,1.0,0.5,3,37,31.0,1,44,44.0
1,1.0,1.0,1.0,6,24,13.833333333333334,1,18,18.0
17,0.0,1.0,0.5,8,25,11.75,0,0,0.0
19,1.0,1.0,1.0,1,86,86.0,0,0,0.0
14,1.0,1.0,0.5,4,28,21.0,0,0,0.0
23,0.0,1.0,0.5,4,32,15.75,0,0,0.0
24,1.0,1.0,1.0,5,26,13.2,0,0,0.0
23,0.0,1.0,0.5,3,13,9.333333333333334,1,8,8.0
15,1.0,1.0,0.5,3,45,29.666666666666668,0,0,0.0
25,1.0,1.0,1.0,3,27,15.666666666666666,0,0,0.0
24,1.0,1.0,0.5,3,42,31.666666666666668,0,0,0.0
18,1.0,1.0,0.0,0,0,0.0,0,0,0.0
14,0.0,1.0,0.5,4,46,26.25,1,5,5.0
17,1.0,1.0,1.0,7,17,12.714285714285714,0,0,0.0
6,1.0,1.0,0.0,4,17,9.75,0,0,0.0
14,1.0,1.0,1.0,2,14,14.0,1,65,65.0
3,1.0,1.0,1.0,6,28,16.333333333333332,0,0,0.0
1,1.0,1.0,1.0,2,52,41.0,1,12,12.0
19,1.0,1.0,1.0,4,16,13.75,0,0,0.0
6,1.0,1.0,1.0,3,16,14.333333333333334,0,0,0.0
21,1.0,1.0,1.0,3,38,23.0,0,0,0.0
25,0.0,1.0,0.5,1,36,36.0,0,0,0.0
17,1.0,1.0,0.5,4,50,22.25,0,0,0.0
13,0.0,1.0,0.5,2,81,45.0,1,22,22.0
21,0.0,1.0,0.5,5,25,15.6,0,0,0.0
15,1.0,1.0,1.0,2,23,16.0,1,24,24.0
4,1.0,1.0,1.0,6,11,8.5,0,0,0.0
8,0.0,1.0,0.0,4,11,8.5,0,0,0.0
3,1.0,1.0,0.5,2,76,57.0,1,2,2.0
4,1.0,1.0,0.5,5,25,16.6,0,0,0.0
12,1.0,1.0,1.0,5,41,22.4,0,0,0.0
4,1.0,1.0,0.5,2,21,18.0,0,0,0.0
9,1.0,1.0,1.0,5,44,19.8,0,0,0.0
9,0.0,1.0,0.5,2,57,32.0,1,21,21.0
21,0.0,1.0,0.0,3,44,24.333333333333332,0,0,0.0
24,0.0,1.0,0.5,2,9,8.0,0,0,0.0
2,1.0,1.0,1.0,3,14,11.666666666666666,1,22,22.0
22,1.0,1.0,1.0,6,32,15.166666666666666,1,18,18.0
9,0.0,1.0,0.5,5,29,18.8,1,4,4.0
25,1.0,1.0,1.0,4,11,8.75,1,27,27.0
22,1.0,1.0,1.0,5,35,19.0,0,0,0.0
23,1.0,1.0,1.0,1,10,10.0,0,0,0.0
24,0.0,1.0,0.5,5,19,9.8,0,0,0.0
9,1.0,1.0,1.0,6,24,15.5,0,0,0.0
3,1.0,1.0,1.0,6,35,17.666666666666668,0,0,0.0
9,0.0,1.0,0.0,1,19,19.0,1,17,17.0
3,1.0,1.0,1.0,4,43,24.5,0,0,0.0
26,0.0,1.0,0.5,8,19,10.625,0,0,0.0
8,1.0,1.0,0.5,2,77,50.5,0,0,0.0
18,1.0,1.0,1.0,3,68,32.0,0,0,0.0
24,0.0,1.0,0.5,1,71,71.0,0,0,0.0
1,1.0,1.0,0.0,3,19,11.333333333333334,1,9,9.0
16,1.0,1.0,0.0,3,36,26.333333333333332,0,0,0.0
4,0.0,1.0,0.5,2,19,15.0,0,0,0.0
4,0.0,1.0,0.5,4,22,13.5,0,0,0.0
19,1.0,1.0,1.0,2,20,16.0,1,17,17.0
8,1.0,1.0,1.0,5,26,12.4,0,0,0.0
9,1.0,1.0,1.0,4,9,8.25,0,0,0.0
23,0.0,1.0,0.5,1,13,13.0,0,0,0.0
22,1.0,1.0,1.0,6,43,17.0,0,0,0.0
14,0.0,1.0,0.5,5,22,10.4,0,0,0.0
14,1.0,1.0,1.0,5,27,16.0,1,4,4.0
15,1.0,1.0,1.0,5,19,11.6,0,0,0.0
13,1.0,1.0,1.0,7,17,12.285714285714286,0,0,0.0
21,1.0,1.0,0.5,2,55,44.0,0,0,0.0
3,0.0,1.0,0.5,2,29,19.0,1,27,27.0
7,1.0,1.0,1.0,2,56,31.5,1,26,26.0
5,1.0,1.0,1.0,3,32,20.0,0,0,0.0
9,1.0,1.0,1.0,4,46,23.25,0,0,0.0
4,0.0,1.0,0.5,3,12,9.333333333333334,0,0,0.0
21,1.0,1.0,1.0,5,24,13.4,0,0,0.0
7,0.0,1.0,0.5,2,64,43.0,1,20,20.0
22,1.0,1.0,1.0,4,29,15.25,0,0,0.0
1,1.0,1.0,1.0,2,30,21.5,1,34,34.0
6,0.0,1.0,0.5,6,21,12.166666666666666,0,0,0.0
1,0.0,1.0,0.0,5,16,10.4,1,17,17.0
14,1.0,1.0,1.0,4,35,26.0,0,0,0.0
2,0.0,1.0,0.0,2,59,34.0,1,109,109.0
14,0.0,1.0,0.5,4,41,22.75,0,0,0.0
23,1.0,1.0,0.0,2,35,26.5,1,15,15.0
2,1.0,1.0,1.0,5,22,16.6,1,20,20.0
6,1.0,1.0,1.0,4,10,8.75,0,0,0.0
17,1.0,1.0,0.5,8,14,11.5,0,0,0.0
2,0.0,1.0,0.5,8,20,10.375,0,0,0.0
18,1.0,1.0,1.0,2,30,28.0,0,0,0.0
10,1.0,1.0,0.0,4,38,25.25,0,0,0.0
7,0.0,1.0,0.5,3,36,32.0,0,0,0.0
3,0.0,1.0,0.5,6,17,13.5,0,0,0.0
24,1.0,1.0,1.0,3,11,8.333333333333334,0,0,0.0
14,0.0,1.0,0.5,3,46,26.333333333333332,0,0,0.0
6,1.0,1.0,1.0,4,9,7.5,0,0,0.0
23,1.0,1.0,1.0,8,16,9.375,0,0,0.0
18,0.0,1.0,0.0,4,31,19.5,0,0,0.0
13,0.0,1.0,0.5,1,83,83.0,1,20,20.0
26,1.0,1.0,0.5,2,79,49.0,0,0,0.0
14,0.0,1.0,0.5,8,25,10.875,0,0,0.0
17,1.0,1.0,1.0,3,51,36.666666666666664,0,0,0.0
25,1.0,1.0,1.0,4,32,18.0,0,0,0.0
5,1.0,1.0,0.5,7,22,12.857142857142858,1,12,12.0
23,1.0,1.0,0.0,4,22,14.25,0,0,0.0
22,1.0,1.0,1.0,4,38,17.5,1,44,44.0
24,0.0,1.0,0.5,5,31,17.0,0,0,0.0
17,1.0,1.0,1.0,6,15,12.333333333333334,0,0,0.0
23,0.0,1.0,0.5,5,41,19.2,0,0,0.0
21,1.0,1.0,1.0,2,34,26.5,0,0,0.0
2,0.0,1.0,0.0,3,34,30.333333333333332,1,23,23.0
23,1.0,1.0,1.0,3,36,30.666666666666668,0,0,0.0
1,0.0,1.0,0.0,5,21,11.4,1,11,11.0
23,0.0,1.0,0.5,3,45,32.0,1,17,17.0
3,0.0,1.0,0.5,3,9,8.666666666666666,1,11,11.0
3,1.0,1.0,1.0,5,27,14.2,1,11,11.0
14,1.0,1.0,1.0,1,15,15.0,0,0,0.0
4,0.0,1.0,0.5,4,13,11.5,0,0,0.0
13,1.0,1.0,1.0,5,37,15.8,1,77,77.0
12,1.0,1.0,1.0,7,24,13.285714285714286,0,0,0.0
26,1.0,1.0,1.0,3,34,31.666666666666668,0,0,0.0
17,1.0,1.0,1.0,6,35,16.166666666666668,0,0,0.0
16,1.0,1.0,1.0,3,58,37.0,0,0,0.0
15,1.0,1.0,0.5,5,24,14.2,0,0,0.0
12,1.0,1.0,1.0,5,23,14.2,0,0,0.0
19,1.0,1.0,1.0,3,30,20.666666666666668,0,0,0.0
2,1.0,1.0,0.0,3,23,18.666666666666668,1,16,16.0
21,1.0,1.0,0.5,3,64,35.0,0,0,0.0
14,1.0,1.0,1.0,4,47,25.75,0,0,0.0
6,1.0,1.0,1.0,6,26,15.166666666666666,0,0,0.0
4,1.0,1.0,1.0,4,18,13.0,0,0,0.0
1,1.0,1.0,1.0,3,14,9.666666666666666,1,49,49.0
24,0.0,1.0,0.5,2,36,34.5,0,0,0.0
8,0.0,1.0,0.0,4,25,14.75,0,0,0.0
25,1.0,1.0,1.0,1,35,35.0,0,0,0.0
26,1.0,1.0,0.5,3,12,9.333333333333334,0,0,0.0
9,1.0,1.0,1.0,5,29,19.0,0,0,0.0
14,1.0,1.0,0.5,2,57,45.5,0,0,0.0
4,1.0,1.0,1.0,3,8,7.666666666666667,0,0,0.0
15,1.0,1.0,0.5,3,37,24.333333333333332,1,46,46.0
25,1.0,1.0,1.0,2,33,26.0,0,0,0.0
21,1.0,1.0,1.0,2,81,46.5,0,0,0.0
4,1.0,1.0,0.5,3,26,16.333333333333332,0,0,0.0
10,0.0,1.0,0.5,4,49,21.75,1,21,21.0
3,0.0,1.0,0.5,3,37,29.0,0,0,0.0
3,0.0,1.0,0.5,4,29,25.75,0,0,0.0
19,1.0,1.0,0.0,2,44,38.5,0,0,0.0
25,0.0,1.0,0.5,3,27,25.0,0,0,0.0
18,1.0,1.0,1.0,4,27,16.0,0,0,0.0
2,0.0,1.0,0.0,3,42,33.666666666666664,0,0,0.0
14,1.0,1.0,0.5,9,14,9.88888888888889,0,0,0.0
8,1.0,1.0,1.0,5,23,13.6,0,0,0.0
19,1.0,1.0,1.0,1,73,73.0,0,0,0.0
3,1.0,1.0,0.5,5,52,21.4,0,0,0.0
8,1.0,1.0,0.0,1,25,25.0,0,0,0.0
26,0.0,1.0,0.0,3,45,30.666666666666668,0,0,0.0
15,0.0,1.0,0.5,4,19,12.0,0,0,0.0
16,0.0,1.0,0.5,3,24,14.0,0,0,0.0
17,0.0,1.0,0.5,3,36,16.666666666666668,0,0,0.0
9,1.0,1.0,1.0,5,22,12.0,0,0,0.0
19,1.0,1.0,1.0,3,9,7.666666666666667,1,18,18.0
7,1.0,1.0,0.5,3,41,36.666666666666664,0,0,0.0
4,1.0,1.0,1.0,2,15,13.0,0,0,0.0
7,0.0,1.0,0.0,3,39,28.0,0,0,0.0
5,1.0,1.0,1.0,3,65,29.666666666666668,1,13,13.0
7,0.0,1.0,0.5,1,69,69.0,0,0,0.0
24,1.0,1.0,1.0,4,16,11.75,1,9,9.0
18,0.0,1.0,0.5,3,14,11.666666666666666,1,21,21.0
25,1.0,1.0,0.5,5,56,19.4,0,0,0.0
12,1.0,1.0,0.5,6,30,14.166666666666666,0,0,0.0
8,0.0,1.0,0.5,3,22,14.666666666666666,0,0,0.0
18,1.0,1.0,1.0,3,31,27.0,0,0,0.0
18,1.0,1.0,1.0,3,25,13.666666666666666,0,0,0.0
17,1.0,1.0,1.0,7,23,11.285714285714286,0,0,0.0
1,1.0,1.0,0.5,8,12,8.75,1,13,13.0
7,0.0,1.0,0.5,1,104,104.0,0,0,0.0
25,1.0,1.0,1.0,3,30,25.0,0,0,0.0
19,1.0,1.0,1.0,6,24,16.5,0,0,0.0
19,1.0,1.0,1.0,0,0,0.0,0,0,0.0
9,1.0,1.0,0.5,5,27,17.4,0,0,0.0
24,1.0,1.0,1.0,4,35,19.25,0,0,0.0
23,1.0,1.0,1.0,1,18,18.0,0,0,0.0
12,0.0,1.0,0.0,2,34,29.5,0,0,0.0
12,1.0,1.0,1.0,5,34,16.4,0,0,0.0
14,1.0,1.0,1.0,3,45,35.0,0,0,0.0
12,1.0,1.0,1.0,6,28,13.833333333333334,0,0,0.0
17,1.0,1.0,1.0,2,44,25.5,0,0,0.0
12,1.0,1.0,1.0,4,34,22.5,0,0,0.0
9,0.0,1.0,0.0,7,16,10.571428571428571,0,0,0.0
8,1.0,1.0,0.0,2,54,39.5,0,0,0.0
13,1.0,1.0,1.0,2,23,22.5,0,0,0.0
22,1.0,1.0,1.0,4,26,18.5,1,18,18.0
14,1.0,1.0,1.0,4,42,27.0,0,0,0.0
22,1.0,1.0,1.0,4,25,17.0,1,16,16.0
4,1.0,1.0,1.0,3,38,23.0,1,8,8.0
8,1.0,1.0,0.5,5,14,9.6,0,0,0.0
24,0.0,1.0,0.5,5,41,19.8,0,0,0.0
6,1.0,1.0,0.0,4,21,15.75,0,0,0.0
18,0.0,1.0,0.5,3,44,29.666666666666668,0,0,0.0
18,0.0,1.0,0.5,4,13,9.75,0,0,0.0
16,0.0,1.0,0.0,6,24,13.333333333333334,0,0,0.0
23,0.0,1.0,0.5,3,16,10.666666666666666,0,0,0.0
17,0.0,1.0,0.5,4,9,7.75,0,0,0.0
23,0.0,1.0,0.0,5,27,15.8,0,0,0.0
14,1.0,1.0,1.0,3,44,29.333333333333332,1,17,17.0
3,1.0,1.0,1.0,5,39,17.8,0,0,0.0
14,1.0,1.0,1.0,3,45,33.333333333333336,0,0,0.0
3,0.0,1.0,0.5,6,42,13.833333333333334,0,0,0.0
9,0.0,1.0,0.5,4,8,7.25,1,22,22.0
24,1.0,1.0,0.5,4,34,20.75,0,0,0.0
19,1.0,1.0,1.0,3,23,13.0,0,0,0.0
21,0.0,1.0,0.5,3,11,9.333333333333334,0,0,0.0
25,1.0,1.0,1.0,3,42,26.0,1,8,8.0
25,0.0,1.0,0.5,4,20,15.75,0,0,0.0
14,0.0,1.0,0.5,3,31,29.0,0,0,0.0
5,1.0,1.0,1.0,5,34,21.0,0,0,0.0
3,1.0,1.0,1.0,4,30,17.75,1,9,9.0
4,1.0,1.0,1.0,5,32,18.4,1,8,8.0
23,1.0,1.0,1.0,2,14,11.0,0,0,0.0
25,1.0,1.0,1.0,3,26,22.0,0,0,0.0
24,0.0,1.0,0.5,6,18,11.833333333333334,0,0,0.0
6,0.0,1.0,0.5,3,22,13.333333333333334,1,19,19.0
3,0.0,1.0,0.5,4,49,20.75,0,0,0.0
6,1.0,1.0,1.0,2,65,48.5,0,0,0.0
22,0.0,1.0,0.5,5,47,18.4,0,0,0.0
7,1.0,1.0,1.0,1,68,68.0,1,23,23.0
12,1.0,1.0,0.5,8,15,10.75,0,0,0.0
6,1.0,1.0,1.0,3,34,23.666666666666668,1,21,21.0
26,1.0,1.0,1.0,4,22,12.75,0,0,0.0
6,0.0,1.0,0.0,1,8,8.0,1,15,15.0
9,0.0,1.0,0.5,4,52,22.0,1,25,25.0
16,1.0,1.0,1.0,3,56,35.666666666666664,0,0,0.0
17,1.0,1.0,0.5,6,34,15.833333333333334,0,0,0.0
3,0.0,1.0,0.5,3,41,32.666666666666664,0,0,0.0
25,0.0,1.0,0.0,3,31,17.666666666666668,1,22,22.0
2,1.0,1.0,0.5,3,60,35.666666666666664,1,4,4.0
22,1.0,1.0,0.0,6,26,13.5,1,30,30.0
24,0.0,1.0,0.5,3,35,22.333333333333332,0,0,0.0
9,1.0,1.0,1.0,6,13,9.0,1,18,18.0
15,0.0,1.0,0.5,4,22,11.75,0,0,0.0
18,1.0,1.0,1.0,7,23,12.142857142857142,0,0,0.0
7,1.0,1.0,1.0,1,84,84.0,0,0,0.0
24,0.0,1.0,0.5,5,21,17.4,0,0,0.0
6,1.0,1.0,1.0,1,68,68.0,1,50,50.0
16,0.0,1.0,0.0,4,36,24.25,0,0,0.0
15,1.0,1.0,1.0,3,26,20.333333333333332,1,28,28.0
26,0.0,1.0,0.5,5,9,7.8,0,0,0.0
24,1.0,1.0,0.5,4,28,17.75,0,0,0.0
25,1.0,1.0,0.5,6,12,10.333333333333334,1,36,36.0
24,0.0,1.0,0.5,4,20,14.0,0,0,0.0
13,1.0,1.0,1.0,3,42,19.0,0,0,0.0
14,0.0,1.0,0.5,2,40,34.5,1,36,36.0
16,1.0,1.0,1.0,7,24,13.571428571428571,0,0,0.0
19,1.0,1.0,1.0,0,0,0.0,1,17,17.0
4,1.0,1.0,1.0,3,19,15.0,0,0,0.0
16,1.0,1.0,0.0,5,36,17.2,0,0,0.0
24,1.0,1.0,0.5,5,33,13.8,0,0,0.0
21,1.0,1.0,0.5,3,28,15.666666666666666,0,0,0.0
17,0.0,1.0,0.5,7,16,9.285714285714286,0,0,0.0
13,1.0,1.0,1.0,4,40,23.25,1,17,17.0
24,0.0,1.0,0.5,6,27,14.333333333333334,0,0,0.0
6,0.0,1.0,0.5,5,30,15.4,0,0,0.0
1,0.0,1.0,0.5,2,81,52.5,0,0,0.0
10,0.0,1.0,0.5,2,45,40.5,1,19,19.0
23,1.0,1.0,1.0,6,35,16.166666666666668,0,0,0.0
2,0.0,1.0,0.0,6,28,17.0,0,0,0.0
4,0.0,1.0,0.5,5,11,8.8,1,5,5.0
2,1.0,1.0,1.0,3,45,22.666666666666668,1,24,24.0
26,1.0,1.0,1.0,7,15,9.857142857142858,0,0,0.0
12,0.0,1.0,0.5,4,43,24.0,0,0,0.0
14,0.0,1.0,0.5,4,30,25.75,0,0,0.0
13,1.0,1.0,0.0,4,15,13.0,1,29,29.0
14,1.0,1.0,1.0,3,58,36.333333333333336,1,1,1.0
24,1.0,1.0,0.5,3,22,15.333333333333334,1,8,8.0
3,1.0,1.0,0.5,2,63,47.5,0,0,0.0
11,1.0,1.0,1.0,2,29,19.5,1,17,17.0
16,0.0,1.0,0.0,7,25,13.571428571428571,0,0,0.0
22,1.0,1.0,0.5,2,36,33.0,0,0,0.0
3,1.0,1.0,1.0,5,17,13.2,1,17,17.0
13,0.0,1.0,0.5,4,26,22.5,1,13,13.0
25,1.0,1.0,0.0,4,30,18.25,0,0,0.0
19,1.0,1.0,1.0,3,21,14.333333333333334,0,0,0.0
14,0.0,1.0,0.5,2,75,54.0,0,0,0.0
8,1.0,1.0,0.5,6,27,17.0,0,0,0.0
1,1.0,1.0,1.0,3,55,37.333333333333336,0,0,0.0
12,0.0,1.0,0.5,7,30,13.0,0,0,0.0
24,1.0,1.0,1.0,5,27,19.0,0,0,0.0
2,1.0,1.0,1.0,2,68,41.0,0,0,0.0
17,0.0,1.0,0.5,4,36,21.25,0,0,0.0
24,1.0,1.0,0.5,6,15,10.5,1,1,1.0
13,0.0,1.0,0.0,5,21,12.4,0,0,0.0
23,1.0,1.0,1.0,2,39,29.0,1,41,41.0
24,1.0,1.0,1.0,5,30,14.4,0,0,0.0
9,1.0,1.0,1.0,4,38,21.75,0,0,0.0
3,1.0,1.0,1.0,4,36,19.5,1,22,22.0
15,1.0,1.0,1.0,3,34,23.0,0,0,0.0
17,0.0,1.0,0.5,6,26,16.666666666666668,0,0,0.0
22,1.0,1.0,1.0,3,50,29.666666666666668,1,19,19.0
15,1.0,1.0,1.0,3,37,28.666666666666668,0,0,0.0
16,1.0,1.0,1.0,7,13,9.0,0,0,0.0
2,0.0,1.0,0.0,2,43,40.5,0,0,0.0
11,1.0,1.0,1.0,2,7,7.0,0,0,0.0
16,1.0,1.0,0.0,5,43,17.2,0,0,0.0
24,1.0,1.0,0.5,5,34,19.6,0,0,0.0
4,0.0,1.0,0.5,2,46,27.5,0,0,0.0
7,1.0,1.0,0.5,1,36,36.0,0,0,0.0
7,1.0,1.0,0.5,2,56,40.0,0,0,0.0
24,1.0,1.0,0.5,2,49,36.0,1,18,18.0
23,1.0,1.0,1.0,7,13,9.285714285714286,0,0,0.0
18,1.0,1.0,1.0,2,26,18.5,0,0,0.0
8,1.0,1.0,0.5,3,52,26.333333333333332,0,0,0.0
18,0.0,1.0,0.5,6,13,8.833333333333334,0,0,0.0
13,1.0,1.0,1.0,6,21,15.833333333333334,0,0,0.0
1,1.0,1.0,1.0,1,18,18.0,0,0,0.0
24,0.0,1.0,0.5,4,25,16.5,0,0,0.0
14,1.0,1.0,1.0,1,108,108.0,0,0,0.0
6,1.0,1.0,1.0,2,55,39.5,0,0,0.0
24,0.0,1.0,0.5,5,20,13.4,0,0,0.0
2,1.0,1.0,0.5,2,53,36.5,0,0,0.0
4,1.0,1.0,0.5,4,16,11.25,0,0,0.0
4,1.0,1.0,0.5,3,11,9.666666666666666,0,0,0.0
15,0.0,1.0,0.5,3,46,20.666666666666668,0,0,0.0
4,1.0,1.0,0.5,4,39,17.5,0,0,0.0
3,1.0,1.0,1.0,6,43,17.166666666666668,0,0,0.0
18,0.0,1.0,0.5,4,25,17.5,0,0,0.0
15,0.0,1.0,0.5,4,29,20.25,0,0,0.0
25,1.0,1.0,0.5,4,21,11.75,1,20,20.0
6,1.0,1.0,0.0,3,21,14.333333333333334,0,0,0.0
25,1.0,1.0,1.0,1,28,28.0,0,0,0.0
19,0.0,1.0,0.5,2,15,13.5,1,11,11.0
24,0.0,1.0,0.5,6,35,17.0,0,0,0.0
4,0.0,1.0,0.5,5,41,21.0,0,0,0.0
13,1.0,1.0,1.0,2,40,28.0,0,0,0.0
23,0.0,1.0,0.5,4,26,12.75,0,0,0.0
19,1.0,1.0,1.0,2,65,47.5,0,0,0.0
24,1.0,1.0,1.0,3,46,27.666666666666668,0,0,0.0
4,0.0,1.0,0.5,2,13,11.0,0,0,0.0
1,1.0,1.0,1.0,2,82,56.0,0,0,0.0
15,0.0,1.0,0.5,3,38,27.0,0,0,0.0
18,1.0,1.0,1.0,2,23,17.0,0,0,0.0
18,1.0,1.0,1.0,2,31,19.5,0,0,0.0
17,1.0,1.0,1.0,3,16,13.0,0,0,0.0
4,0.0,1.0,0.5,2,12,9.5,0,0,0.0
18,0.0,1.0,0.5,5,18,14.4,1,33,33.0
4,1.0,1.0,0.5,5,26,14.4,0,0,0.0
22,1.0,1.0,1.0,4,45,19.25,0,0,0.0
18,1.0,1.0,0.0,4,19,12.75,0,0,0.0
14,0.0,1.0,0.5,5,40,21.2,0,0,0.0
1,1.0,1.0,0.5,5,35,13.8,0,0,0.0
14,1.0,1.0,0.5,3,39,30.0,1,23,23.0
8,0.0,1.0,0.5,3,27,16.0,0,0,0.0
6,1.0,1.0,0.5,1,111,111.0,0,0,0.0
2,0.0,1.0,0.5,5,10,8.6,1,27,27.0
24,0.0,1.0,0.5,3,39,29.0,0,0,0.0
19,1.0,1.0,1.0,3,49,27.666666666666668,0,0,0.0
26,1.0,1.0,1.0,3,14,12.0,0,0,0.0
18,1.0,1.0,1.0,2,14,10.5,1,9,9.0
22,0.0,1.0,0.5,4,9,7.75,1,15,15.0
26,1.0,1.0,1.0,4,21,16.75,0,0,0.0
19,0.0,1.0,0.0,6,18,11.333333333333334,0,0,0.0
14,0.0,1.0,0.5,4,16,9.75,0,0,0.0
24,1.0,1.0,1.0,3,62,29.0,0,0,0.0
14,1.0,1.0,0.0,4,45,24.25,0,0,0.0
25,1.0,1.0,1.0,3,21,13.333333333333334,1,23,23.0
10,1.0,1.0,0.5,4,28,16.25,1,20,20.0
25,1.0,1.0,0.0,3,22,15.666666666666666,1,12,12.0
14,1.0,1.0,0.5,4,27,16.0,0,0,0.0
17,1.0,1.0,1.0,4,24,12.25,0,0,0.0
18,0.0,1.0,0.5,3,29,15.333333333333334,0,0,0.0
10,1.0,1.0,1.0,2,42,38.5,0,0,0.0
22,1.0,1.0,1.0,5,22,11.8,0,0,0.0
23,1.0,1.0,1.0,2,11,10.5,0,0,0.0
24,1.0,1.0,1.0,4,34,25.75,0,0,0.0
17,1.0,1.0,0.5,8,17,10.375,0,0,0.0
18,1.0,1.0,1.0,3,38,30.666666666666668,0,0,0.0
2,1.0,1.0,1.0,2,37,27.5,0,0,0.0
7,1.0,1.0,0.5,2,82,50.5,0,0,0.0
6,0.0,1.0,0.5,2,70,49.0,0,0,0.0
10,0.0,1.0,0.5,3,56,34.0,0,0,0.0
14,1.0,1.0,0.0,5,26,13.8,0,0,0.0
16,1.0,1.0,1.0,7,16,13.285714285714286,0,0,0.0
14,0.0,1.0,0.0,5,33,19.0,0,0,0.0
17,0.0,1.0,0.5,4,42,16.5,0,0,0.0
14,0.0,1.0,0.5,5,34,19.2,0,0,0.0
19,0.0,1.0,0.5,3,10,9.0,0,0,0.0
8,0.0,1.0,0.0,5,23,11.4,0,0,0.0
7,1.0,1.0,1.0,1,116,116.0,0,0,0.0
15,1.0,1.0,0.5,4,11,10.25,1,25,25.0
7,1.0,1.0,1.0,1,49,49.0,1,28,28.0
23,1.0,1.0,1.0,4,15,10.75,0,0,0.0
16,1.0,1.0,1.0,2,56,33.0,0,0,0.0
1,1.0,1.0,0.0,3,41,34.0,0,0,0.0
15,0.0,1.0,0.5,3,20,13.666666666666666,1,11,11.0
5,1.0,1.0,0.5,4,20,19.25,1,14,14.0
14,0.0,1.0,0.5,1,110,110.0,0,0,0.0
14,1.0,1.0,1.0,5,17,12.0,1,79,79.0
9,0.0,1.0,0.0,2,54,49.5,0,0,0.0
23,0.0,1.0,0.5,1,58,58.0,0,0,0.0
4,1.0,1.0,1.0,7,25,13.571428571428571,0,0,0.0
18,0.0,1.0,0.5,3,18,12.666666666666666,1,3,3.0
13,1.0,1.0,1.0,4,26,18.0,0,0,0.0
6,1.0,1.0,1.0,1,107,107.0,0,0,0.0
4,1.0,1.0,0.5,3,60,32.666666666666664,0,0,0.0
9,1.0,1.0,0.5,4,47,19.25,1,27,27.0
4,1.0,1.0,1.0,2,99,54.0,0,0,0.0
19,1.0,1.0,1.0,2,49,36.0,0,0,0.0
3,1.0,1.0,1.0,4,34,25.25,0,0,0.0
25,1.0,1.0,1.0,2,45,27.0,1,18,18.0
25,1.0,1.0,0.5,2,15,12.0,0,0,0.0
