participant,study_status,scene_familiarity,recall_status,fix_cnt,max_fix_cnt,avg_fix_cnt,saccade_count,avg_saccade_duration,avg_saccade_peak_vel,avg_saccade_amplitude,microsaccade_count,avg_microsaccade_duration,avg_microsaccade_vel,avg_microsaccade_amp
15,0.0,1.0,0.5,7,39,18.857142857142858,2,45.0,30.132360297413676,210.1388440285338,0,0.0,0.0,0.0
25,0.0,1.0,0.5,5,81,39.0,1,35.0,25.233217701876786,62.558357635216815,0,0.0,0.0,0.0
3,0.0,1.0,0.5,8,40,19.375,3,24.0,28.132600100734923,158.6488197362267,0,0.0,0.0,0.0
4,1.0,1.0,1.0,7,35,12.571428571428571,4,33.75,20.73442269248802,144.11986952532644,0,0.0,0.0,0.0
24,1.0,1.0,1.0,8,26,13.5,6,19.333333333333332,29.626179177760466,188.20452922424488,0,0.0,0.0,0.0
4,0.0,1.0,0.5,11,12,8.727272727272727,4,31.25,20.567002238815963,141.8209569947921,1,8.0,3.1259571170415614,19.44690324457715
17,1.0,1.0,0.5,9,35,18.22222222222222,2,27.5,34.19048177065873,219.28881591320152,0,0.0,0.0,0.0
19,1.0,1.0,1.0,9,72,20.88888888888889,2,18.5,20.968363288122532,118.20136365530902,0,0.0,0.0,0.0
6,1.0,1.0,0.5,7,43,27.428571428571427,1,23.0,17.78965755863163,85.04912099451653,1,9.0,1.957910799884133,13.509036620818659
26,1.0,1.0,1.0,9,21,14.777777777777779,3,28.666666666666668,27.55441758372132,172.5286239774938,1,10.0,3.4301595774440505,21.577477384796133
18,1.0,1.0,0.5,9,32,16.22222222222222,3,23.0,33.26738644696681,254.01742226962037,1,8.0,3.1472864971168666,18.11620673981796
23,1.0,1.0,1.0,6,15,11.0,5,31.4,26.788989596055057,227.16603183193075,0,0.0,0.0,0.0
16,1.0,1.0,0.5,4,31,26.0,1,122.0,24.364966471485435,78.9868531153422,0,0.0,0.0,0.0
18,1.0,1.0,0.5,9,26,12.0,4,28.5,19.545073394431476,176.1457656911434,0,0.0,0.0,0.0
26,1.0,1.0,1.0,3,45,29.666666666666668,3,48.0,22.316741563720868,149.0486140339863,0,0.0,0.0,0.0
10,1.0,1.0,1.0,9,28,17.0,3,24.666666666666668,26.485458767217114,171.9509387705009,2,7.75,3.344945449993785,16.468283516943217
13,1.0,1.0,1.0,8,32,15.875,3,32.0,15.577382623646637,115.85850439030581,0,0.0,0.0,0.0
22,1.0,1.0,1.0,12,56,16.833333333333332,2,8.5,25.966419243527007,117.46403800764872,3,9.5,2.994092776514035,19.69118083580329
24,0.0,1.0,0.5,9,36,18.11111111111111,2,31.5,5.630671534884679,60.01751917433502,0,0.0,0.0,0.0
16,1.0,1.0,1.0,11,45,14.0,5,13.6,20.999518580339654,96.48916663618456,0,0.0,0.0,0.0
2,0.0,1.0,0.5,5,50,35.8,3,13.333333333333334,10.115437613744211,35.002233502426726,0,0.0,0.0,0.0
23,1.0,1.0,1.0,4,45,23.0,5,28.0,16.913854073935966,139.448597671311,0,0.0,0.0,0.0
9,0.0,1.0,0.5,10,17,12.2,4,24.5,20.786038435062927,142.23807767223582,1,7.0,4.361183130175707,17.778558533684475
6,1.0,1.0,1.0,11,31,12.454545454545455,3,26.666666666666668,28.63675484164986,191.98880272742088,0,0.0,0.0,0.0
23,0.0,1.0,0.5,5,31,16.4,4,37.25,32.470467734787626,196.43663782812476,0,0.0,0.0,0.0
1,1.0,1.0,0.5,5,69,31.8,2,36.0,10.98269292503834,152.11957770755632,1,10.5,2.4675575543405506,18.221708049901256
23,0.0,1.0,0.5,11,32,14.636363636363637,6,9.5,17.290225703846684,81.2684920369452,0,0.0,0.0,0.0
14,1.0,1.0,1.0,5,42,22.2,4,29.0,8.21519004122042,57.58963288524383,0,0.0,0.0,0.0
17,1.0,1.0,1.0,8,16,9.125,6,25.833333333333332,30.4099782658321,158.56290277735377,0,0.0,0.0,0.0
21,1.0,1.0,1.0,7,38,21.857142857142858,2,34.5,12.926592716818364,170.28150419765853,0,0.0,0.0,0.0
17,1.0,1.0,1.0,12,42,17.083333333333332,1,10.0,33.36649652471796,178.14630121160664,0,0.0,0.0,0.0
16,1.0,1.0,1.0,6,45,17.666666666666668,2,60.5,22.504233858604128,115.04715519604699,1,8.0,6.29344171621117,7.729964704733879
14,1.0,1.0,1.0,9,50,19.22222222222222,3,15.0,3.63727411873406,31.749474053669644,0,0.0,0.0,0.0
24,0.0,1.0,0.5,9,45,20.666666666666668,3,7.333333333333333,17.286618264685185,71.45695962379892,0,0.0,0.0,0.0
19,1.0,1.0,1.0,5,30,18.2,3,46.0,24.6565661774407,191.57882811255433,0,0.0,0.0,0.0
25,1.0,1.0,1.0,6,35,26.333333333333332,2,31.0,21.77274171827554,245.75753050836636,0,0.0,0.0,0.0
19,1.0,1.0,1.0,4,85,44.75,1,51.0,27.86258341626865,229.7467237754384,0,0.0,0.0,0.0
22,1.0,1.0,0.0,8,39,17.875,2,41.5,11.839200233521705,65.76526734702728,0,0.0,0.0,0.0
21,1.0,1.0,0.5,5,37,25.2,2,49.5,13.658174395577689,161.32505072135947,0,0.0,0.0,0.0
5,1.0,1.0,1.0,8,32,20.625,5,12.0,24.645997898534343,86.50856880890896,1,8.5,4.404543128222929,16.17280961413634
19,1.0,1.0,1.0,7,57,18.428571428571427,5,20.0,22.90747686561341,150.16550425078822,0,0.0,0.0,0.0
22,1.0,1.0,1.0,6,34,18.0,4,29.75,19.011260008555993,153.37696128674594,0,0.0,0.0,0.0
5,1.0,1.0,0.5,11,41,15.909090909090908,4,9.5,27.151897032947332,106.74285833455151,1,13.0,3.1561741226653477,20.128869997881885
19,1.0,1.0,1.0,3,105,61.666666666666664,1,45.0,3.202024628170219,7.001875634875256,0,0.0,0.0,0.0
24,1.0,1.0,1.0,6,53,35.666666666666664,2,6.5,13.505335148453561,30.110918508658195,0,0.0,0.0,0.0
21,1.0,1.0,0.5,5,31,19.8,2,66.0,28.114163534765314,373.5948129730219,0,0.0,0.0,0.0
12,0.0,1.0,0.5,16,12,8.6875,4,19.0,18.983437334885107,121.34221712104876,0,0.0,0.0,0.0
4,0.0,1.0,0.5,5,36,21.8,3,38.333333333333336,26.331664744899815,164.76327570090473,0,0.0,0.0,0.0
9,1.0,1.0,1.0,8,63,27.25,0,0.0,0.0,0.0,0,0.0,0.0,0.0
6,1.0,1.0,0.5,6,43,23.5,4,21.5,22.13333785026941,99.42255901833427,0,0.0,0.0,0.0
22,0.0,1.0,0.0,5,113,41.0,2,13.5,9.685992049294018,65.70928536546106,1,7.0,6.515590762318357,25.607347846123115
9,1.0,1.0,0.5,11,32,12.909090909090908,4,17.75,11.557894495956251,82.3323115158895,0,0.0,0.0,0.0
6,0.0,1.0,0.0,11,20,11.0,5,19.0,31.158958109865758,143.51500592440567,0,0.0,0.0,0.0
5,0.0,1.0,0.5,4,63,30.25,2,8.0,48.1665518043177,248.88215239872156,0,0.0,0.0,0.0
14,0.0,1.0,0.0,9,23,13.222222222222221,4,26.25,20.53188199437608,127.13078817282747,1,8.0,4.823018144181947,17.728780538725733
19,0.0,1.0,0.5,7,34,13.0,6,23.0,21.625119062669473,155.65588109250982,0,0.0,0.0,0.0
2,0.0,1.0,0.0,8,30,14.375,4,27.5,12.6450939083395,165.26138880095448,0,0.0,0.0,0.0
24,0.0,1.0,0.5,5,47,35.0,1,47.0,29.010738897906087,79.54387031066824,0,0.0,0.0,0.0
17,0.0,1.0,0.0,6,45,24.333333333333332,4,20.25,32.43520565569418,196.06381916113617,0,0.0,0.0,0.0
13,1.0,1.0,1.0,7,25,12.285714285714286,4,35.5,25.494632133304528,195.60006619279804,0,0.0,0.0,0.0
14,0.0,1.0,0.5,9,39,16.11111111111111,3,25.0,16.314035925723218,118.49485157044762,1,9.0,4.171473656817069,30.714973370930956
24,0.0,1.0,0.5,14,18,10.928571428571429,3,21.333333333333332,22.98405977292421,94.34864982005372,0,0.0,0.0,0.0
24,0.0,1.0,0.5,9,49,24.11111111111111,0,0.0,0.0,0.0,1,9.0,4.2284885426022765,27.65449337123372
2,1.0,1.0,0.0,11,24,14.181818181818182,4,16.25,2.27397178977408,28.54453493380602,1,12.5,2.655878876840064,21.130880472012628
7,1.0,1.0,1.0,3,161,76.66666666666667,0,0.0,0.0,0.0,0,0.0,0.0,0.0
23,1.0,1.0,0.0,6,42,26.5,3,23.0,17.704695572318524,127.14512355086542,0,0.0,0.0,0.0
24,0.0,1.0,0.5,8,57,24.375,1,26.0,23.595689472359997,81.01208558315211,0,0.0,0.0,0.0
18,1.0,1.0,1.0,5,74,37.6,1,37.0,18.10544305892673,46.907599251931,0,0.0,0.0,0.0
16,0.0,1.0,0.5,11,42,19.272727272727273,0,0.0,0.0,0.0,0,0.0,0.0,0.0
26,1.0,1.0,1.0,11,22,10.909090909090908,6,16.0,20.55321236213847,136.97513570904582,0,0.0,0.0,0.0
21,0.0,1.0,0.5,5,35,22.8,3,37.0,23.016943595953943,130.4394880217748,1,11.5,6.22401577632031,33.76495363562439
7,1.0,1.0,0.5,7,88,28.285714285714285,3,8.333333333333334,14.388048996444354,49.755408209158226,0,0.0,0.0,0.0
18,1.0,1.0,1.0,4,92,53.0,1,10.0,33.556623758502475,169.93076850194234,1,11.0,7.041788776086082,6.970892642824137
4,0.0,1.0,0.5,6,34,13.5,3,49.666666666666664,24.49393505734878,231.88630042075894,0,0.0,0.0,0.0
9,1.0,1.0,1.0,7,44,21.142857142857142,5,14.4,13.144294956008196,66.60974052779986,0,0.0,0.0,0.0
6,1.0,1.0,0.0,7,29,16.285714285714285,4,27.5,9.593767224499116,71.30825935253587,0,0.0,0.0,0.0
6,1.0,1.0,1.0,10,80,20.1,3,7.333333333333333,23.71727075622995,107.39324446868977,3,7.666666666666667,3.3621515272245155,16.074124835771784
17,1.0,1.0,0.5,4,89,34.25,2,44.5,31.620161176166334,226.59075590034064,0,0.0,0.0,0.0
3,1.0,1.0,0.5,12,35,15.0,2,21.0,14.464367934667873,130.3565988859654,0,0.0,0.0,0.0
26,1.0,1.0,0.5,8,56,28.0,0,0.0,0.0,0.0,0,0.0,0.0,0.0
1,0.0,1.0,0.0,4,104,54.0,1,16.0,0.8470893857618317,12.706340786427319,1,12.5,2.4834900222936236,14.837316396593195
25,1.0,1.0,1.0,5,55,39.8,1,25.0,20.59449686297838,55.49192723172648,0,0.0,0.0,0.0
24,0.0,1.0,0.5,12,25,12.166666666666666,2,32.0,18.14421215137477,133.2273912960206,0,0.0,0.0,0.0
22,1.0,1.0,1.0,8,36,18.25,3,25.333333333333332,17.768755179428208,151.51945053923487,1,9.0,3.032939900559656,20.071401805934833
4,0.0,1.0,0.5,9,20,12.333333333333334,3,37.666666666666664,27.48596617778991,217.9182727670035,1,9.5,4.02396743601542,17.95204422289609
18,1.0,1.0,1.0,5,32,21.0,4,30.75,30.812675697014893,210.86798038640416,0,0.0,0.0,0.0
9,1.0,1.0,1.0,10,39,16.2,2,23.5,23.375281109675598,141.8210625440442,1,8.0,3.1326675118312197,17.653291420233977
24,0.0,1.0,0.5,9,36,20.11111111111111,1,31.0,47.78074520931979,218.6964030750237,1,9.0,3.3103021120926854,23.670770472304113
24,1.0,1.0,1.0,6,52,35.666666666666664,1,7.0,3.1694911448499163,15.64336749735872,0,0.0,0.0,0.0
25,1.0,1.0,1.0,8,41,19.25,3,21.333333333333332,9.179937080795215,105.77787315279271,0,0.0,0.0,0.0
17,0.0,1.0,0.5,11,51,17.545454545454547,2,12.5,4.256617047160023,17.418320522064224,3,9.0,3.4997014594019844,25.150208196723952
22,1.0,1.0,1.0,11,26,12.0,6,14.333333333333334,14.454796166409736,86.92018879548745,0,0.0,0.0,0.0
18,0.0,1.0,0.0,7,22,13.571428571428571,3,43.666666666666664,38.42266607243821,342.90424261703225,0,0.0,0.0,0.0
24,1.0,1.0,0.5,7,25,12.571428571428571,6,23.5,24.61723317581634,118.19785960520498,0,0.0,0.0,0.0
6,0.0,1.0,0.0,4,86,49.5,1,31.0,16.293998193612165,42.564949339251214,1,7.0,4.624833563566095,20.32864381826947
9,1.0,1.0,1.0,7,27,15.142857142857142,3,40.666666666666664,26.11887353041219,186.99674172534537,0,0.0,0.0,0.0
6,0.0,1.0,0.5,5,90,42.6,1,9.0,16.49390717992676,87.37017725639372,1,8.0,4.772686047598079,16.31266709195345
9,1.0,1.0,1.0,8,43,19.625,1,45.0,11.328583517847948,116.36627284790235,0,0.0,0.0,0.0
9,1.0,1.0,0.5,4,93,40.75,2,34.5,1.6876321646535017,18.14924087807686,0,0.0,0.0,0.0
2,1.0,1.0,0.5,12,38,15.0,4,11.0,24.057508502428437,151.80015811730036,1,7.0,3.5122812729598696,17.321118183890064
21,1.0,1.0,1.0,7,83,28.571428571428573,1,19.0,28.00231439410023,111.58608721241171,0,0.0,0.0,0.0
7,1.0,1.0,1.0,8,36,23.75,2,16.0,26.216260092310577,105.55836654602646,0,0.0,0.0,0.0
23,1.0,1.0,0.5,8,67,25.75,2,6.5,18.632755295135315,82.02697090098724,0,0.0,0.0,0.0
23,0.0,1.0,0.0,7,32,21.142857142857142,2,34.0,4.289682856310492,23.723783018937162,0,0.0,0.0,0.0
16,1.0,1.0,1.0,13,29,14.923076923076923,2,9.0,10.50509887415096,44.26025387179175,2,8.5,2.55961016045534,16.44879876938374
24,1.0,1.0,0.5,4,64,48.0,1,31.0,25.299527394456167,77.96531475398287,0,0.0,0.0,0.0
19,1.0,1.0,1.0,1,183,183.0,1,52.0,13.417123910419894,28.92929521481933,2,8.5,0.6054511984513604,3.5365175935861726
17,0.0,1.0,0.5,8,52,23.5,1,36.0,32.833271910293924,171.70224870779603,0,0.0,0.0,0.0
23,1.0,1.0,1.0,9,31,14.0,5,18.6,17.255895245768958,89.51766277508426,0,0.0,0.0,0.0
14,0.0,1.0,0.5,7,43,25.0,3,15.333333333333334,13.280118323109493,91.59592873269658,0,0.0,0.0,0.0
24,0.0,1.0,0.5,14,22,12.928571428571429,2,19.0,27.97541425888612,148.39476262434783,0,0.0,0.0,0.0
24,0.0,1.0,0.5,5,56,39.0,1,25.0,27.220236086299515,220.39315341651394,0,0.0,0.0,0.0
13,1.0,1.0,1.0,6,20,14.166666666666666,3,48.333333333333336,21.879807007538158,162.6131934317028,0,0.0,0.0,0.0
4,1.0,1.0,1.0,8,38,18.5,3,20.0,8.641100915481514,88.41953010691869,0,0.0,0.0,0.0
13,1.0,1.0,1.0,8,31,17.375,3,27.0,27.551132133083332,177.0755569873733,0,0.0,0.0,0.0
3,0.0,1.0,0.5,8,32,19.5,3,23.0,13.769750473795545,58.24131283834752,0,0.0,0.0,0.0
15,0.0,1.0,0.5,9,39,20.444444444444443,3,11.0,5.944193436399093,31.892470413555298,0,0.0,0.0,0.0
6,1.0,1.0,1.0,9,44,22.555555555555557,2,8.5,4.452993730926042,20.27546959639169,1,9.0,2.9580332688094813,20.802419809174673
16,1.0,1.0,1.0,7,41,25.857142857142858,1,40.0,31.69453546158291,98.74042459146452,0,0.0,0.0,0.0
11,1.0,1.0,1.0,8,35,15.75,3,32.0,16.184046996664502,132.18319324840778,0,0.0,0.0,0.0
24,1.0,1.0,1.0,10,45,17.6,2,22.0,32.08871119516865,183.59545301902716,1,8.5,3.3717794892278574,18.895799353382774
25,1.0,1.0,1.0,8,32,17.125,2,43.0,17.318896919958547,65.59103528519117,0,0.0,0.0,0.0
7,1.0,1.0,1.0,4,87,51.5,2,11.5,14.50509242182144,46.71358460922572,1,7.5,6.256618686509985,8.496878914474674
11,1.0,1.0,1.0,5,41,14.0,3,52.666666666666664,35.193156324997666,270.8939818411293,1,9.5,2.8444772001158425,15.786415033648126
8,1.0,1.0,1.0,11,27,14.0,4,16.0,20.12320553552211,109.07568503665705,1,8.0,3.536575307416771,21.29096093977362
21,1.0,1.0,0.0,9,56,18.0,3,21.666666666666668,25.87680437097878,253.92357648803537,0,0.0,0.0,0.0
26,1.0,1.0,1.0,9,15,9.555555555555555,6,22.666666666666668,21.277694632952436,115.57038641285698,0,0.0,0.0,0.0
4,0.0,1.0,0.5,12,15,9.583333333333334,5,21.0,25.2479307534257,146.70934396615615,1,8.0,3.9708907946648218,27.442725823731628
19,1.0,1.0,1.0,6,82,28.0,1,56.0,24.68680931740508,125.09031584121423,1,10.0,2.9554718365547017,17.105811699877183
24,1.0,1.0,0.5,11,37,12.454545454545455,5,17.0,30.278484425760816,168.04720485647312,0,0.0,0.0,0.0
4,0.0,1.0,0.5,6,30,16.0,1,121.0,33.728937458456805,354.3731295436876,0,0.0,0.0,0.0
3,0.0,1.0,0.5,11,40,16.09090909090909,4,11.0,15.929473363578758,79.87353651862577,0,0.0,0.0,0.0
23,1.0,1.0,1.0,6,35,20.833333333333332,3,34.0,29.1261546266778,213.6358434690396,0,0.0,0.0,0.0
23,1.0,1.0,1.0,5,58,26.2,2,48.5,23.4006629397202,93.13891829015517,0,0.0,0.0,0.0
5,1.0,1.0,0.5,4,87,54.0,1,12.0,13.895580401108008,39.60279623098671,0,0.0,0.0,0.0
24,0.0,1.0,0.5,6,55,30.666666666666668,3,14.333333333333334,25.226321769417126,96.06105423089468,0,0.0,0.0,0.0
5,1.0,1.0,1.0,6,95,37.5,0,0.0,0.0,0.0,0,0.0,0.0,0.0
7,1.0,1.0,1.0,3,129,65.66666666666667,2,16.5,15.506394275029404,52.51897850034996,1,8.5,6.805403100720681,10.44268709127314
17,1.0,1.0,1.0,10,31,16.7,3,16.333333333333332,19.828330784010422,83.9814737598834,1,8.0,4.044955737303578,23.763839503399083
15,1.0,1.0,0.5,9,35,17.555555555555557,4,14.75,14.971142855771722,69.55199514998233,0,0.0,0.0,0.0
5,1.0,1.0,0.5,7,56,22.714285714285715,2,29.0,24.47619924650924,187.92841045440218,0,0.0,0.0,0.0
4,1.0,1.0,0.5,11,36,15.181818181818182,4,13.75,28.477257683726307,113.5213794981984,0,0.0,0.0,0.0
25,1.0,1.0,1.0,9,29,12.88888888888889,6,16.833333333333332,26.74638168180103,155.5225510826743,1,8.5,5.961691976342968,35.72187808372929
3,0.0,1.0,0.5,7,29,14.714285714285714,3,39.666666666666664,20.64372059706052,145.29386427626693,0,0.0,0.0,0.0
1,1.0,1.0,1.0,3,43,23.666666666666668,2,81.0,26.38060057167074,195.08504558995998,0,0.0,0.0,0.0
3,0.0,1.0,0.5,9,45,22.0,3,9.666666666666666,26.220270910368594,99.5447149642402,0,0.0,0.0,0.0
8,1.0,1.0,1.0,12,42,14.666666666666666,3,10.666666666666666,4.644008240221187,39.02763770997373,0,0.0,0.0,0.0
5,1.0,1.0,0.5,6,58,35.666666666666664,1,12.0,32.77577700046773,113.58386334391565,0,0.0,0.0,0.0
7,0.0,1.0,0.5,10,35,20.7,0,0.0,0.0,0.0,0,0.0,0.0,0.0
18,0.0,1.0,0.5,11,21,10.909090909090908,5,19.4,17.475198945513355,90.1713877674417,1,7.0,3.704785095056962,17.55995320046808
6,0.0,1.0,0.0,4,120,49.25,2,17.5,0.8975610166958752,11.006800022053092,1,10.0,3.303576837433491,10.749616453514403
24,0.0,1.0,0.5,6,10,8.5,5,34.8,38.805473973211875,281.2958246940399,0,0.0,0.0,0.0
9,0.0,1.0,0.0,7,83,27.714285714285715,3,11.666666666666666,1.9318732120317386,16.671638278156376,0,0.0,0.0,0.0
13,0.0,1.0,0.5,4,107,50.0,2,12.0,21.449142621801347,158.94032816607609,0,0.0,0.0,0.0
14,1.0,1.0,1.0,4,152,54.25,1,12.0,31.9307159994992,206.47117215474483,1,9.0,3.0775082742496638,20.118613255217902
1,1.0,1.0,1.0,6,35,18.166666666666668,4,30.25,15.867506337143947,84.78655795484893,0,0.0,0.0,0.0
8,1.0,1.0,0.5,14,31,12.285714285714286,3,12.0,4.525045504446933,26.256723300975832,0,0.0,0.0,0.0
24,0.0,1.0,0.5,7,50,29.428571428571427,2,10.0,21.744638831128523,140.93465062763687,0,0.0,0.0,0.0
13,0.0,1.0,0.0,6,38,24.0,4,20.75,0.4499209633558942,4.81542985778406,0,0.0,0.0,0.0
4,0.0,1.0,0.5,9,63,21.444444444444443,2,8.0,13.490017398328941,67.15026574802769,0,0.0,0.0,0.0
22,1.0,1.0,0.5,7,45,21.142857142857142,3,26.0,14.64529374140138,100.39216135062752,0,0.0,0.0,0.0
18,1.0,1.0,1.0,5,78,36.6,2,19.5,32.125095346350555,111.65853102605544,1,12.5,8.291938736149785,12.09117015068908
8,1.0,1.0,0.0,7,18,12.0,5,29.2,29.824969021007625,188.34316137115502,0,0.0,0.0,0.0
24,0.0,1.0,0.5,6,18,10.666666666666666,3,53.0,21.596394114947632,229.85199778808234,0,0.0,0.0,0.0
1,1.0,1.0,1.0,4,94,41.75,2,28.5,28.255615633327594,175.73018701199695,0,0.0,0.0,0.0
19,1.0,1.0,1.0,3,103,61.666666666666664,3,16.0,5.913125654128756,14.557181840612719,0,0.0,0.0,0.0
21,1.0,1.0,0.5,6,27,14.0,3,47.333333333333336,26.34586812951494,142.32497372823696,0,0.0,0.0,0.0
12,0.0,1.0,0.5,14,21,11.571428571428571,4,14.75,20.225807212120404,96.76515890511368,0,0.0,0.0,0.0
22,0.0,1.0,0.5,9,55,22.0,2,14.5,9.333689238448896,51.23153700656512,0,0.0,0.0,0.0
19,1.0,1.0,1.0,4,89,50.0,1,24.0,1.2480608455714295,11.46173600507624,1,9.0,4.540387258661095,11.613705442998967
15,0.0,1.0,0.5,6,34,18.666666666666668,3,36.0,21.007690626573442,142.81748099822227,0,0.0,0.0,0.0
9,0.0,1.0,0.0,11,37,16.727272727272727,3,12.666666666666666,24.776062087825917,141.3852593485768,0,0.0,0.0,0.0
7,0.0,1.0,0.5,3,155,69.0,2,12.5,16.84157431135018,66.66084165269588,0,0.0,0.0,0.0
23,1.0,1.0,1.0,7,19,11.571428571428571,2,68.0,38.13420270473214,368.99224909779724,0,0.0,0.0,0.0
16,1.0,1.0,0.0,9,26,12.777777777777779,3,35.666666666666664,17.76592939150327,135.20447599387052,0,0.0,0.0,0.0
17,1.0,1.0,1.0,8,34,15.25,3,34.333333333333336,39.66760934366062,292.47587849307786,1,11.0,2.714410910260969,19.31677631662614
4,1.0,1.0,0.5,9,40,15.555555555555555,5,16.8,14.882960593002249,72.28782639223847,0,0.0,0.0,0.0
4,0.0,1.0,0.5,11,37,11.272727272727273,2,49.0,26.576867104208677,159.95198782938672,0,0.0,0.0,0.0
12,1.0,1.0,1.0,4,63,39.75,1,69.0,8.258244688567231,31.79187538114969,0,0.0,0.0,0.0
8,1.0,1.0,1.0,11,45,16.545454545454547,6,6.5,22.741314813682582,113.1447320798386,0,0.0,0.0,0.0
3,0.0,1.0,0.5,12,30,14.916666666666666,4,9.25,12.180200779073893,61.67263579361416,1,9.0,3.3696729139570936,22.092627026754755
6,0.0,1.0,0.0,5,68,35.8,2,24.5,19.003095387052333,127.35047969770751,0,0.0,0.0,0.0
14,1.0,1.0,1.0,10,34,13.6,3,28.0,18.791082275096773,158.8546510990865,0,0.0,0.0,0.0
14,1.0,1.0,0.5,7,52,19.714285714285715,5,17.4,21.89545801238986,169.20909042454167,0,0.0,0.0,0.0
24,1.0,1.0,0.5,13,19,12.23076923076923,5,11.0,15.698916268537769,85.15531133844021,0,0.0,0.0,0.0
3,1.0,1.0,1.0,9,39,12.555555555555555,4,27.25,27.0836307500505,166.7303438075146,0,0.0,0.0,0.0
13,1.0,1.0,1.0,7,31,15.714285714285714,4,29.0,22.067742038828037,157.5129758448569,0,0.0,0.0,0.0
18,1.0,1.0,1.0,9,13,9.666666666666666,4,31.5,30.45388111933489,188.29575721793108,0,0.0,0.0,0.0
21,0.0,1.0,0.5,11,43,18.0,2,11.0,13.93578919882868,59.73967943787294,0,0.0,0.0,0.0
1,1.0,1.0,1.0,4,58,26.25,3,40.0,13.489240123974298,85.99048480924228,2,9.25,5.051117099555844,19.992060666966037
4,1.0,1.0,1.0,12,25,12.833333333333334,6,11.0,16.138708051434765,59.49108677876893,0,0.0,0.0,0.0
6,0.0,1.0,0.5,4,92,57.5,0,0.0,0.0,0.0,1,7.5,3.0996620934037287,6.56485524647851
1,1.0,1.0,1.0,4,42,22.25,3,46.333333333333336,28.240110702926632,161.00932901234367,1,6.5,6.919581092293525,27.202545875895183
13,1.0,1.0,1.0,8,30,20.0,2,33.0,12.447826959848344,98.9858556770808,0,0.0,0.0,0.0
16,1.0,1.0,1.0,7,22,10.285714285714286,4,37.75,8.962494046522046,84.06694928766733,0,0.0,0.0,0.0
14,1.0,1.0,1.0,6,98,30.166666666666668,3,15.0,12.44952340841521,53.689486314416946,1,7.0,3.9903551004708575,16.389722061936858
14,0.0,1.0,0.5,12,46,14.916666666666666,2,18.5,23.470082776834186,169.53296971977653,1,8.5,3.5030917023648946,18.123033188567632
21,1.0,1.0,1.0,7,37,27.285714285714285,2,16.0,30.48801938267807,168.07815881752836,0,0.0,0.0,0.0
18,1.0,1.0,0.0,7,44,22.857142857142858,2,31.0,18.284559829411656,119.31842442603094,0,0.0,0.0,0.0
2,0.0,1.0,0.5,7,45,16.142857142857142,3,37.666666666666664,10.875726928395736,152.60167761403233,0,0.0,0.0,0.0
3,0.0,1.0,0.5,10,24,12.2,4,25.0,24.231972014595677,181.35334132816428,0,0.0,0.0,0.0
7,1.0,1.0,1.0,4,93,45.25,2,23.5,6.7649927545527575,42.75801571293472,0,0.0,0.0,0.0
12,0.0,1.0,0.5,12,32,16.916666666666668,2,8.5,18.76044608975092,71.56683509673535,0,0.0,0.0,0.0
5,1.0,1.0,0.0,7,49,19.857142857142858,4,21.5,32.3511745716582,160.46202407652018,0,0.0,0.0,0.0
3,1.0,1.0,0.5,8,45,16.0,3,31.333333333333332,24.74085637575472,158.1236915541692,0,0.0,0.0,0.0
24,1.0,1.0,1.0,13,32,12.846153846153847,5,10.2,18.056151107128798,84.47847705945283,0,0.0,0.0,0.0
14,1.0,1.0,1.0,5,56,39.2,1,26.0,21.940714026136057,71.25390737641374,0,0.0,0.0,0.0
1,1.0,1.0,1.0,11,34,15.454545454545455,2,24.5,10.382420454836106,53.574748961564325,0,0.0,0.0,0.0
24,1.0,1.0,0.5,10,37,17.1,2,23.5,12.71656539823552,45.53380806949867,0,0.0,0.0,0.0
4,1.0,1.0,1.0,12,17,10.25,4,21.5,25.61812749841489,150.70539417611457,0,0.0,0.0,0.0
13,1.0,1.0,1.0,6,29,20.666666666666668,3,33.666666666666664,30.824567443460992,245.13202673358288,0,0.0,0.0,0.0
21,1.0,1.0,0.0,4,59,40.25,3,23.666666666666668,13.868191853374915,168.35083199141488,1,7.5,6.041358353840238,21.737318394673586
2,1.0,1.0,0.0,10,29,11.1,5,22.4,17.959510359601524,133.82367985374128,0,0.0,0.0,0.0
23,1.0,1.0,0.5,9,67,22.88888888888889,1,7.0,20.580849980074987,46.02830519959333,0,0.0,0.0,0.0
26,1.0,1.0,1.0,8,30,15.625,2,46.5,32.166269654971536,233.37237109613935,0,0.0,0.0,0.0
26,1.0,1.0,1.0,10,39,18.1,4,10.0,10.517481220496233,59.12913004850752,0,0.0,0.0,0.0
21,0.0,1.0,1.0,6,28,19.0,3,37.666666666666664,18.298174862090644,123.49157653330009,0,0.0,0.0,0.0
23,0.0,1.0,0.5,6,55,25.666666666666668,2,37.0,18.090246243843847,244.50756820053837,1,9.0,11.308362706938665,10.38783521881989
6,0.0,1.0,0.5,9,47,21.666666666666668,3,9.0,20.197984888172854,88.44023945548497,1,12.0,2.9225502492287334,27.920658166268154
6,1.0,1.0,1.0,4,152,44.75,2,26.5,17.830493821627662,131.2809998367905,0,0.0,0.0,0.0
3,1.0,1.0,1.0,10,63,21.5,1,8.0,30.72712950125518,75.34931728964892,1,11.0,4.781003239831694,17.754015074834655
24,0.0,1.0,0.5,11,26,11.545454545454545,6,16.0,25.139699749354886,138.4515624819954,0,0.0,0.0,0.0
23,0.0,1.0,0.5,8,22,10.375,5,28.6,23.589469564537904,160.24415096292455,0,0.0,0.0,0.0
3,0.0,1.0,0.5,8,46,24.625,3,9.0,24.16095843638642,126.78878245309265,1,8.0,2.2508438034294116,13.063780750061166
9,1.0,1.0,0.5,8,76,24.375,3,11.0,2.8958296668341847,10.09794127845514,0,0.0,0.0,0.0
4,1.0,1.0,0.5,11,45,15.0,5,11.0,24.914247999977402,119.82134211001139,0,0.0,0.0,0.0
6,0.0,1.0,0.5,12,27,12.666666666666666,5,11.8,19.886297629394825,122.09942067885754,3,10.0,3.51527977262061,24.42683777733761
2,1.0,1.0,1.0,12,18,11.166666666666666,5,14.8,14.989685212830096,63.148636495015886,1,7.0,6.210803936240488,22.451709538770352
9,1.0,1.0,1.0,8,24,15.25,5,21.2,22.680398097690606,193.13213745340275,1,17.0,2.11278662762369,23.085875534285712
15,1.0,1.0,1.0,8,31,21.5,1,47.0,38.10019474043031,227.1915656874876,1,10.0,2.79927152360957,21.593212926162664
18,1.0,1.0,1.0,5,25,18.6,3,46.0,35.33733914672512,221.54778233018882,0,0.0,0.0,0.0
26,1.0,1.0,1.0,12,46,15.75,3,10.666666666666666,20.79073110959746,82.2137886833177,0,0.0,0.0,0.0
25,1.0,1.0,1.0,8,35,20.125,4,16.0,25.2444025273227,161.83198874336054,0,0.0,0.0,0.0
23,1.0,1.0,1.0,7,35,18.428571428571427,1,96.0,35.546064749322674,226.91564550683242,0,0.0,0.0,0.0
23,0.0,1.0,0.5,6,25,13.666666666666666,5,29.0,22.87605815680015,162.44380917049858,0,0.0,0.0,0.0
17,0.0,1.0,0.5,7,31,14.285714285714286,4,32.25,31.063381227702088,234.13352287954442,0,0.0,0.0,0.0
15,0.0,1.0,0.5,8,46,15.0,4,23.75,16.404442627229088,120.74566660704014,1,8.0,4.7875453484447785,19.97242976643968
5,1.0,1.0,0.5,9,51,17.11111111111111,5,13.0,13.733306467193568,55.52517981864791,0,0.0,0.0,0.0
1,1.0,1.0,1.0,12,31,11.0,5,17.6,16.87907463531593,81.47097142265339,0,0.0,0.0,0.0
3,1.0,1.0,1.0,11,32,16.363636363636363,3,14.0,18.240017403352343,166.44446860784288,3,8.666666666666666,3.370226335622737,22.4861649825404
4,0.0,1.0,0.5,7,61,19.0,3,30.666666666666668,25.220282468673805,212.26018425071246,0,0.0,0.0,0.0
4,0.0,1.0,0.5,10,19,9.4,7,18.857142857142858,21.493270816815272,121.59031961764762,0,0.0,0.0,0.0
23,0.0,1.0,0.0,8,35,23.0,2,17.0,0.5384341622530614,8.614946596048362,0,0.0,0.0,0.0
14,0.0,1.0,0.5,4,50,37.25,2,39.0,6.031782392984665,65.74044373309522,0,0.0,0.0,0.0
1,1.0,1.0,1.0,12,43,16.75,2,8.5,4.225434039632652,28.93225671630917,0,0.0,0.0,0.0
17,0.0,1.0,0.5,13,27,12.692307692307692,1,46.0,33.937968066964416,197.94533002574556,1,8.0,3.0057122814043495,17.33785919859281
19,1.0,1.0,1.0,2,146,112.5,0,0.0,0.0,0.0,1,8.5,1.8449174484920823,8.45953861617972
14,1.0,1.0,0.5,8,30,23.125,1,32.0,7.25848606571823,46.887064300176846,0,0.0,0.0,0.0
24,1.0,1.0,1.0,8,93,23.5,1,29.0,3.8205354652143813,106.97499302600217,0,0.0,0.0,0.0
23,0.0,1.0,0.5,7,45,14.0,4,32.75,23.016295158438773,170.13841624360134,0,0.0,0.0,0.0
25,1.0,1.0,1.0,9,35,14.555555555555555,3,30.333333333333332,27.6384198193733,156.5225332685139,1,8.0,3.4591174030494782,20.149117165836728
24,1.0,1.0,0.5,8,42,23.625,3,9.666666666666666,15.470383922378721,65.74144301223205,1,8.0,3.4832633966025393,20.139800612683864
18,1.0,1.0,0.0,3,187,68.33333333333333,1,23.0,38.49590742128046,144.71368118553795,0,0.0,0.0,0.0
14,0.0,1.0,0.5,10,45,15.8,4,17.0,14.029491558612593,87.59166784855991,1,7.0,3.6831289175149324,15.66351667318802
17,1.0,1.0,1.0,12,23,15.0,2,15.0,33.08138381616007,159.27064761126678,2,12.75,3.092163238887744,25.426685958721507
6,1.0,1.0,0.0,8,22,11.125,6,22.166666666666668,25.954482683795348,131.7741150242454,0,0.0,0.0,0.0
14,1.0,1.0,1.0,9,27,14.11111111111111,4,23.0,7.013300766026741,74.46916988778979,0,0.0,0.0,0.0
3,1.0,1.0,1.0,12,28,15.833333333333334,2,12.5,26.100964722113936,144.43032992733077,2,10.75,2.895283743722346,20.80233385923452
1,1.0,1.0,1.0,4,63,48.5,2,17.0,2.8962285481435814,13.06614303904853,0,0.0,0.0,0.0
19,1.0,1.0,1.0,8,31,16.0,4,25.0,18.856280600815545,113.90669901558343,0,0.0,0.0,0.0
21,1.0,1.0,1.0,5,48,25.4,3,34.666666666666664,18.92195405096422,164.02398926815303,1,7.5,11.756658680062557,19.16347368215753
25,0.0,1.0,0.5,6,38,21.166666666666668,2,49.5,13.183396821082475,204.66976849415383,1,7.5,10.597786013894325,15.374185091152988
23,1.0,1.0,0.5,7,67,24.857142857142858,5,9.2,23.864868318730224,140.66051771984144,0,0.0,0.0,0.0
17,1.0,1.0,0.5,8,72,19.625,2,30.5,31.61453811654829,162.48180866338777,0,0.0,0.0,0.0
13,0.0,1.0,0.5,8,81,25.625,1,19.0,37.48074731138091,120.16367355539745,0,0.0,0.0,0.0
21,0.0,1.0,0.5,8,25,13.25,3,40.0,29.46534086594008,222.69420793093067,0,0.0,0.0,0.0
23,0.0,1.0,0.0,7,38,16.142857142857142,4,28.25,28.214674138878884,134.7838204323137,0,0.0,0.0,0.0
15,1.0,1.0,1.0,9,32,14.777777777777779,3,28.333333333333332,17.571827271354984,173.7851192624156,0,0.0,0.0,0.0
4,1.0,1.0,1.0,10,11,8.3,7,20.428571428571427,23.45116422504362,118.17056418733316,0,0.0,0.0,0.0
8,0.0,1.0,0.0,8,22,12.125,2,65.5,35.13902777471602,226.27309886965,0,0.0,0.0,0.0
3,1.0,1.0,0.5,7,121,29.714285714285715,2,8.5,17.774046927031655,119.32151723844542,0,0.0,0.0,0.0
4,1.0,1.0,0.5,10,36,18.2,2,19.0,16.16679558650995,65.89161910747889,0,0.0,0.0,0.0
12,1.0,1.0,1.0,8,45,25.625,1,19.0,10.755191953877677,44.85832316794142,0,0.0,0.0,0.0
4,1.0,1.0,0.5,5,21,11.6,4,42.25,26.567387979824268,262.9974927254328,0,0.0,0.0,0.0
9,1.0,1.0,1.0,6,61,24.333333333333332,2,42.0,20.896498430353457,97.4690493312034,1,7.0,4.10048098715036,14.65741767462865
9,0.0,1.0,0.5,6,57,32.666666666666664,2,14.0,18.880086181290025,66.91295315760516,0,0.0,0.0,0.0
24,0.0,1.0,0.5,5,16,10.4,6,29.833333333333332,28.447797620914724,212.59884910999278,0,0.0,0.0,0.0
2,1.0,1.0,1.0,4,45,23.25,2,69.5,11.880611524618448,43.18289918818086,1,10.5,8.855657365871458,7.495540027673794
22,1.0,1.0,1.0,12,32,12.0,4,16.0,7.053486188707119,72.1832805276467,0,0.0,0.0,0.0
9,0.0,1.0,0.5,12,32,16.25,3,7.0,25.0881952253168,102.59266739580063,0,0.0,0.0,0.0
25,1.0,1.0,1.0,7,40,16.142857142857142,2,56.5,33.58505646019785,325.03046634592863,1,8.0,3.7193178031517893,20.46426625872725
22,1.0,1.0,1.0,9,45,24.0,0,0.0,0.0,0.0,2,8.25,5.166183386051569,20.408912990054663
23,1.0,1.0,1.0,5,33,14.8,4,39.25,17.801465463785185,100.18584630497823,0,0.0,0.0,0.0
24,0.0,1.0,0.5,11,31,13.454545454545455,3,21.333333333333332,22.347446879809496,108.983596085543,1,7.5,2.5290857650185634,13.761649390932513
19,1.0,1.0,1.0,5,109,32.2,2,28.5,1.1722517639358891,9.76397129567416,0,0.0,0.0,0.0
9,1.0,1.0,1.0,10,84,20.2,2,7.0,24.52284567161187,65.54484841961735,1,7.0,3.7229488586151325,20.302451652769765
3,1.0,1.0,1.0,9,53,22.77777777777778,1,16.0,1.738898459950303,18.614837620243012,1,12.5,2.545711166971716,22.20182819402166
9,0.0,1.0,0.0,3,31,24.666666666666668,1,155.0,2.394261361575116,22.586340089892676,0,0.0,0.0,0.0
3,1.0,1.0,1.0,8,63,22.75,2,20.0,13.497169618700347,61.89635412668286,1,7.0,4.359249430185418,19.2745074530836
26,0.0,1.0,0.5,14,36,12.785714285714286,2,19.0,21.507407801500094,84.79765159745803,1,7.0,3.6941576008866965,18.29538368188429
8,1.0,1.0,0.5,8,86,23.5,2,17.0,17.39540930757578,96.16967748570491,0,0.0,0.0,0.0
18,1.0,1.0,1.0,6,70,27.166666666666668,1,58.0,33.10888242511167,343.379750340643,0,0.0,0.0,0.0
24,0.0,1.0,0.5,5,71,42.4,1,11.0,31.184526881344592,99.81528146558868,0,0.0,0.0,0.0
1,1.0,1.0,0.0,5,30,13.8,3,54.0,16.124806907363332,146.83371077651717,1,7.0,3.375015355722346,19.099047359118742
16,1.0,1.0,0.0,5,36,33.6,2,28.0,30.601122359915195,114.26232848167996,0,0.0,0.0,0.0
4,0.0,1.0,0.5,8,19,11.875,5,25.8,18.41186934815883,103.97428511220639,0,0.0,0.0,0.0
4,0.0,1.0,0.5,6,22,13.166666666666666,3,50.333333333333336,33.839522529024315,235.80032554117574,0,0.0,0.0,0.0
19,1.0,1.0,1.0,6,25,13.333333333333334,4,36.0,17.139631875283953,168.14748518202487,0,0.0,0.0,0.0
8,1.0,1.0,1.0,7,54,18.714285714285715,2,46.0,27.816635952433163,218.0480788960175,0,0.0,0.0,0.0
9,1.0,1.0,1.0,8,46,15.25,5,21.2,16.53171181538055,128.47845979979917,1,7.0,3.953412342145391,18.594694391943467
22,1.0,1.0,1.0,14,43,12.571428571428571,2,17.0,21.29668465583883,202.19357618831458,1,7.0,3.868443207963578,19.025757729389312
14,0.0,1.0,0.5,9,42,18.444444444444443,3,18.0,20.578518068974752,131.98686886136457,0,0.0,0.0,0.0
14,1.0,1.0,1.0,10,37,17.4,4,12.0,13.915124851266794,83.07517268816864,0,0.0,0.0,0.0
15,1.0,1.0,1.0,8,32,17.75,3,25.666666666666668,31.589170143730758,209.6615309684543,0,0.0,0.0,0.0
13,1.0,1.0,1.0,13,41,13.692307692307692,1,29.0,10.913461259024618,121.10764500822297,0,0.0,0.0,0.0
21,1.0,1.0,0.5,7,74,27.571428571428573,2,14.0,22.190918641652893,86.02733110444895,0,0.0,0.0,0.0
3,0.0,1.0,0.5,7,46,20.714285714285715,2,40.5,18.635983781649035,275.00697604844197,1,8.0,3.885521820956357,21.27695619170236
7,1.0,1.0,1.0,6,86,31.5,3,11.333333333333334,9.475291062344466,33.9759579864446,0,0.0,0.0,0.0
5,1.0,1.0,1.0,11,32,15.636363636363637,2,23.0,23.986915047760363,130.94766489940778,0,0.0,0.0,0.0
9,1.0,1.0,1.0,5,46,31.0,2,37.0,20.320250780241366,197.94496178957917,2,12.0,2.6646837230531575,22.89196429265808
4,0.0,1.0,0.5,10,15,10.8,4,29.5,26.99146004353997,121.21866459465029,0,0.0,0.0,0.0
21,1.0,1.0,1.0,9,44,17.77777777777778,3,20.0,16.52634100929321,89.41233776513697,0,0.0,0.0,0.0
7,0.0,1.0,0.5,3,82,58.666666666666664,2,28.5,6.853816829670996,19.362774852787943,0,0.0,0.0,0.0
22,1.0,1.0,1.0,9,54,18.88888888888889,3,16.333333333333332,11.920198734458117,71.63417962479701,0,0.0,0.0,0.0
1,1.0,1.0,1.0,5,47,24.4,3,34.0,19.622656136532665,140.03225773349763,0,0.0,0.0,0.0
6,0.0,1.0,0.5,9,63,18.0,2,28.0,13.433634451316117,132.9225131918795,1,12.0,2.3518630174843844,21.577463604371296
1,0.0,1.0,0.0,5,16,10.2,4,44.0,7.556338684860214,66.12121613917951,0,0.0,0.0,0.0
23,1.0,1.0,1.0,5,46,17.8,4,35.75,18.9228961599226,160.85146107391205,0,0.0,0.0,0.0
2,0.0,1.0,0.0,5,59,26.2,3,31.333333333333332,2.930470461531383,11.211647384093078,1,8.0,7.028991497588096,21.925741758020408
14,0.0,1.0,0.5,8,41,23.0,2,22.0,13.109024695205807,67.17074104521546,1,8.0,5.070940357616362,28.74932750522379
23,1.0,1.0,0.0,4,42,29.5,2,53.5,23.511009650786647,247.03625573664897,0,0.0,0.0,0.0
2,1.0,1.0,1.0,7,48,20.285714285714285,4,21.0,11.783769834005438,73.0060775571632,1,10.5,2.274215126838892,19.39285062556627
6,1.0,1.0,1.0,8,37,13.625,5,23.0,23.81710795135635,105.7144886401184,0,0.0,0.0,0.0
17,1.0,1.0,0.5,16,17,11.4375,4,7.75,26.57674046168477,102.62633067036353,3,9.333333333333334,3.657865668620341,24.025284560193665
2,0.0,1.0,0.5,11,31,12.454545454545455,4,20.25,25.505775846345376,100.6302792057826,0,0.0,0.0,0.0
18,1.0,1.0,1.0,5,64,34.8,1,52.0,1.5004037804752652,14.131675192740081,0,0.0,0.0,0.0
10,1.0,1.0,0.0,8,38,24.25,2,12.5,20.854752194544595,171.01641756689503,0,0.0,0.0,0.0
7,0.0,1.0,0.5,5,59,37.6,1,35.0,3.622159447425597,10.607254640191245,0,0.0,0.0,0.0
3,0.0,1.0,0.5,14,42,13.642857142857142,3,8.0,37.37835786373052,175.3532834469315,1,7.0,2.5979781917401756,15.162343328317835
24,1.0,1.0,1.0,6,24,13.166666666666666,4,37.75,25.693593963605895,192.62867721768407,0,0.0,0.0,0.0
14,0.0,1.0,0.5,6,46,27.166666666666668,3,19.666666666666668,13.240831049103074,76.77073653874992,0,0.0,0.0,0.0
23,1.0,1.0,1.0,12,22,11.916666666666666,3,21.666666666666668,19.422055962982057,137.51712078644005,0,0.0,0.0,0.0
18,0.0,1.0,0.0,5,50,25.6,2,50.5,32.075250917398776,282.81782772646415,0,0.0,0.0,0.0
16,0.0,1.0,0.0,9,18,11.11111111111111,4,29.5,19.632589278921785,94.7018642713004,0,0.0,0.0,0.0
13,0.0,1.0,0.5,3,83,47.333333333333336,2,44.5,16.923658938318148,139.8922394112147,0,0.0,0.0,0.0
26,1.0,1.0,0.5,5,115,41.8,1,20.0,36.05529437078749,149.786168673152,1,11.5,1.285461586812937,10.510100229838269
14,0.0,1.0,0.5,17,18,10.470588235294118,4,7.75,27.19596193010075,99.93914134564994,2,7.0,3.5894304843095552,19.751041041581708
17,1.0,1.0,1.0,7,51,26.571428571428573,2,18.5,34.72575168520933,176.04221077649964,0,0.0,0.0,0.0
25,1.0,1.0,1.0,7,43,19.857142857142858,2,42.5,21.246604503496847,194.5507085245428,1,9.0,4.166754604609857,30.845881901118943
4,0.0,1.0,0.5,11,41,17.818181818181817,3,6.666666666666667,16.616846337637213,88.85406929017539,0,0.0,0.0,0.0
25,1.0,1.0,1.0,9,35,17.11111111111111,4,16.5,7.833651712725399,73.90272862095838,0,0.0,0.0,0.0
5,1.0,1.0,0.5,13,42,14.538461538461538,3,9.333333333333334,15.887032500985478,73.72225570336907,0,0.0,0.0,0.0
23,1.0,1.0,0.0,8,34,18.5,4,18.5,20.646387139439906,141.1738503181501,0,0.0,0.0,0.0
22,1.0,1.0,1.0,9,34,16.88888888888889,4,17.5,8.058493750601556,37.042128795519,0,0.0,0.0,0.0
24,0.0,1.0,0.5,11,41,19.0,1,6.0,31.43155510508898,104.5685866149881,0,0.0,0.0,0.0
17,1.0,1.0,1.0,12,32,13.833333333333334,3,17.0,16.930454900676736,128.31184940630686,1,10.0,6.718696630093484,20.134070169750725
21,1.0,1.0,1.0,6,38,20.666666666666668,2,46.0,27.827634331447822,220.05559025990152,0,0.0,0.0,0.0
2,0.0,1.0,0.0,5,51,38.4,2,18.0,0.09574523506030928,1.627668996024668,0,0.0,0.0,0.0
23,1.0,1.0,1.0,9,32,17.88888888888889,3,19.666666666666668,9.846300762719217,90.48357331038989,0,0.0,0.0,0.0
1,0.0,1.0,0.0,7,73,20.857142857142858,2,41.0,14.418005005189988,115.53496933223188,0,0.0,0.0,0.0
23,0.0,1.0,0.5,7,58,29.428571428571427,2,9.5,22.294812739337296,78.93794175560957,0,0.0,0.0,0.0
3,1.0,1.0,1.0,10,40,16.6,3,16.333333333333332,11.97543140638958,158.06040517809728,0,0.0,0.0,0.0
14,1.0,1.0,1.0,5,106,39.4,1,23.0,6.3744742423113845,114.08400735231244,1,8.0,3.011369920630226,20.08573537581207
4,0.0,1.0,0.5,4,13,12.5,2,86.5,38.9379021215171,298.8035842264384,1,8.5,4.333057173075762,27.00005637132088
13,1.0,1.0,1.0,8,37,16.0,5,20.0,12.978205984787937,70.16054927059307,0,0.0,0.0,0.0
12,1.0,1.0,1.0,11,55,18.0,2,8.5,37.68706809281669,227.85036993498838,0,0.0,0.0,0.0
26,1.0,1.0,1.0,5,94,44.2,1,10.0,2.099667818132197,13.98662601939977,0,0.0,0.0,0.0
17,1.0,1.0,1.0,10,44,22.1,0,0.0,0.0,0.0,0,0.0,0.0,0.0
16,1.0,1.0,1.0,7,85,20.571428571428573,5,17.0,18.73145089505193,126.74559127571047,1,10.5,4.049763810112308,21.376582007976697
15,1.0,1.0,0.5,9,34,14.444444444444445,4,22.25,29.993497817728315,146.18779855045733,0,0.0,0.0,0.0
12,1.0,1.0,1.0,12,79,17.416666666666668,1,12.0,25.111485362893518,150.80666083417913,0,0.0,0.0,0.0
19,1.0,1.0,1.0,7,39,17.714285714285715,4,25.5,11.161304231406064,94.26240895914896,0,0.0,0.0,0.0
9,1.0,1.0,0.5,5,74,34.6,2,25.0,12.00004283084804,37.63016500466278,1,7.0,7.681513918378348,27.431872062517904
2,1.0,1.0,0.0,8,23,13.125,3,39.333333333333336,31.313221364411902,231.5193846585568,0,0.0,0.0,0.0
21,1.0,1.0,0.5,5,64,42.4,2,6.5,27.028128706835226,131.83239297693694,0,0.0,0.0,0.0
14,1.0,1.0,1.0,7,47,24.142857142857142,1,54.0,36.62825316931788,345.6229905760114,0,0.0,0.0,0.0
6,1.0,1.0,1.0,10,60,19.4,3,10.666666666666666,15.092875422921237,61.216635650251554,1,10.0,7.440117005168851,29.05585155513341
4,1.0,1.0,1.0,6,21,13.166666666666666,3,48.333333333333336,26.0331853411499,166.61845458669896,0,0.0,0.0,0.0
1,1.0,1.0,1.0,5,36,20.4,3,41.666666666666664,9.003632683712707,101.82927454876015,0,0.0,0.0,0.0
24,0.0,1.0,0.5,5,60,34.8,1,44.0,31.68785287747391,173.21445982279727,0,0.0,0.0,0.0
8,0.0,1.0,0.0,10,25,12.4,5,19.2,24.840189990175038,169.21557871989694,0,0.0,0.0,0.0
25,1.0,1.0,1.0,5,83,34.4,1,59.0,2.1442387710173225,15.255651557316627,0,0.0,0.0,0.0
26,1.0,1.0,0.5,6,38,18.333333333333332,4,30.0,21.09919993477431,162.21568682125783,0,0.0,0.0,0.0
9,1.0,1.0,1.0,9,41,19.444444444444443,3,13.666666666666666,14.78386705799632,48.15801552322235,0,0.0,0.0,0.0
14,1.0,1.0,0.5,7,57,28.285714285714285,2,12.0,23.66329124272577,91.12611176304192,0,0.0,0.0,0.0
4,1.0,1.0,1.0,8,47,14.125,3,36.333333333333336,34.56735264406021,215.21757226001964,0,0.0,0.0,0.0
15,1.0,1.0,0.5,9,37,18.0,4,16.0,14.852413570305139,78.0557335244264,1,7.0,3.3733474458376693,15.833177594002384
25,1.0,1.0,1.0,8,33,17.625,4,19.0,18.784448433646414,128.06830563011118,1,7.5,3.386644201775665,19.08306158171638
21,1.0,1.0,1.0,6,91,25.5,3,25.666666666666668,15.341311660922136,180.85310285618144,0,0.0,0.0,0.0
4,1.0,1.0,0.5,7,51,23.571428571428573,3,17.666666666666668,21.86263957109547,125.07535847055179,0,0.0,0.0,0.0
10,0.0,1.0,0.5,5,53,29.0,1,7.0,32.555370712346445,195.33222427407864,0,0.0,0.0,0.0
23,1.0,1.0,1.0,9,23,13.444444444444445,5,14.8,18.377885920954363,118.15505181222056,0,0.0,0.0,0.0
3,0.0,1.0,0.5,8,37,22.625,2,16.0,33.26562920747044,263.03180791081763,0,0.0,0.0,0.0
3,0.0,1.0,0.5,9,33,20.333333333333332,2,19.0,8.768501623783584,36.56102819345467,0,0.0,0.0,0.0
19,1.0,1.0,0.0,4,105,39.5,2,35.0,17.59584369295747,171.0328551019026,0,0.0,0.0,0.0
25,0.0,1.0,0.5,7,27,16.285714285714285,3,37.0,30.74411386330064,203.60090128834284,0,0.0,0.0,0.0
13,1.0,1.0,1.0,6,51,22.0,3,29.666666666666668,12.855417657645575,121.42114219370256,0,0.0,0.0,0.0
18,1.0,1.0,1.0,5,47,23.8,2,52.5,38.2529228382802,235.04430462417633,0,0.0,0.0,0.0
2,0.0,1.0,0.0,4,48,40.0,2,35.0,10.50106353172301,56.078298408384626,0,0.0,0.0,0.0
14,1.0,1.0,0.5,12,31,12.916666666666666,5,12.0,24.427093740122594,101.0547579391878,0,0.0,0.0,0.0
8,1.0,1.0,1.0,9,30,16.555555555555557,3,22.666666666666668,11.68130559585659,61.45417406687188,0,0.0,0.0,0.0
3,1.0,1.0,0.5,11,52,17.181818181818183,2,13.0,15.2199399149527,40.70226801199544,3,9.166666666666666,3.125734819103189,18.975765095709875
8,1.0,1.0,0.0,4,94,50.5,1,26.0,13.983909185539282,47.228694832333524,1,7.5,10.210047151352978,17.040359764133665
26,0.0,1.0,0.0,7,46,28.428571428571427,1,25.0,1.9231432797100458,9.683962519488196,0,0.0,0.0,0.0
15,0.0,1.0,0.5,8,23,11.75,6,22.333333333333332,23.062682075282037,145.71603258128687,0,0.0,0.0,0.0
16,0.0,1.0,0.5,6,52,22.166666666666668,2,45.5,16.266824521451625,112.22321863774395,0,0.0,0.0,0.0
17,0.0,1.0,0.5,6,71,29.833333333333332,2,24.5,44.14648223016906,257.59937738357974,1,10.0,3.005547760378896,14.905061183423713
9,1.0,1.0,1.0,10,37,17.6,3,12.0,9.483799694596987,25.858579366130826,1,9.0,2.4947539102339444,12.945837071449947
19,1.0,1.0,1.0,8,27,11.125,3,44.0,20.689849049027625,155.14882849142407,0,0.0,0.0,0.0
4,1.0,1.0,1.0,4,42,21.25,2,67.0,36.075913262706926,328.8393134333056,0,0.0,0.0,0.0
7,0.0,1.0,0.0,8,39,22.375,3,14.333333333333334,23.851797397945287,83.20084915551391,1,9.0,3.576840263375864,16.863193954696627
5,1.0,1.0,1.0,7,65,24.142857142857142,2,23.0,23.025338916108453,134.06079714084208,0,0.0,0.0,0.0
7,0.0,1.0,0.5,3,129,78.0,0,0.0,0.0,0.0,0,0.0,0.0,0.0
24,1.0,1.0,1.0,6,29,16.666666666666668,2,61.5,21.671484741771764,256.8833483865508,0,0.0,0.0,0.0
18,0.0,1.0,0.5,5,29,18.4,2,65.5,36.716037549424314,316.14325322679093,0,0.0,0.0,0.0
25,1.0,1.0,0.5,7,56,20.285714285714285,3,29.0,17.196985677757898,71.73932096892769,0,0.0,0.0,0.0
22,0.0,1.0,0.5,10,28,13.7,3,27.0,25.061863465422665,171.6032990521759,0,0.0,0.0,0.0
12,1.0,1.0,0.5,12,30,13.75,4,13.5,25.74762208393206,97.7650317431338,0,0.0,0.0,0.0
8,0.0,1.0,0.5,6,28,15.666666666666666,3,43.666666666666664,32.218098750952,236.5971013425814,0,0.0,0.0,0.0
18,1.0,1.0,1.0,6,60,32.5,1,24.0,35.9585340579786,180.9859365824889,1,13.5,2.337516446187289,13.262331532014322
18,1.0,1.0,1.0,5,42,22.2,3,38.666666666666664,35.46057886269563,253.9547469275386,0,0.0,0.0,0.0
17,1.0,1.0,1.0,10,29,13.8,4,22.0,37.77913398931141,161.88340774481858,0,0.0,0.0,0.0
1,1.0,1.0,0.5,12,52,13.333333333333334,4,15.25,13.739486932448287,90.13146422762202,0,0.0,0.0,0.0
7,0.0,1.0,0.5,4,130,44.0,2,26.0,5.946230271651575,12.527903792877094,0,0.0,0.0,0.0
25,1.0,1.0,1.0,6,59,28.166666666666668,2,25.0,19.576535174022357,115.33346870226616,0,0.0,0.0,0.0
9,0.0,1.0,0.0,9,30,19.88888888888889,5,9.6,22.247959160747065,95.60915893961058,0,0.0,0.0,0.0
19,1.0,1.0,1.0,12,24,14.75,3,15.666666666666666,27.050842943159783,151.7197682827321,0,0.0,0.0,0.0
9,1.0,1.0,0.5,10,41,18.5,4,9.25,15.813386816759404,65.98681914273864,0,0.0,0.0,0.0
24,1.0,1.0,1.0,9,36,22.22222222222222,1,7.0,1.0752387527435463,3.994402235645883,0,0.0,0.0,0.0
23,1.0,1.0,1.0,3,22,16.333333333333332,2,65.5,37.449555893060776,290.41133323922656,0,0.0,0.0,0.0
12,1.0,1.0,1.0,15,34,10.8,5,10.4,17.567018855909094,64.59438259627203,0,0.0,0.0,0.0
14,1.0,1.0,1.0,7,51,27.142857142857142,1,31.0,1.0527450281428679,3.3047702882645944,1,14.0,1.701416253112649,15.093528912987269
12,1.0,1.0,1.0,13,40,15.615384615384615,2,7.0,26.3858767962827,77.87814521442007,0,0.0,0.0,0.0
17,1.0,1.0,1.0,7,46,24.285714285714285,2,26.5,26.55715673144234,188.12570846828737,1,7.0,3.223505553917599,6.704927507248534
12,1.0,1.0,1.0,8,37,21.875,2,24.5,17.391641612149158,78.25133053532758,0,0.0,0.0,0.0
9,0.0,1.0,0.0,12,43,15.5,3,10.666666666666666,16.037407490531795,118.14580637310803,0,0.0,0.0,0.0
8,1.0,1.0,0.0,4,93,57.75,0,0.0,0.0,0.0,0,0.0,0.0,0.0
13,1.0,1.0,1.0,5,54,26.4,2,49.0,23.340950792714203,276.25321326363724,0,0.0,0.0,0.0
22,1.0,1.0,1.0,8,29,17.625,3,28.0,12.321350405440214,67.0091052103427,0,0.0,0.0,0.0
4,1.0,1.0,1.0,7,58,22.857142857142858,2,32.5,34.54298910229545,209.05983080892014,0,0.0,0.0,0.0
8,1.0,1.0,0.5,8,24,11.625,6,21.666666666666668,23.601244175350292,153.42278258963174,0,0.0,0.0,0.0
24,0.0,1.0,0.5,9,41,20.22222222222222,4,10.25,13.88252923361512,68.00062640276448,0,0.0,0.0,0.0
6,1.0,1.0,0.0,6,31,21.666666666666668,3,31.666666666666668,31.020171978646612,218.71994293179583,1,8.5,10.195119404786507,15.4432590184488
18,0.0,1.0,0.5,6,44,31.0,1,36.0,44.5829474367154,399.2870122852656,0,0.0,0.0,0.0
18,0.0,1.0,0.5,7,21,11.857142857142858,6,23.666666666666668,23.642037580607354,163.46734205371857,0,0.0,0.0,0.0
16,0.0,1.0,0.0,8,42,21.375,2,26.5,9.362363927815018,20.120547176241118,0,0.0,0.0,0.0
23,0.0,1.0,0.5,8,19,13.125,2,43.5,29.418621653459926,259.7651073398992,0,0.0,0.0,0.0
17,0.0,1.0,0.5,9,12,8.555555555555555,5,30.0,27.985688189075006,142.59045932976625,0,0.0,0.0,0.0
23,0.0,1.0,0.0,8,27,15.75,4,25.5,17.44754697640365,98.00946151426774,0,0.0,0.0,0.0
14,1.0,1.0,1.0,3,97,55.333333333333336,2,31.0,22.419421026163217,179.03441121799932,1,10.5,7.385046875158242,26.76404050554573
3,1.0,1.0,1.0,9,39,16.11111111111111,3,25.666666666666668,5.090000098452391,70.15417592851826,1,7.0,3.4072710191660445,16.053266732407714
14,1.0,1.0,1.0,8,87,25.0,2,9.0,14.406878346451922,63.43455713226309,0,0.0,0.0,0.0
3,0.0,1.0,0.5,11,42,15.272727272727273,4,13.5,12.99982571451008,43.888203963796876,0,0.0,0.0,0.0
9,0.0,1.0,0.5,5,54,26.4,3,32.0,5.854225705002697,26.034224099187536,0,0.0,0.0,0.0
15,1.0,1.0,0.5,10,24,13.6,3,28.0,23.615119854130242,171.59512812881113,0,0.0,0.0,0.0
24,1.0,1.0,0.5,9,40,19.555555555555557,3,14.333333333333334,23.56738927631025,146.48378351759905,1,8.5,2.2949417827345107,12.760689004944062
19,1.0,1.0,1.0,5,23,12.2,6,28.333333333333332,16.85543748284668,167.5375640579525,0,0.0,0.0,0.0
25,1.0,1.0,1.0,5,71,39.6,2,16.5,18.236333046836844,79.10584444308603,1,10.5,6.738348017254156,24.656253545351348
25,0.0,1.0,0.5,9,32,18.11111111111111,4,14.5,20.074478392573855,93.50561721341273,0,0.0,0.0,0.0
14,0.0,1.0,0.5,6,32,24.333333333333332,3,25.333333333333332,16.45142439219796,163.33570097747977,0,0.0,0.0,0.0
5,1.0,1.0,1.0,7,38,25.0,3,18.0,9.474355516287709,83.89531387222239,0,0.0,0.0,0.0
3,1.0,1.0,1.0,10,33,16.0,6,11.0,17.894336587819456,103.42969940808462,0,0.0,0.0,0.0
4,1.0,1.0,1.0,10,32,17.6,3,11.0,22.83892828576279,114.61908197806429,0,0.0,0.0,0.0
23,1.0,1.0,1.0,8,24,16.125,6,15.666666666666666,12.795439139605078,36.47817595481433,0,0.0,0.0,0.0
25,1.0,1.0,1.0,6,31,25.333333333333332,3,24.333333333333332,22.9149823082796,175.17312487100014,0,0.0,0.0,0.0
24,0.0,1.0,0.5,7,71,25.714285714285715,1,44.0,22.86884352827684,83.4793310453635,0,0.0,0.0,0.0
6,0.0,1.0,0.5,11,44,14.454545454545455,6,11.0,14.32365076881195,77.43781466189216,1,7.5,3.2112076973676125,6.986096575781305
3,0.0,1.0,0.5,10,49,21.5,0,0.0,0.0,0.0,2,7.5,3.4343540748593075,20.158338228759078
6,1.0,1.0,1.0,6,59,34.166666666666664,2,12.5,2.041453190953657,13.714753790793074,0,0.0,0.0,0.0
22,0.0,1.0,0.5,8,47,19.375,3,23.333333333333332,15.15952029948472,124.41551328235953,0,0.0,0.0,0.0
7,1.0,1.0,1.0,2,68,65.0,2,52.0,11.488013096843984,34.11683340910573,0,0.0,0.0,0.0
12,1.0,1.0,0.5,12,49,16.25,3,8.666666666666666,21.609140519961755,87.26039917006364,1,12.5,5.46386498003185,24.69439925113667
6,1.0,1.0,1.0,7,34,18.714285714285715,6,16.0,13.416817874959454,74.34220410072255,0,0.0,0.0,0.0
26,1.0,1.0,1.0,5,22,13.8,3,52.0,24.58935905587742,256.16466434771957,0,0.0,0.0,0.0
6,0.0,1.0,0.0,5,30,17.0,3,48.333333333333336,33.29202681207712,217.98785339270253,1,9.5,6.216294063408579,23.31900468998311
24,1.0,1.0,1.0,10,33,16.1,2,27.0,24.826564756166228,135.83613892786678,0,0.0,0.0,0.0
9,0.0,1.0,0.5,6,63,26.5,5,14.2,2.322379329953217,9.878089199112157,0,0.0,0.0,0.0
16,1.0,1.0,1.0,8,56,25.375,1,7.0,5.413684402752449,28.47867783812298,0,0.0,0.0,0.0
17,1.0,1.0,0.5,11,39,15.454545454545455,2,21.5,30.268580258497007,167.44781476072765,1,7.0,4.65063539258107,23.06703405518401
3,0.0,1.0,0.5,4,54,38.5,1,74.0,29.21937420456863,181.22954083565992,0,0.0,0.0,0.0
25,0.0,1.0,0.0,11,45,14.181818181818182,2,25.0,10.985963746505782,164.89873833072272,0,0.0,0.0,0.0
22,1.0,1.0,0.0,14,26,11.785714285714286,5,10.0,11.42378033000371,71.7009795859179,2,9.5,3.4180579616903257,21.760770536193462
24,0.0,1.0,0.5,6,55,30.166666666666668,3,13.666666666666666,37.775213430177054,198.852957653609,0,0.0,0.0,0.0
9,1.0,1.0,1.0,6,61,19.333333333333332,4,28.5,20.215418232314562,149.00029316680468,0,0.0,0.0,0.0
18,1.0,1.0,1.0,12,27,13.25,4,14.0,26.01074870838062,133.24992851771782,0,0.0,0.0,0.0
7,1.0,1.0,1.0,3,144,67.0,1,27.0,30.249903459040226,120.6753029326074,0,0.0,0.0,0.0
24,0.0,1.0,0.5,9,23,16.555555555555557,4,16.75,42.83201687142633,234.16858540019712,0,0.0,0.0,0.0
6,1.0,1.0,1.0,3,128,49.333333333333336,2,42.5,9.90878052983091,35.14671019895748,0,0.0,0.0,0.0
16,0.0,1.0,0.0,11,41,16.818181818181817,1,30.0,11.211121510953593,105.4756700767642,0,0.0,0.0,0.0
15,1.0,1.0,1.0,5,45,24.8,3,34.333333333333336,23.373401613885488,140.44161188570249,0,0.0,0.0,0.0
26,0.0,1.0,0.5,11,23,10.454545454545455,5,22.0,15.44939351686304,104.43164694390707,0,0.0,0.0,0.0
24,1.0,1.0,0.5,7,40,28.571428571428573,2,11.0,23.247336639988085,93.0918950627899,0,0.0,0.0,0.0
25,1.0,1.0,0.5,13,27,12.538461538461538,7,8.285714285714286,18.259332900525404,95.370892890102,0,0.0,0.0,0.0
24,0.0,1.0,0.5,9,49,19.555555555555557,3,14.0,27.560360529008353,147.71572203751776,0,0.0,0.0,0.0
22,1.0,1.0,1.0,13,26,13.615384615384615,3,14.0,11.047664992795255,62.454061573349826,1,7.0,5.354488786056013,21.680396213915074
14,1.0,1.0,1.0,8,51,18.75,3,25.0,13.750105815575457,58.84470981080448,0,0.0,0.0,0.0
14,0.0,1.0,0.5,7,40,20.571428571428573,3,27.666666666666668,7.696414360255545,45.1954362565657,0,0.0,0.0,0.0
16,1.0,1.0,1.0,9,48,15.555555555555555,3,26.0,31.64794121750462,135.96781515646,0,0.0,0.0,0.0
19,1.0,1.0,1.0,2,24,15.5,2,101.5,30.415998836353467,372.5083200686369,0,0.0,0.0,0.0
4,1.0,1.0,1.0,6,32,18.833333333333332,1,106.0,33.498363899005284,199.06222582167342,0,0.0,0.0,0.0
16,1.0,1.0,0.0,13,36,14.615384615384615,3,8.0,21.60615679978858,88.86639907919592,2,8.0,3.0034332845303773,18.44387571808953
24,1.0,1.0,0.5,12,33,12.083333333333334,4,17.75,14.846876790341527,94.0475749169446,0,0.0,0.0,0.0
17,0.0,1.0,0.5,12,31,10.666666666666666,5,18.0,23.49107563173214,126.32677589694276,0,0.0,0.0,0.0
13,1.0,1.0,1.0,7,40,22.285714285714285,3,23.666666666666668,14.423619459195422,54.28779025805565,0,0.0,0.0,0.0
24,0.0,1.0,0.5,11,31,13.727272727272727,3,20.666666666666668,26.041208667629878,138.07107797884046,1,7.0,4.242357614386995,20.914291560200233
6,0.0,1.0,0.5,8,41,19.875,4,15.5,12.246141842750818,65.62224687729245,0,0.0,0.0,0.0
1,0.0,1.0,0.5,8,88,22.0,1,47.0,25.018291835305106,183.69210863494234,0,0.0,0.0,0.0
10,0.0,1.0,0.5,7,47,27.285714285714285,2,17.0,2.503995764640633,14.010574961470763,0,0.0,0.0,0.0
23,1.0,1.0,1.0,7,45,20.285714285714285,3,27.333333333333332,12.375202375955153,93.70503978510153,0,0.0,0.0,0.0
2,0.0,1.0,0.0,9,33,18.0,3,18.666666666666668,25.108524797443085,136.74786228192093,0,0.0,0.0,0.0
4,0.0,1.0,0.5,9,53,14.0,6,16.833333333333332,28.061167577624783,111.87539346938979,0,0.0,0.0,0.0
26,1.0,1.0,1.0,14,19,10.571428571428571,3,19.0,26.37091601089847,154.31177333362726,1,7.0,3.5154869773050064,15.351613042339167
12,0.0,1.0,0.5,11,43,16.727272727272727,2,14.5,9.779467824135837,56.50022320004705,1,8.0,5.563308173994269,31.714141279747444
14,0.0,1.0,0.5,7,53,30.142857142857142,1,8.0,27.663842628330936,64.84627128462013,0,0.0,0.0,0.0
13,1.0,1.0,0.0,8,26,14.375,4,26.75,13.919652231001361,113.89841293370046,0,0.0,0.0,0.0
14,1.0,1.0,1.0,5,118,40.4,3,8.666666666666666,12.37658354049598,74.4061983341626,0,0.0,0.0,0.0
24,1.0,1.0,0.5,9,26,15.11111111111111,2,37.0,24.663751936911705,179.5224009423639,0,0.0,0.0,0.0
3,1.0,1.0,0.5,5,61,41.8,1,22.0,29.50399442661068,104.39812503586451,0,0.0,0.0,0.0
11,1.0,1.0,1.0,7,29,14.142857142857142,4,31.5,15.382618507900213,108.8039649483129,0,0.0,0.0,0.0
16,0.0,1.0,0.0,14,25,12.214285714285714,2,20.0,16.158207452722028,80.33267901668769,0,0.0,0.0,0.0
22,1.0,1.0,0.5,7,44,24.571428571428573,4,13.5,18.28872200919242,76.23165861430058,0,0.0,0.0,0.0
3,1.0,1.0,1.0,13,23,12.923076923076923,3,15.0,14.365730971655184,89.59041656451257,2,11.5,2.374297503307976,18.246168202356355
22,0.0,1.0,0.5,8,49,18.125,3,25.666666666666668,15.952094072272073,117.74583162910422,0,0.0,0.0,0.0
13,0.0,1.0,0.5,7,40,22.714285714285715,2,32.0,16.339872729982744,87.39587848247363,0,0.0,0.0,0.0
25,1.0,1.0,0.0,7,45,25.0,2,21.0,7.282457942351888,81.94681317262938,0,0.0,0.0,0.0
19,1.0,1.0,1.0,6,48,19.166666666666668,4,28.5,17.879324312334536,181.05254047736943,0,0.0,0.0,0.0
14,0.0,1.0,0.5,3,135,72.66666666666667,1,15.0,4.968375864896831,15.34085387640828,0,0.0,0.0,0.0
8,1.0,1.0,0.5,12,34,14.583333333333334,1,29.0,34.197693258872974,176.13902327707626,0,0.0,0.0,0.0
1,1.0,1.0,1.0,5,54,32.8,1,59.0,25.77069744711385,144.2163004800706,1,8.0,6.677503452295582,12.061902990714634
12,0.0,1.0,0.5,9,30,13.88888888888889,2,49.0,32.13723902446618,145.2601153558195,0,0.0,0.0,0.0
24,1.0,1.0,1.0,9,32,20.444444444444443,2,17.5,27.78882729603799,177.55385617801596,0,0.0,0.0,0.0
17,0.0,1.0,0.5,9,57,21.444444444444443,2,15.5,15.892006705917854,95.2292089686927,0,0.0,0.0,0.0
24,1.0,1.0,0.5,9,41,16.88888888888889,5,14.2,18.564079181243862,106.21897483107118,0,0.0,0.0,0.0
13,1.0,1.0,0.0,4,31,20.0,2,72.5,21.61011394113687,187.24313333159964,0,0.0,0.0,0.0
13,0.0,1.0,0.0,8,53,15.125,4,26.25,19.507800399519027,91.18198511634901,0,0.0,0.0,0.0
23,1.0,1.0,1.0,5,39,18.2,3,46.0,25.22062003919373,195.07972761389144,0,0.0,0.0,0.0
24,1.0,1.0,1.0,7,30,13.857142857142858,5,25.6,20.782245912589424,167.7309534500063,1,8.0,6.364370294973324,29.809138300239603
9,1.0,1.0,1.0,8,46,24.625,2,13.0,37.06188079239234,163.89502987963348,0,0.0,0.0,0.0
3,1.0,1.0,1.0,9,36,16.333333333333332,3,26.666666666666668,20.158655501527047,179.67569065942197,0,0.0,0.0,0.0
15,1.0,1.0,1.0,7,34,19.571428571428573,5,17.2,24.398039171712657,123.88290188442829,0,0.0,0.0,0.0
17,0.0,1.0,0.5,10,30,18.0,2,20.5,21.74284336877554,112.2987678508141,1,15.0,2.9107470653192067,28.726223559124193
22,1.0,1.0,1.0,8,55,21.875,4,12.5,12.5056331135231,48.933935648900174,0,0.0,0.0,0.0
15,1.0,1.0,1.0,8,44,22.75,1,46.0,40.021298962759566,302.3974455854851,1,8.0,9.887221782710704,11.589616036804797
23,1.0,1.0,0.5,7,80,23.714285714285715,4,15.5,12.819631003403591,66.15074558560127,0,0.0,0.0,0.0
16,1.0,1.0,1.0,9,64,19.77777777777778,2,23.0,32.9324731227063,203.5811508007008,0,0.0,0.0,0.0
2,0.0,1.0,0.0,6,62,33.333333333333336,1,22.0,8.178689448743489,143.87493340147486,0,0.0,0.0,0.0
11,1.0,1.0,1.0,7,51,15.571428571428571,5,23.8,31.342637897851866,188.67897150391912,0,0.0,0.0,0.0
24,1.0,1.0,0.5,7,52,26.0,1,36.0,29.838298310962216,92.50588488028748,0,0.0,0.0,0.0
4,0.0,1.0,0.5,2,46,27.5,3,59.666666666666664,30.786103704651794,245.63975694243723,0,0.0,0.0,0.0
7,1.0,1.0,0.5,6,52,36.333333333333336,0,0.0,0.0,0.0,0,0.0,0.0,0.0
7,1.0,1.0,0.5,5,56,26.4,2,47.5,19.559337632474524,112.94548830291407,0,0.0,0.0,0.0
24,1.0,1.0,0.5,5,64,40.2,2,11.5,33.47139839633874,173.1015378737921,0,0.0,0.0,0.0
23,1.0,1.0,1.0,10,36,15.9,3,21.333333333333332,33.761499131766854,189.26376826165736,0,0.0,0.0,0.0
18,1.0,1.0,1.0,6,26,17.166666666666668,3,40.333333333333336,37.50993984704899,280.39287767261953,0,0.0,0.0,0.0
8,1.0,1.0,0.5,5,52,22.2,2,55.0,29.590441745802277,215.1298569511496,0,0.0,0.0,0.0
18,0.0,1.0,0.5,13,13,9.23076923076923,3,33.333333333333336,29.592869434586863,165.120936392464,2,7.5,3.374906688105602,18.107385788451296
13,1.0,1.0,1.0,9,26,17.666666666666668,1,55.0,30.73489243795915,300.9076070234537,0,0.0,0.0,0.0
1,1.0,1.0,1.0,4,27,13.25,3,59.666666666666664,21.936338645527275,142.43189949321223,0,0.0,0.0,0.0
24,0.0,1.0,0.5,7,40,21.857142857142858,4,18.5,14.935452818366418,66.83072119341693,0,0.0,0.0,0.0
14,1.0,1.0,1.0,3,156,67.66666666666667,1,30.0,37.8128217711531,154.9324153330153,0,0.0,0.0,0.0
6,1.0,1.0,1.0,5,140,44.4,0,0.0,0.0,0.0,1,11.0,2.1642037327140393,14.905300237299834
24,0.0,1.0,0.5,10,22,14.0,5,16.6,29.56313844463623,140.85988610051956,0,0.0,0.0,0.0
2,1.0,1.0,0.5,4,77,44.0,1,51.0,15.856506963778303,249.9838322761822,0,0.0,0.0,0.0
4,1.0,1.0,0.5,7,23,14.714285714285714,3,39.333333333333336,30.634026347055862,185.2216792463414,0,0.0,0.0,0.0
4,1.0,1.0,0.5,7,20,10.857142857142858,5,30.6,33.1551464011103,163.0146192281574,0,0.0,0.0,0.0
23,1.0,1.0,1.0,4,35,24.5,3,43.0,23.907895690523855,189.0002202703388,1,7.0,6.031985094575486,18.332469847618338
15,0.0,1.0,0.5,9,48,15.555555555555555,4,20.25,17.49640573607892,95.46707517244828,1,7.0,4.052444664498555,15.975981701740004
5,0.0,1.0,0.5,9,28,13.555555555555555,7,14.714285714285714,32.7136917581391,155.19425302995145,0,0.0,0.0,0.0
4,1.0,1.0,0.5,9,39,17.77777777777778,4,16.0,24.84527989263097,132.9681056335764,0,0.0,0.0,0.0
3,1.0,1.0,1.0,9,43,22.666666666666668,1,9.0,20.0146464348071,48.54232143611458,0,0.0,0.0,0.0
18,0.0,1.0,0.5,7,25,13.857142857142858,2,61.0,13.84758001094562,74.58702689958764,2,7.25,3.622248614730792,17.549823990191932
15,0.0,1.0,0.5,8,29,20.125,4,16.0,10.737801335163468,66.91087548423124,0,0.0,0.0,0.0
25,1.0,1.0,0.5,11,29,12.0,3,27.666666666666668,15.1592333903627,156.33792509793733,0,0.0,0.0,0.0
6,1.0,1.0,0.0,7,38,19.142857142857142,3,28.333333333333332,30.230996057344452,183.48888013215097,0,0.0,0.0,0.0
19,0.0,1.0,0.5,4,18,13.0,2,90.0,30.004000428338152,340.1495371578396,0,0.0,0.0,0.0
24,0.0,1.0,0.5,9,35,21.22222222222222,1,30.0,9.426208609665998,159.3794440514727,0,0.0,0.0,0.0
4,0.0,1.0,0.5,9,41,15.666666666666666,2,41.0,31.349847370601534,165.8622905624036,0,0.0,0.0,0.0
13,1.0,1.0,1.0,4,115,46.5,1,44.0,16.098122722436848,124.2625085299628,1,16.5,6.641657984417087,25.167596037524902
23,0.0,1.0,0.5,8,27,14.875,3,30.666666666666668,23.810245219896796,188.67097831974922,0,0.0,0.0,0.0
19,1.0,1.0,1.0,4,86,46.5,2,21.5,15.703900301154441,77.68857750289958,0,0.0,0.0,0.0
24,1.0,1.0,1.0,5,53,38.0,2,16.5,15.351082771251223,161.38611019999507,0,0.0,0.0,0.0
4,0.0,1.0,0.5,7,17,11.428571428571429,3,48.0,28.75072290961005,203.5381357994373,0,0.0,0.0,0.0
1,1.0,1.0,1.0,3,82,52.666666666666664,2,36.5,14.696740792960487,127.15790566410242,0,0.0,0.0,0.0
15,0.0,1.0,0.5,8,38,23.25,3,10.0,21.742050332383997,98.20841542917513,0,0.0,0.0,0.0
18,1.0,1.0,1.0,6,111,30.5,2,24.0,33.31805746808466,175.197421707903,0,0.0,0.0,0.0
18,1.0,1.0,1.0,5,31,21.6,3,38.666666666666664,31.7817066606853,165.98020576288013,0,0.0,0.0,0.0
17,1.0,1.0,1.0,7,18,11.571428571428571,4,36.75,25.36645851844428,188.59614923680118,0,0.0,0.0,0.0
4,0.0,1.0,0.5,5,12,8.4,3,60.333333333333336,42.08637551323215,378.4879411576608,0,0.0,0.0,0.0
18,0.0,1.0,0.5,8,43,17.625,4,21.0,33.038689905382704,219.8598710962135,0,0.0,0.0,0.0
4,1.0,1.0,0.5,8,63,18.75,2,35.0,20.789728911082413,146.82651296509852,0,0.0,0.0,0.0
22,1.0,1.0,1.0,7,45,23.428571428571427,2,29.0,19.077182245631953,189.38118096610106,2,7.0,4.490377603025637,25.964208907988795
18,1.0,1.0,0.0,8,25,12.375,3,41.0,29.582112656045922,232.41697391229982,0,0.0,0.0,0.0
14,0.0,1.0,0.5,8,45,25.75,1,18.0,28.83679107305006,91.6608193479207,0,0.0,0.0,0.0
1,1.0,1.0,0.5,9,35,13.555555555555555,3,33.666666666666664,22.020627314137656,125.96362373614295,0,0.0,0.0,0.0
12,1.0,1.0,0.5,9,31,16.333333333333332,3,24.0,16.322140902783477,62.76722525540941,0,0.0,0.0,0.0
14,1.0,1.0,0.5,5,81,37.2,2,19.5,17.137535260147935,91.0681649665249,0,0.0,0.0,0.0
8,0.0,1.0,0.5,7,76,25.285714285714285,2,21.5,39.074622521806006,196.002225323905,0,0.0,0.0,0.0
6,1.0,1.0,0.5,7,123,30.285714285714285,1,12.0,5.725235112538976,44.14838087101567,0,0.0,0.0,0.0
13,1.0,1.0,1.0,3,27,17.666666666666668,3,60.0,35.325871228250996,204.1446212066877,0,0.0,0.0,0.0
2,0.0,1.0,0.5,9,47,14.666666666666666,6,16.0,4.9898479757076215,38.476269369413075,0,0.0,0.0,0.0
24,0.0,1.0,0.5,7,39,26.857142857142858,1,26.0,5.152130436173504,26.61018639661335,0,0.0,0.0,0.0
19,1.0,1.0,1.0,5,62,31.2,2,33.5,27.328017443830035,226.27745010214528,0,0.0,0.0,0.0
18,1.0,1.0,1.0,7,15,9.714285714285714,5,31.2,29.955335305307994,188.33070549082603,0,0.0,0.0,0.0
22,0.0,1.0,0.5,10,28,12.5,6,16.833333333333332,14.491805598116686,82.97374784613903,0,0.0,0.0,0.0
22,1.0,1.0,1.0,9,56,19.88888888888889,4,10.75,12.62774528441405,62.72442009762782,0,0.0,0.0,0.0
26,1.0,1.0,1.0,7,21,13.571428571428571,4,33.25,19.068201307263273,98.86817808769264,0,0.0,0.0,0.0
24,1.0,1.0,1.0,5,64,41.2,1,11.0,22.954503368588796,50.68889532512472,0,0.0,0.0,0.0
14,1.0,1.0,0.0,7,48,24.0,1,54.0,7.094935065488371,181.56313626283344,0,0.0,0.0,0.0
21,0.0,1.0,0.5,6,55,19.5,4,27.5,22.471140408958732,160.2050691199032,0,0.0,0.0,0.0
25,1.0,1.0,1.0,5,21,12.4,6,28.166666666666668,27.957585085631916,191.41734091406093,0,0.0,0.0,0.0
10,1.0,1.0,0.5,8,58,22.0,3,16.333333333333332,20.66825961123278,95.53865889662013,0,0.0,0.0,0.0
25,1.0,1.0,0.0,6,22,12.166666666666666,5,30.0,25.388036800500487,206.06570287537232,0,0.0,0.0,0.0
14,1.0,1.0,0.5,9,21,11.88888888888889,5,23.0,24.132668104523365,130.86804796326706,0,0.0,0.0,0.0
17,1.0,1.0,1.0,10,24,10.4,4,29.0,23.504230363175534,123.5744798923379,1,7.0,5.799422646293406,19.807913013168047
18,0.0,1.0,0.5,6,44,26.0,2,35.5,22.432975940651318,180.8570932445981,0,0.0,0.0,0.0
10,1.0,1.0,1.0,8,42,24.375,2,11.0,13.214228317848896,67.7280553270817,0,0.0,0.0,0.0
22,1.0,1.0,1.0,9,56,17.11111111111111,3,23.0,5.617505961622972,38.22169319331845,2,11.25,4.5374109786772525,23.04826730859171
23,1.0,1.0,1.0,4,115,36.0,3,29.333333333333332,19.724327702013976,133.49745990294733,0,0.0,0.0,0.0
24,1.0,1.0,1.0,8,38,24.25,1,18.0,30.582773149379992,159.7332829822348,0,0.0,0.0,0.0
17,1.0,1.0,0.5,14,17,9.928571428571429,5,16.2,22.893547277787036,82.72189026223694,0,0.0,0.0,0.0
18,1.0,1.0,1.0,5,38,30.6,1,70.0,28.72571447000987,87.95768286511974,0,0.0,0.0,0.0
2,1.0,1.0,1.0,4,97,52.75,1,21.0,11.201372504869516,26.96109250334169,0,0.0,0.0,0.0
7,1.0,1.0,0.5,4,142,56.0,0,0.0,0.0,0.0,0,0.0,0.0,0.0
23,1.0,1.0,1.0,8,45,20.375,2,28.5,16.695704970072505,83.18999734713098,1,10.0,2.8520210562884833,19.855274606557675
6,0.0,1.0,0.5,5,70,41.4,1,10.0,41.8004958501781,139.9986214217842,1,10.5,2.6374018597647497,6.778652699025921
10,0.0,1.0,0.5,6,56,35.166666666666664,2,6.0,20.188090073712157,92.24158893554663,0,0.0,0.0,0.0
16,1.0,1.0,1.0,13,18,12.615384615384615,4,11.0,13.6465230882287,41.334076507173286,0,0.0,0.0,0.0
14,0.0,1.0,0.0,9,53,22.77777777777778,2,9.0,15.112107033986995,121.7578530332815,0,0.0,0.0,0.0
17,0.0,1.0,0.5,9,60,20.77777777777778,2,16.5,25.985990952395653,146.2425878329656,0,0.0,0.0,0.0
14,0.0,1.0,0.5,9,34,19.666666666666668,2,23.5,22.435361404878016,94.51548013111709,1,9.0,3.2140181980027336,18.760612368538354
19,0.0,1.0,0.5,6,16,10.5,5,33.4,27.48680559598222,218.93492443340133,0,0.0,0.0,0.0
8,0.0,1.0,0.0,10,45,17.0,3,14.666666666666666,23.243615029563355,167.3101749964657,0,0.0,0.0,0.0
15,1.0,1.0,0.5,10,33,13.5,5,17.6,16.47833790988575,99.14586982875241,0,0.0,0.0,0.0
7,1.0,1.0,1.0,4,61,46.0,2,23.5,14.162377135767859,57.51472536062675,0,0.0,0.0,0.0
23,1.0,1.0,1.0,11,18,11.818181818181818,4,17.5,24.357509305007614,166.2012290786644,0,0.0,0.0,0.0
16,1.0,1.0,1.0,4,108,52.75,2,10.5,15.186841656206521,56.397597869649346,1,10.0,1.5615665966236771,9.799033252653047
1,1.0,1.0,0.0,5,46,39.4,1,31.0,20.862661524262208,85.65772041332916,0,0.0,0.0,0.0
15,0.0,1.0,0.5,6,21,14.5,3,46.0,26.284659297555326,187.51102256197566,0,0.0,0.0,0.0
5,1.0,1.0,0.5,8,40,22.75,2,15.0,1.8886883240607537,11.175647387885235,0,0.0,0.0,0.0
14,0.0,1.0,0.5,2,171,102.5,1,29.0,26.468382726948608,110.10707839176372,1,10.5,3.077664911220583,8.729632822572404
14,1.0,1.0,1.0,8,41,18.125,4,20.25,9.181439929119744,50.22609028656976,0,0.0,0.0,0.0
9,0.0,1.0,0.0,4,78,44.25,1,45.0,4.460403919981731,21.91527848518716,1,7.5,5.093534913786465,19.994277523165866
23,0.0,1.0,0.5,4,63,35.0,2,45.0,32.64052171701412,207.62756027568292,0,0.0,0.0,0.0
4,1.0,1.0,1.0,12,25,14.833333333333334,6,7.5,13.180031315031307,48.254959935353945,0,0.0,0.0,0.0
18,0.0,1.0,0.5,5,36,18.8,3,45.333333333333336,20.63362369567852,271.13216035925734,1,7.0,5.166010836570706,7.267257999642487
13,1.0,1.0,1.0,7,98,30.857142857142858,1,7.0,4.000206471330713,8.895428852439021,1,12.0,3.5914619825979965,23.49354689508877
24,1.0,1.0,1.0,7,29,14.142857142857142,3,40.666666666666664,13.684047643862215,73.99006266806406,0,0.0,0.0,0.0
6,1.0,1.0,1.0,8,48,24.25,2,12.5,4.809403617620161,51.244923054822394,0,0.0,0.0,0.0
4,1.0,1.0,0.5,6,120,31.166666666666668,2,16.5,15.293473477940369,81.48400249652678,0,0.0,0.0,0.0
9,1.0,1.0,0.5,11,43,15.727272727272727,2,23.5,17.17808263609062,88.40636432701217,1,9.5,2.82998290857381,20.16786298659725
4,1.0,1.0,1.0,6,111,31.833333333333332,4,9.5,22.371954294914563,84.7007971097016,0,0.0,0.0,0.0
3,1.0,1.0,1.0,7,62,30.142857142857142,1,12.0,1.7913310057362208,16.07181040971818,0,0.0,0.0,0.0
25,1.0,1.0,1.0,7,59,21.0,3,26.0,11.483243651221562,146.6746780104109,0,0.0,0.0,0.0
25,1.0,1.0,0.5,6,45,18.0,2,56.0,35.919831795141235,207.08562332908684,0,0.0,0.0,0.0
