participant,study_status,scene_familiarity,recall_status,fix_cnt,max_fix_cnt,avg_fix_cnt,saccade_count,avg_saccade_duration,avg_saccade_peak_vel,avg_saccade_amplitude
15,0.0,1.0,0.5,5,39,25.4,2,47.5,30.132360297413676,210.1388440285338
25,0.0,1.0,0.5,7,81,31.0,0,0.0,0.0,0.0
3,0.0,1.0,0.5,8,40,20.75,3,20.666666666666668,23.304405816393068,150.90279942131812
4,1.0,1.0,1.0,7,35,15.142857142857142,3,38.0,26.138632613687424,176.9350196513776
24,1.0,1.0,1.0,8,31,16.125,4,24.0,28.613749832950123,208.06084666911084
4,0.0,1.0,0.5,8,14,9.5,4,38.0,25.511711877823032,157.75040510137325
17,1.0,1.0,0.5,8,28,16.375,3,30.333333333333332,31.898557198171062,182.57835720731717
19,1.0,1.0,1.0,7,95,23.571428571428573,4,15.25,13.830775246059947,70.99788444628479
6,1.0,1.0,0.5,7,42,24.142857142857142,2,24.0,31.377747291942057,105.6120070872021
26,1.0,1.0,1.0,9,21,12.555555555555555,5,22.0,24.18593476114191,144.17166264938265
18,1.0,1.0,0.5,8,33,17.625,4,19.75,31.744560450284,237.11706201216117
23,1.0,1.0,1.0,6,14,10.0,6,28.0,23.269659878917448,193.37834876651598
16,1.0,1.0,0.5,6,31,20.5,2,50.5,27.528710483152576,114.23586103486852
18,1.0,1.0,0.5,7,26,12.714285714285714,3,45.0,26.04241897719847,245.14483648938076
22,1.0,1.0,1.0,4,96,46.0,3,16.0,2.9471896012340864,10.751255562053666
26,1.0,1.0,1.0,2,67,56.0,2,61.0,30.83118543436595,212.11217649728468
5,1.0,1.0,0.5,8,55,21.375,1,46.0,9.799335004948631,21.575198193681445
24,0.0,1.0,0.5,8,38,23.0,1,40.0,9.476274083623874,100.34087486680903
16,1.0,1.0,1.0,10,45,14.2,5,16.2,20.665555658197214,97.60715620353145
2,0.0,1.0,0.5,5,50,34.0,2,25.5,12.725346512580296,68.29900753249213
23,1.0,1.0,1.0,4,42,23.25,5,27.8,18.141181267552263,162.0346159273308
9,0.0,1.0,0.5,12,19,12.5,4,17.0,13.178559557016904,119.55144067722142
23,0.0,1.0,0.5,5,31,16.4,4,37.25,31.820133545380266,168.15250188667184
1,1.0,1.0,0.5,5,56,22.0,3,39.333333333333336,15.15977050576388,129.25167356519782
23,0.0,1.0,0.5,11,32,15.727272727272727,4,10.75,18.0118377219799,89.7303630847544
14,1.0,1.0,1.0,4,72,29.0,4,29.0,7.280793077184295,59.924617054978384
17,1.0,1.0,1.0,9,22,10.0,5,27.4,30.757284645040063,147.22769074466413
21,1.0,1.0,1.0,7,38,23.571428571428573,2,29.5,16.31304815408293,179.0513957844889
17,1.0,1.0,1.0,11,47,18.636363636363637,1,10.0,33.36649652471796,178.14630121160664
16,1.0,1.0,1.0,6,28,15.0,2,68.5,21.94876856251321,110.90777648897259
14,1.0,1.0,1.0,7,80,26.428571428571427,2,17.5,10.105808133562103,47.980960349541014
24,0.0,1.0,0.5,11,45,17.454545454545453,2,6.5,23.167825857902642,80.53581296901986
19,1.0,1.0,1.0,6,30,15.5,4,32.75,24.082920905459655,198.2996267399432
25,1.0,1.0,1.0,9,39,20.88888888888889,3,11.0,2.7183567753099003,19.040073100718075
25,1.0,1.0,1.0,6,64,31.333333333333332,2,16.0,21.31149132561572,237.51299521053443
19,1.0,1.0,1.0,3,85,58.0,1,56.0,27.86258341626865,209.26320617231215
22,1.0,1.0,0.0,9,39,19.11111111111111,2,26.5,11.839200233521705,65.51981646590501
21,1.0,1.0,0.5,6,31,21.666666666666668,3,31.333333333333332,18.998824657880167,210.15932965960567
5,1.0,1.0,1.0,8,31,20.75,5,11.8,17.91210545951875,60.48099298402191
19,1.0,1.0,1.0,5,87,24.2,5,22.0,18.23940487751442,116.84770991817928
22,1.0,1.0,1.0,7,26,15.285714285714286,3,39.333333333333336,21.822471439234857,182.80854230353225
5,1.0,1.0,0.5,11,25,14.363636363636363,3,16.666666666666668,28.71774273361307,144.46299857935819
19,1.0,1.0,1.0,4,121,52.5,1,15.0,3.202024628170219,6.55762612604255
24,1.0,1.0,1.0,6,53,32.666666666666664,3,11.333333333333334,22.569561093463392,52.88683865008003
21,1.0,1.0,0.5,6,31,18.333333333333332,4,30.0,25.764606611392146,241.27028296831946
12,0.0,1.0,0.5,16,17,9.0,4,17.5,18.19368469850151,120.62359547888106
4,0.0,1.0,0.5,5,36,21.8,2,55.0,33.187526258645846,282.8029919943554
9,1.0,1.0,1.0,7,69,29.428571428571427,1,17.0,1.7511948849659869,5.793294297162039
6,1.0,1.0,0.5,4,50,39.0,2,36.5,25.55153874685915,140.825315634937
22,0.0,1.0,0.0,6,113,30.666666666666668,3,15.333333333333334,6.679235600950169,44.61721655144939
9,1.0,1.0,0.5,10,32,12.7,5,18.4,11.041259546219518,100.39599149977589
6,0.0,1.0,0.0,9,20,11.11111111111111,4,29.5,33.652012943238226,209.23647303529793
5,0.0,1.0,0.5,5,93,32.2,4,17.5,43.20229198063317,182.58260805067636
19,0.0,1.0,0.5,7,15,9.285714285714286,5,32.8,22.595931429924555,175.4345140135936
2,0.0,1.0,0.0,8,30,12.25,5,26.0,14.809523041627273,173.24182671044548
24,0.0,1.0,0.5,6,48,35.0,1,17.0,29.010738897906087,79.54387031066824
6,1.0,1.0,0.0,5,56,33.2,3,21.0,6.657061852389131,40.886232650728296
17,0.0,1.0,0.0,7,45,24.285714285714285,3,19.0,27.867047600811375,224.70359793813077
13,1.0,1.0,1.0,7,20,12.428571428571429,4,34.5,25.25184437663685,194.86299313034985
14,0.0,1.0,0.5,8,43,20.0,3,19.666666666666668,21.62583741390898,132.495192823701
24,0.0,1.0,0.5,14,30,12.071428571428571,4,11.75,27.334349349184535,145.45628894564766
24,0.0,1.0,0.5,8,78,26.875,1,12.0,20.613277277373196,86.07371957695645
2,1.0,1.0,0.0,12,24,13.833333333333334,4,12.75,2.8051220807126676,26.28633867679068
23,1.0,1.0,0.0,6,42,22.666666666666668,4,22.5,15.431395143093532,127.8813217503532
24,0.0,1.0,0.5,8,45,20.125,1,56.0,28.46103954312027,91.62515160288586
18,1.0,1.0,1.0,5,74,43.6,1,7.0,18.10544305892673,43.669594193766414
16,0.0,1.0,0.5,13,27,14.692307692307692,1,20.0,5.077679613553819,12.2302836140973
26,1.0,1.0,1.0,13,22,10.461538461538462,7,10.428571428571429,17.98646215155451,88.86827074124214
21,0.0,1.0,0.5,5,35,21.2,3,41.0,22.100971273831615,134.39839019585153
7,1.0,1.0,0.5,5,118,41.4,1,13.0,31.348838606819463,117.697698649379
18,1.0,1.0,1.0,3,92,72.33333333333333,1,11.0,32.046684435406746,115.16498888145645
4,0.0,1.0,0.5,6,29,12.833333333333334,5,30.6,19.458674679388086,167.383194010396
9,1.0,1.0,1.0,7,44,19.714285714285715,5,17.4,17.75053707012713,80.69776774448208
19,1.0,1.0,1.0,5,93,35.4,1,45.0,20.923160216882483,87.5450212747731
6,1.0,1.0,0.0,8,34,17.375,4,20.25,9.012354260948296,69.32974683192889
17,1.0,1.0,0.5,5,90,33.8,2,29.5,31.620161176166334,221.52761258812527
3,1.0,1.0,0.5,12,22,12.333333333333334,3,25.333333333333332,18.181506412481365,116.39883698958268
26,1.0,1.0,0.5,6,50,38.166666666666664,0,0.0,0.0,0.0
1,0.0,1.0,0.0,2,104,80.0,1,74.0,2.2726803282942316,27.29126539391104
25,1.0,1.0,1.0,5,55,35.8,1,43.0,16.26745196344041,50.08968794605168
24,0.0,1.0,0.5,10,49,15.7,2,30.0,15.583116949905426,103.94590410946456
22,1.0,1.0,1.0,9,26,14.88888888888889,4,22.5,13.290912484620563,106.21790513285882
4,0.0,1.0,0.5,11,20,12.727272727272727,3,27.333333333333332,27.48596617778991,206.1261882338275
18,1.0,1.0,1.0,5,32,22.0,4,30.25,22.600172305602474,153.86980594533466
9,1.0,1.0,1.0,8,39,19.125,4,18.25,25.989501006611746,136.8395805602815
24,0.0,1.0,0.5,10,36,19.3,1,17.0,11.73965748192214,137.69925705784289
24,1.0,1.0,1.0,7,61,29.0,2,12.5,17.579506017591132,65.31582387509107
25,1.0,1.0,1.0,7,41,23.142857142857142,3,20.0,9.179937080795215,105.53436127769477
17,0.0,1.0,0.5,12,33,13.0,3,19.0,12.415877387214449,50.88617438411452
22,1.0,1.0,1.0,11,26,13.454545454545455,4,16.0,14.993479876307607,96.37907877912892
18,0.0,1.0,0.0,6,22,13.166666666666666,2,73.0,38.32823798678328,446.38856681362677
24,1.0,1.0,0.5,6,25,14.5,4,34.75,27.933784470182673,149.92869996848827
6,0.0,1.0,0.0,5,59,45.4,0,0.0,0.0,0.0
9,1.0,1.0,1.0,9,27,13.555555555555555,4,26.0,28.66047857457581,186.93685458652962
6,0.0,1.0,0.5,5,48,29.2,3,27.0,16.943212012395378,82.33616201766759
9,1.0,1.0,1.0,8,43,19.375,3,20.333333333333332,16.066403828207182,91.48675094955843
9,1.0,1.0,0.5,5,93,37.6,2,19.5,1.6876321646535017,17.310129831877447
21,1.0,1.0,1.0,7,41,20.0,2,39.5,12.497122013864862,45.48292420514235
23,0.0,1.0,0.5,9,29,13.666666666666666,4,24.5,14.659036095977042,70.6152649574538
7,1.0,1.0,1.0,8,37,24.0,2,16.5,10.277800013619167,37.90628210822317
23,1.0,1.0,0.5,6,67,34.666666666666664,1,6.0,30.849636138202207,133.70709307475332
23,0.0,1.0,0.0,8,32,22.125,2,19.0,4.289682856310492,22.63591074923052
16,1.0,1.0,1.0,12,59,17.0,1,11.0,18.201075355517403,76.6460026222428
24,1.0,1.0,0.5,5,64,43.6,0,0.0,0.0,0.0
17,0.0,1.0,0.5,7,52,20.857142857142858,2,40.5,20.178553963241523,101.20285593872549
23,1.0,1.0,1.0,11,31,12.727272727272727,4,19.0,20.65068609266156,98.94936720269496
14,0.0,1.0,0.5,6,48,30.0,2,18.5,4.158750102313991,72.77812679049427
24,0.0,1.0,0.5,13,39,13.76923076923077,2,19.0,27.97541425888612,148.39476262434783
24,0.0,1.0,0.5,3,118,67.33333333333333,1,21.0,18.644989630058422,152.1920442236867
13,1.0,1.0,1.0,5,20,13.2,2,82.5,28.86332513002396,243.72861516128694
4,1.0,1.0,1.0,8,36,20.25,2,23.5,10.991875784694672,128.68974398332284
15,1.0,1.0,0.5,8,32,20.25,4,14.5,6.468512632622566,42.96067205343112
3,0.0,1.0,0.5,8,60,23.375,2,15.5,8.683786300139253,26.847656028510155
15,0.0,1.0,0.5,11,39,16.90909090909091,3,10.333333333333334,6.131217827633148,33.28618540958365
6,1.0,1.0,1.0,7,72,29.857142857142858,1,13.0,0.5002777345507757,6.003332814609024
16,1.0,1.0,1.0,8,41,25.0,2,10.0,27.52992380626847,100.90678743516627
11,1.0,1.0,1.0,9,35,16.11111111111111,3,25.333333333333332,22.973953625198515,140.0048696455174
24,1.0,1.0,1.0,8,61,22.75,1,38.0,32.45885000541647,159.05632249468297
25,1.0,1.0,1.0,7,40,22.142857142857142,1,67.0,29.33552820314457,63.71490540614908
7,1.0,1.0,1.0,3,117,69.0,2,13.0,9.268267112873309,26.53171992029444
7,1.0,1.0,1.0,3,157,72.33333333333333,1,12.0,0.5436573261030034,5.980230587132665
11,1.0,1.0,1.0,5,8,7.2,5,39.0,21.543368664181,186.12647240235955
8,1.0,1.0,1.0,10,50,15.7,3,20.333333333333332,17.986043457196846,114.32070870796313
21,1.0,1.0,0.0,7,56,23.142857142857142,3,20.666666666666668,13.223819307038232,118.34853147253945
26,1.0,1.0,1.0,10,29,10.9,7,16.0,19.300339968772438,84.57153041903027
4,0.0,1.0,0.5,9,15,9.555555555555555,5,28.2,25.2479307534257,148.40494731286304
19,1.0,1.0,1.0,7,70,28.142857142857142,1,26.0,24.68680931740508,125.07220366553709
24,1.0,1.0,0.5,11,27,13.636363636363637,4,18.25,36.18901549192977,196.3166739914737
4,0.0,1.0,0.5,6,25,15.833333333333334,1,132.0,33.728937458456805,354.3731295436876
3,0.0,1.0,0.5,10,49,15.8,4,15.0,16.33263918930814,97.27495942454112
23,1.0,1.0,1.0,7,27,19.285714285714285,3,30.333333333333332,29.1261546266778,213.1937781922583
23,1.0,1.0,1.0,5,58,26.2,2,48.5,26.66921371375778,141.137021527857
5,1.0,1.0,0.5,4,59,39.5,1,70.0,2.02062880452015,13.230340457093769
24,0.0,1.0,0.5,7,47,25.142857142857142,2,25.0,24.270933927961856,100.80537089218456
5,1.0,1.0,1.0,5,60,30.2,2,37.0,4.2638955427819,33.34577162331774
7,1.0,1.0,1.0,3,129,66.66666666666667,2,16.5,12.97318882509826,56.5552412239693
17,1.0,1.0,1.0,9,31,18.444444444444443,4,14.5,25.554853124406847,107.28136286892591
15,1.0,1.0,0.5,9,36,19.555555555555557,4,11.25,14.971142855771722,63.51860664368755
5,1.0,1.0,0.5,7,59,27.571428571428573,2,14.0,24.47619924650924,184.9706418532974
4,1.0,1.0,0.5,10,28,14.0,4,19.75,23.48238096669175,96.60675170745135
25,1.0,1.0,1.0,7,29,13.285714285714286,6,22.666666666666668,26.74638168180103,181.0816584661429
3,0.0,1.0,0.5,8,33,16.875,3,28.666666666666668,20.63548077456098,133.17581318607685
1,1.0,1.0,1.0,5,43,21.0,2,63.0,26.38060057167074,186.38051893931242
3,0.0,1.0,0.5,9,45,20.88888888888889,2,19.5,30.283837572175642,157.82551873068672
8,1.0,1.0,1.0,9,42,18.666666666666668,4,11.5,9.253111528543483,52.01771546961449
5,1.0,1.0,0.5,7,58,29.428571428571427,2,10.5,22.23474273769071,69.61522607289723
7,0.0,1.0,0.5,9,35,23.11111111111111,0,0.0,0.0,0.0
18,0.0,1.0,0.5,10,21,11.1,4,27.0,28.784310844979654,149.90021743700325
6,0.0,1.0,0.0,3,120,70.33333333333333,1,20.0,0.7899494316706159,15.009039201741665
24,0.0,1.0,0.5,5,10,8.6,4,46.0,47.91278044254939,370.1968594917956
9,0.0,1.0,0.0,7,83,30.285714285714285,2,8.5,5.955997710468358,42.88442308056379
13,0.0,1.0,0.5,4,107,51.25,2,11.0,23.265621028496625,147.92843686338304
14,1.0,1.0,1.0,2,183,117.0,0,0.0,0.0,0.0
1,1.0,1.0,1.0,6,29,16.833333333333332,4,31.0,13.731957082934318,84.74394189608167
7,1.0,1.0,1.0,4,81,51.75,1,24.0,0.3076127007287066,7.075092116759777
8,1.0,1.0,0.5,14,31,12.357142857142858,3,11.333333333333334,13.755359765902156,74.89055282213636
24,0.0,1.0,0.5,5,50,32.8,4,16.75,14.1360235187965,109.16887202327422
13,0.0,1.0,0.0,8,38,16.0,5,19.6,11.654411159864349,37.04446793966213
4,0.0,1.0,0.5,10,24,15.4,2,25.0,8.482229310977194,24.060530613403156
9,0.0,1.0,0.5,8,31,20.375,3,20.333333333333332,19.7101357182239,82.2682343234898
22,1.0,1.0,0.5,8,44,21.0,2,22.0,10.40382189829527,112.2004589434121
18,1.0,1.0,1.0,6,76,33.833333333333336,2,9.0,33.94946121642532,185.86412428984403
8,1.0,1.0,0.0,8,18,12.75,4,30.5,31.812202074052987,203.37508971621025
24,0.0,1.0,0.5,8,18,10.125,2,69.0,28.242053035951628,272.44715366482455
1,1.0,1.0,1.0,4,48,25.5,2,62.5,27.87857418624017,165.35972903489616
19,1.0,1.0,1.0,2,58,56.0,2,61.0,1.4626065458078539,10.839354270149387
21,1.0,1.0,0.5,6,27,14.0,3,47.333333333333336,26.34586812951494,156.92456842428828
12,0.0,1.0,0.5,15,23,12.266666666666667,3,8.0,14.35097131998824,55.080305406558836
22,0.0,1.0,0.5,10,55,17.9,3,14.333333333333334,3.5544369943451053,40.31804251386717
19,1.0,1.0,1.0,3,116,70.66666666666667,1,13.0,21.085775585624422,60.24578517364108
15,0.0,1.0,0.5,7,34,17.428571428571427,4,24.25,19.767287367111457,123.47775310660487
9,0.0,1.0,0.0,12,37,15.75,2,14.0,22.539061579905116,144.40195730464092
7,0.0,1.0,0.5,2,155,99.5,2,17.5,13.533445676107956,46.33566831215157
23,1.0,1.0,1.0,5,19,12.4,2,83.0,38.13420270473214,385.1741045434071
16,1.0,1.0,0.0,12,26,12.333333333333334,3,23.666666666666668,18.047694670174003,118.73247935159448
23,0.0,1.0,0.0,8,30,16.125,5,19.8,20.51778712337344,107.95735629071453
17,1.0,1.0,1.0,9,34,14.444444444444445,2,47.0,39.49534148318746,278.9773224458303
4,1.0,1.0,0.5,11,49,15.272727272727273,5,10.8,14.713699052961942,68.58902409332687
4,0.0,1.0,0.5,11,30,11.0,3,33.333333333333336,24.056111151761836,101.56025342596774
12,1.0,1.0,1.0,5,63,36.4,2,22.5,17.3843175513171,52.371090117461485
8,1.0,1.0,1.0,10,45,18.3,6,6.333333333333333,26.12841261235442,128.03329039394634
3,0.0,1.0,0.5,11,36,16.727272727272727,3,10.0,15.26702080537706,78.09986531312117
6,0.0,1.0,0.0,4,98,50.25,2,14.0,19.003095387052333,105.43947216459144
14,1.0,1.0,1.0,11,34,13.090909090909092,3,24.0,18.76156337585511,156.5426715901215
14,1.0,1.0,0.5,7,52,19.714285714285715,4,21.0,23.03171263410028,154.73560906600602
24,1.0,1.0,0.5,12,19,13.666666666666666,4,13.25,17.135702090673696,118.99730767273334
3,1.0,1.0,1.0,10,39,13.3,5,18.6,27.392247493442717,156.99779254364756
13,1.0,1.0,1.0,8,31,13.625,3,38.333333333333336,23.37853113210465,185.35289049734502
18,1.0,1.0,1.0,9,13,9.333333333333334,5,26.8,26.63265130822801,170.4498463884662
21,0.0,1.0,0.5,12,43,14.916666666666666,3,14.0,22.012785750156826,98.00513682875759
1,1.0,1.0,1.0,4,58,32.0,2,50.5,17.122020102927586,131.03511542952918
4,1.0,1.0,1.0,10,53,15.9,6,11.0,16.138708051434765,59.49108677876893
6,0.0,1.0,0.5,3,122,59.0,1,56.0,27.02963127379303,78.3709700288772
1,1.0,1.0,1.0,4,42,24.25,3,43.666666666666664,26.433988926950757,155.98348238792562
13,1.0,1.0,1.0,9,30,19.88888888888889,3,15.333333333333334,9.294966499842179,79.75585784017878
16,1.0,1.0,1.0,7,47,13.857142857142858,5,25.4,14.571924434372596,100.24808027667969
14,1.0,1.0,1.0,6,100,29.833333333333332,3,15.666666666666666,14.531678666386126,59.94258328222244
14,0.0,1.0,0.5,11,46,17.272727272727273,1,20.0,12.689833670334423,158.45188539620767
21,1.0,1.0,1.0,6,38,31.0,2,17.5,23.255413271960403,99.40072096533362
18,1.0,1.0,0.0,6,44,23.333333333333332,3,28.333333333333332,33.99863241706827,233.392925580985
2,0.0,1.0,0.5,7,45,16.285714285714285,3,36.0,8.990781146718275,151.78964080027617
3,0.0,1.0,0.5,11,24,11.818181818181818,4,23.5,24.9193846821984,198.84292154624316
7,1.0,1.0,1.0,3,123,60.333333333333336,2,26.0,14.838736455138811,73.00603274285149
12,0.0,1.0,0.5,12,43,17.25,1,9.0,9.633269327166872,25.40066650254374
5,1.0,1.0,0.0,6,80,25.833333333333332,3,24.0,42.31582833878786,208.11864292063606
3,1.0,1.0,0.5,9,45,18.11111111111111,3,19.333333333333332,24.74085637575472,137.61264926809062
24,1.0,1.0,1.0,14,32,13.285714285714286,4,7.75,14.733545467861948,72.6766676149991
14,1.0,1.0,1.0,4,86,52.25,1,17.0,21.882584610657723,60.50983862073528
22,1.0,1.0,1.0,8,36,14.875,5,18.2,15.773391087185255,83.18826426706205
1,1.0,1.0,1.0,11,34,15.454545454545455,1,46.0,22.81809541110301,189.8700209127469
24,1.0,1.0,0.5,11,39,18.0,2,8.5,12.71656539823552,45.474168488813476
2,1.0,1.0,1.0,8,26,14.0,5,22.4,13.184450081958786,127.9367147660952
4,1.0,1.0,1.0,12,17,11.166666666666666,4,20.25,26.43246830609167,142.49209481610097
13,1.0,1.0,1.0,8,29,18.875,4,18.0,26.043850862217223,171.09654130740728
21,1.0,1.0,0.0,4,59,38.25,3,26.333333333333332,22.1669363088435,215.0970704768828
2,1.0,1.0,0.0,10,29,11.3,4,27.5,21.995444129186865,179.23192173678348
26,1.0,1.0,1.0,7,57,17.857142857142858,2,48.5,22.129821454568418,162.9153198076574
26,1.0,1.0,1.0,8,59,23.875,3,11.333333333333334,7.962360475937625,52.473075314838475
23,0.0,1.0,0.5,7,27,16.428571428571427,3,38.0,21.112192611380497,189.00675867737513
6,0.0,1.0,0.5,10,47,18.6,4,9.25,19.516473381232807,77.47777710742729
6,1.0,1.0,1.0,5,154,38.0,3,12.333333333333334,2.9361154004396077,47.94209458007324
3,1.0,1.0,1.0,10,63,19.1,2,15.5,25.610516968246657,61.13104814948649
24,0.0,1.0,0.5,9,29,12.88888888888889,6,18.166666666666668,29.27438316314046,162.4311865281076
23,0.0,1.0,0.5,9,22,9.777777777777779,5,26.8,21.87053899884298,130.99361135243788
3,0.0,1.0,0.5,8,46,26.0,1,7.0,32.50094383990069,183.7428717381819
9,1.0,1.0,0.5,6,76,31.666666666666668,3,11.666666666666666,1.8670212243104318,10.198387758997079
4,1.0,1.0,0.5,10,45,14.6,5,15.6,22.298575713288923,129.68713645906732
6,0.0,1.0,0.5,10,28,14.8,5,14.2,19.765277187485328,125.17086995359823
2,1.0,1.0,1.0,11,18,11.0,5,18.6,12.08435789377794,89.37441782308116
9,1.0,1.0,1.0,7,53,21.285714285714285,4,19.25,14.262704702755286,133.94623124748915
22,1.0,1.0,1.0,10,42,16.1,3,19.0,14.13273334249039,105.43816595649872
18,1.0,1.0,1.0,6,33,20.333333333333332,3,36.0,35.33733914672512,220.5259495872657
26,1.0,1.0,1.0,12,38,16.75,2,10.0,25.268252396596917,101.6685479202397
25,1.0,1.0,1.0,8,35,21.0,2,24.0,23.351613650539196,189.45314724161483
23,1.0,1.0,1.0,5,65,26.2,1,96.0,35.546064749322674,226.91564550683242
23,0.0,1.0,0.5,6,25,13.666666666666666,4,35.75,21.50340614545823,184.6767280876982
17,0.0,1.0,0.5,6,31,17.5,4,31.25,32.01369432478552,232.82037168261687
15,0.0,1.0,0.5,8,46,17.0,3,27.0,26.540094493442115,144.70039957935546
5,1.0,1.0,0.5,9,31,14.333333333333334,5,18.0,16.138472772463196,60.0648738386933
13,1.0,1.0,1.0,5,92,31.0,3,25.333333333333332,20.84623852092231,108.8237866900631
1,1.0,1.0,1.0,12,32,10.833333333333334,5,18.0,15.328229499474674,77.69891494547767
3,1.0,1.0,1.0,9,59,21.333333333333332,2,15.0,25.7159940251113,240.11180678993864
4,0.0,1.0,0.5,7,16,11.285714285714286,3,48.0,21.174227916590482,188.068227555764
4,0.0,1.0,0.5,11,19,9.181818181818182,6,19.166666666666668,22.321960299652478,139.63038440077733
14,0.0,1.0,0.5,5,57,35.6,2,24.0,6.031782392984665,65.74044373309522
1,1.0,1.0,1.0,10,43,19.8,3,7.666666666666667,5.262148693772153,27.574645651849057
17,0.0,1.0,0.5,10,27,13.4,1,76.0,41.10196102301613,325.3373572910598
19,1.0,1.0,1.0,2,177,92.0,1,50.0,3.1497618064816537,11.726045325341131
14,1.0,1.0,0.5,10,32,21.7,0,0.0,0.0,0.0
24,1.0,1.0,1.0,7,30,16.857142857142858,3,34.666666666666664,13.371911653314683,81.5796422748708
23,0.0,1.0,0.5,7,44,18.285714285714285,4,25.25,20.964048915122135,146.06185076940363
15,1.0,1.0,0.5,6,45,26.666666666666668,2,31.0,18.486682417539907,143.16972474335506
25,1.0,1.0,1.0,7,37,20.285714285714285,3,28.0,34.60743250957965,168.69991591432557
24,1.0,1.0,0.5,9,42,23.333333333333332,0,0.0,0.0,0.0
18,1.0,1.0,0.0,2,38,24.5,2,92.5,20.320446780849025,90.88210187909675
14,0.0,1.0,0.5,13,45,14.0,3,12.666666666666666,15.46440479135441,99.58710281235163
17,1.0,1.0,1.0,11,50,17.272727272727273,2,9.0,11.057571310742816,25.939219746716606
6,1.0,1.0,0.0,9,22,12.333333333333334,6,19.333333333333332,28.998157386956418,137.55841472273377
14,1.0,1.0,1.0,7,43,19.714285714285715,4,21.25,11.220883664588976,86.89208172510305
3,1.0,1.0,1.0,11,31,17.818181818181817,1,19.0,41.710972549671055,265.3949383442829
1,1.0,1.0,1.0,5,63,35.2,2,27.5,6.107975415094289,16.704672555172678
19,1.0,1.0,1.0,9,21,13.555555555555555,4,25.5,16.516827464542466,113.62127467531216
6,1.0,1.0,1.0,6,23,13.833333333333334,2,70.0,39.780477729324275,332.36342157092787
21,1.0,1.0,1.0,5,38,21.4,2,62.0,21.83571725263031,189.49364866962492
25,0.0,1.0,0.5,7,38,22.285714285714285,2,34.5,9.249689115663056,122.53352901246782
23,1.0,1.0,0.5,7,67,21.142857142857142,6,12.666666666666666,21.379779072654447,104.68603068396015
17,1.0,1.0,0.5,8,72,20.5,2,28.5,35.229771757102185,133.76863013123648
13,0.0,1.0,0.5,8,81,27.0,1,9.0,21.09451288194776,44.326286095284836
21,0.0,1.0,0.5,8,44,17.0,3,30.0,34.29110554573,294.7372512925399
23,0.0,1.0,0.0,7,38,18.428571428571427,4,23.25,21.040442968781612,109.27335961904166
15,1.0,1.0,1.0,10,23,12.9,4,23.5,15.726111926203435,139.42911171856923
4,1.0,1.0,1.0,10,17,9.3,7,18.571428571428573,22.194172411657316,112.99720791973206
8,0.0,1.0,0.0,7,22,12.0,2,71.5,25.37601269941439,156.04693978054652
3,1.0,1.0,0.5,6,121,33.833333333333336,2,10.5,17.833573869620107,143.11536259566446
4,1.0,1.0,0.5,10,25,17.5,3,16.0,15.219867654430601,56.4150003878635
12,1.0,1.0,1.0,7,56,30.142857142857142,1,14.0,2.2154187981624456,17.244017444922
4,1.0,1.0,0.5,4,21,12.75,3,59.0,31.175233438543472,333.847591349731
9,1.0,1.0,1.0,6,61,29.333333333333332,2,27.0,20.896498430353457,97.4690493312034
21,0.0,1.0,0.0,5,44,20.8,3,39.0,28.129906519333762,318.8483033861349
24,0.0,1.0,0.5,4,12,9.0,5,39.2,24.849514964741466,244.84953903922855
2,1.0,1.0,1.0,6,53,20.0,2,54.0,11.880611524618441,42.85684474743042
22,1.0,1.0,1.0,11,32,13.909090909090908,3,20.333333333333332,11.35357400863819,105.25486642771591
9,0.0,1.0,0.5,11,47,17.09090909090909,3,10.333333333333334,15.118568044177207,88.8323864768888
25,1.0,1.0,1.0,5,40,21.4,2,60.5,31.77887181688439,325.31933529103
22,1.0,1.0,1.0,8,46,27.125,0,0.0,0.0,0.0
23,1.0,1.0,1.0,5,33,13.8,3,53.333333333333336,21.84315368404853,163.2272153061226
24,0.0,1.0,0.5,10,31,13.4,4,20.5,25.360993779987865,147.3936871581435
19,1.0,1.0,1.0,6,109,31.666666666666668,2,13.5,1.053394672911471,5.777921920685149
9,1.0,1.0,1.0,9,92,21.333333333333332,3,10.333333333333334,19.59595016056029,62.66529330681218
3,1.0,1.0,1.0,9,53,22.77777777777778,1,15.0,1.7084267412224223,11.692604372688802
9,0.0,1.0,0.0,4,31,25.75,1,125.0,2.394261361575116,22.586340089892676
3,1.0,1.0,1.0,8,63,25.625,1,10.0,24.648241068610645,106.09842256692583
26,0.0,1.0,0.5,16,36,12.9375,1,8.0,18.882596544173925,83.72043463460234
8,1.0,1.0,0.5,9,86,21.77777777777778,1,25.0,35.74279382360779,167.5158934693791
18,1.0,1.0,1.0,7,70,26.857142857142858,1,28.0,33.10888242511167,262.7932901426552
24,0.0,1.0,0.5,4,71,51.0,1,25.0,34.0475481722242,152.18607171475756
1,1.0,1.0,0.0,6,30,12.833333333333334,3,51.333333333333336,23.115083465322375,179.13078412752486
16,1.0,1.0,0.0,6,36,32.333333333333336,2,13.0,30.601122359915195,112.75706442176394
4,0.0,1.0,0.5,7,19,12.428571428571429,5,27.6,22.251972306688856,135.51931876016016
4,0.0,1.0,0.5,8,22,13.5,4,30.0,35.12912049864891,219.95939915953036
19,1.0,1.0,1.0,8,30,13.875,4,28.5,17.139631875283953,165.09774462812607
8,1.0,1.0,1.0,6,26,11.833333333333334,3,53.0,19.93594249926925,163.237141052024
9,1.0,1.0,1.0,9,49,15.444444444444445,4,22.0,25.442765396224534,182.4660268967769
23,0.0,1.0,0.5,5,13,9.4,4,45.25,17.655546546308493,166.2601638843703
22,1.0,1.0,1.0,14,43,12.928571428571429,3,9.333333333333334,18.244715519501458,118.73799193100096
14,0.0,1.0,0.5,9,33,16.666666666666668,3,23.666666666666668,20.578518068974752,138.63642933638155
14,1.0,1.0,1.0,10,37,18.7,3,11.333333333333334,13.330504405017669,68.00505668348423
13,1.0,1.0,1.0,12,38,13.916666666666666,2,22.0,6.399274172335063,67.32912335777056
21,1.0,1.0,0.5,6,74,34.666666666666664,1,14.0,28.676132132213198,145.8928961416452
3,0.0,1.0,0.5,8,46,16.625,3,31.666666666666668,19.304884567735744,194.6406913002055
7,1.0,1.0,1.0,5,86,39.2,3,9.333333333333334,1.2915546486745553,2.9336851691749115
5,1.0,1.0,1.0,10,32,16.4,2,26.0,23.77237930323839,143.38327206957143
9,1.0,1.0,1.0,6,46,30.666666666666668,1,43.0,12.937536363067517,220.31497562022113
4,0.0,1.0,0.5,9,15,10.11111111111111,4,32.75,30.23427126035042,139.9319274310585
21,1.0,1.0,1.0,8,39,18.25,4,20.5,17.388611574376963,79.38911554496555
7,0.0,1.0,0.5,3,112,68.66666666666667,2,13.5,6.853816829670996,19.362774852787943
22,1.0,1.0,1.0,9,54,22.22222222222222,3,6.333333333333333,13.919555692641431,50.932640015605195
1,1.0,1.0,1.0,5,47,27.8,2,44.5,26.8731465572521,200.57093710464758
6,0.0,1.0,0.5,9,71,19.444444444444443,1,42.0,25.7041981819823,259.50607490529165
1,0.0,1.0,0.0,7,16,9.714285714285714,4,38.0,7.4402699755098265,65.46650841833139
23,1.0,1.0,1.0,6,55,17.5,4,31.25,18.9228961599226,145.03859331104815
14,0.0,1.0,0.5,8,41,19.875,3,23.0,4.189087297627609,72.53531148908843
23,1.0,1.0,0.0,3,68,44.333333333333336,2,47.5,26.14399471551097,270.95218396598716
2,1.0,1.0,1.0,8,48,20.0,5,12.0,9.469058597357904,44.6457745143993
6,1.0,1.0,1.0,7,79,18.857142857142858,5,18.6,21.77496005777372,87.901635311614
17,1.0,1.0,0.5,17,16,10.941176470588236,4,7.75,26.57674046168477,102.62633067036353
2,0.0,1.0,0.5,10,20,10.6,4,28.25,18.567406061674856,117.8289711668113
18,1.0,1.0,1.0,9,64,22.666666666666668,1,22.0,1.5004037804752652,11.00280958448513
10,1.0,1.0,0.0,7,38,27.857142857142858,2,12.5,20.854752194544595,171.01641756689503
7,0.0,1.0,0.5,5,89,43.6,0,0.0,0.0,0.0
3,0.0,1.0,0.5,12,42,14.833333333333334,4,8.75,28.828576857136667,139.44925117175617
24,1.0,1.0,1.0,7,26,11.857142857142858,4,36.5,19.279593942188882,165.0804640614577
14,0.0,1.0,0.5,6,46,22.166666666666668,4,22.25,9.948461836729715,61.45179862435231
6,1.0,1.0,1.0,10,26,13.0,6,15.166666666666666,12.550023829556096,75.09337739640098
23,1.0,1.0,1.0,10,44,13.6,4,21.0,23.26678693895774,155.58534823081703
18,0.0,1.0,0.0,6,31,15.666666666666666,3,43.0,14.220136954375532,177.17113025352558
16,0.0,1.0,0.0,9,21,11.333333333333334,4,31.0,22.365952503733606,100.87159652486973
13,0.0,1.0,0.5,4,83,42.75,2,29.5,11.391342924427082,94.86947934292863
26,1.0,1.0,0.5,5,146,43.0,1,14.0,15.674868709092896,39.406831983016836
14,0.0,1.0,0.5,16,23,10.875,4,8.75,23.739842844155568,86.84576437807462
17,1.0,1.0,1.0,5,51,29.2,2,40.5,33.86457613729894,187.25784685354952
25,1.0,1.0,1.0,8,58,21.0,2,27.5,21.835993544717155,200.0541408560927
4,0.0,1.0,0.5,10,41,18.4,3,11.333333333333334,25.532682587747832,133.7198405855793
25,1.0,1.0,1.0,9,35,18.88888888888889,2,19.0,9.221452583985279,83.34694882726178
5,1.0,1.0,0.5,14,25,11.714285714285714,3,16.333333333333332,16.363087120157843,61.19398043482818
23,1.0,1.0,0.0,7,30,16.142857142857142,5,22.2,19.47156263755388,99.45706484474906
22,1.0,1.0,1.0,8,59,19.875,3,21.333333333333332,9.889682725117964,59.94473233385392
24,0.0,1.0,0.5,9,41,23.0,1,10.0,2.8125688123894528,17.485405141284435
17,1.0,1.0,1.0,12,19,12.75,4,16.75,23.98267203804465,137.12675607274494
21,1.0,1.0,1.0,7,26,14.571428571428571,4,28.75,21.067437341434417,131.71914388031874
2,0.0,1.0,0.0,5,50,34.6,2,26.0,5.047620556726326,13.244184436982875
23,1.0,1.0,1.0,10,32,18.2,3,12.333333333333334,10.783937298520604,100.21015736877628
1,0.0,1.0,0.0,7,51,22.857142857142858,2,34.0,11.984843289675506,114.10187860909993
23,0.0,1.0,0.5,6,58,30.333333333333332,1,44.0,19.925486610799542,93.58883992997447
3,0.0,1.0,0.5,7,13,9.285714285714286,3,52.333333333333336,22.275674778368142,176.11489047556464
3,1.0,1.0,1.0,9,40,18.555555555555557,3,17.666666666666668,17.48984635116736,177.00084500429716
14,1.0,1.0,1.0,5,106,34.6,3,18.333333333333332,13.306579602307343,90.66769278737037
4,0.0,1.0,0.5,5,19,13.8,3,51.0,35.8181423317555,210.54036021317518
13,1.0,1.0,1.0,8,37,16.75,4,22.0,15.549497770624463,82.90876097305704
12,1.0,1.0,1.0,12,24,14.25,3,16.0,25.58908889028518,157.21795295233318
26,1.0,1.0,1.0,4,116,54.5,1,9.0,12.04009263912938,55.75609691844012
17,1.0,1.0,1.0,9,60,23.0,1,19.0,26.969193960005637,60.07638139355515
15,1.0,1.0,0.5,10,22,11.8,5,20.8,30.175716330845425,144.99088209119262
12,1.0,1.0,1.0,13,23,11.846153846153847,2,34.5,18.78703784361231,75.65935296790121
19,1.0,1.0,1.0,7,39,18.428571428571427,3,31.333333333333332,9.143211061761901,88.62744722100074
9,1.0,1.0,0.5,6,74,33.666666666666664,1,17.0,0.8858501025275121,14.173601640439408
2,1.0,1.0,0.0,5,23,16.0,3,50.333333333333336,31.313221364411902,250.38775243506583
21,1.0,1.0,0.5,5,64,36.6,2,20.0,26.821559640964765,148.70213928204186
14,1.0,1.0,1.0,8,47,24.625,1,24.0,29.692587126791626,206.12938513323854
6,1.0,1.0,1.0,9,75,20.77777777777778,3,12.0,4.157296872270941,46.80432270675672
4,1.0,1.0,1.0,7,21,11.714285714285714,4,36.75,28.061698562328786,170.13350964982953
1,1.0,1.0,1.0,7,36,16.857142857142858,4,26.75,12.366384651945383,92.9557170901247
24,0.0,1.0,0.5,6,60,33.833333333333336,1,14.0,31.68785287747391,170.82028679511677
8,0.0,1.0,0.0,11,25,11.272727272727273,5,18.4,17.888955108858102,139.08527166358004
25,1.0,1.0,1.0,5,30,23.2,1,111.0,5.131234818361671,34.17953809961637
26,1.0,1.0,0.5,5,35,14.4,4,39.75,16.533116048512472,152.00955345804002
9,1.0,1.0,1.0,8,41,21.375,3,15.0,23.545886581716317,106.12194768232797
14,1.0,1.0,0.5,6,57,34.666666666666664,1,6.0,32.56795730121011,137.50339836062528
4,1.0,1.0,1.0,9,47,14.11111111111111,4,23.25,31.915378349732958,165.37043647784196
15,1.0,1.0,0.5,8,42,23.0,3,13.0,14.281608885287193,53.13526580492453
25,1.0,1.0,1.0,7,34,21.285714285714285,3,24.333333333333332,24.273779878974512,169.58653767271224
21,1.0,1.0,1.0,8,91,20.5,5,12.8,14.555095991647812,131.1262950351432
4,1.0,1.0,0.5,7,45,16.714285714285715,3,34.666666666666664,15.438764039863438,110.41852269635582
10,0.0,1.0,0.5,7,53,28.857142857142858,2,9.5,9.034129638741955,41.00059816270485
23,1.0,1.0,1.0,10,23,13.8,6,13.5,15.613793652323237,100.25587548601804
3,0.0,1.0,0.5,8,37,25.375,2,7.5,12.885436699777355,52.60745427428067
3,0.0,1.0,0.5,10,32,18.6,1,32.0,27.195951671895074,82.89699257116798
19,1.0,1.0,0.0,4,122,43.0,2,30.0,32.10752182408362,229.23712727232322
25,0.0,1.0,0.5,6,27,20.666666666666668,2,49.5,30.41995307842727,239.992996150716
13,1.0,1.0,1.0,6,51,25.0,3,22.666666666666668,7.749633369157453,89.1531022558642
18,1.0,1.0,1.0,6,47,24.5,2,37.5,38.2529228382802,235.04430462417633
2,0.0,1.0,0.0,5,46,37.2,2,20.0,10.50106353172301,54.40745735147388
14,1.0,1.0,0.5,12,25,12.416666666666666,5,12.8,17.483817582507367,74.45768294845797
8,1.0,1.0,1.0,10,23,15.2,2,31.0,14.778899358162572,85.69730759900305
3,1.0,1.0,0.5,10,52,20.8,1,8.0,28.705209408802663,71.7275579994423
8,1.0,1.0,0.0,4,94,51.75,1,24.0,13.717054550138421,41.89556405032614
26,0.0,1.0,0.0,8,46,25.5,2,10.0,25.99069707451379,68.30936719584597
15,0.0,1.0,0.5,10,23,11.9,5,21.4,25.20862361823615,113.36730068117863
16,0.0,1.0,0.5,7,52,18.142857142857142,2,49.5,31.07076808303082,202.27672987724168
17,0.0,1.0,0.5,6,52,20.666666666666668,3,35.333333333333336,32.00420146714193,179.60963900816304
9,1.0,1.0,1.0,9,37,16.88888888888889,4,16.0,10.130199799788068,32.62390095319812
19,1.0,1.0,1.0,8,25,11.0,2,67.5,28.245743576621756,243.76867772889466
7,1.0,1.0,0.5,4,93,45.75,2,21.0,15.584608061424634,42.988681364087256
4,1.0,1.0,1.0,5,42,23.6,2,52.0,36.075913262706926,325.17659944866205
7,0.0,1.0,0.0,9,40,23.0,2,6.5,29.69356491591828,109.85557762201482
5,1.0,1.0,1.0,7,65,28.428571428571427,2,8.0,12.601228158403048,47.64850330826551
7,0.0,1.0,0.5,2,159,104.0,1,26.0,17.860906722816114,38.770230669395616
24,1.0,1.0,1.0,8,23,14.625,3,34.666666666666664,24.633544596609212,225.0828379220965
18,0.0,1.0,0.5,6,40,19.5,2,50.5,36.716037549424314,316.06760489755163
25,1.0,1.0,0.5,9,56,19.11111111111111,3,18.0,18.099442798019957,66.93917494158993
22,0.0,1.0,0.5,9,30,13.222222222222221,5,21.0,20.368937413122612,127.41943379113218
12,1.0,1.0,0.5,13,30,14.692307692307692,3,7.666666666666667,25.80202133143278,95.73021151083047
8,0.0,1.0,0.5,6,33,18.833333333333332,3,36.333333333333336,32.218098750952,236.41234752878722
18,1.0,1.0,1.0,5,90,38.4,1,28.0,18.64123563166518,47.14945827764203
18,1.0,1.0,1.0,7,42,19.428571428571427,2,41.0,30.46125949990274,186.47240547566585
17,1.0,1.0,1.0,11,32,15.181818181818182,4,14.5,37.77913398931141,158.8496239357535
1,1.0,1.0,0.5,11,40,12.545454545454545,4,21.0,11.260219483850351,85.41019628315779
7,0.0,1.0,0.5,4,130,51.5,2,11.0,5.946230271651575,12.39920744475068
25,1.0,1.0,1.0,5,59,32.6,1,58.0,35.62417911642031,222.10508602626592
9,0.0,1.0,0.0,9,30,19.11111111111111,3,13.666666666666666,32.04232762686419,147.1175037448858
19,1.0,1.0,1.0,14,24,13.785714285714286,3,8.666666666666666,20.10018633789638,92.46409733259031
19,1.0,1.0,1.0,4,146,47.5,3,13.333333333333334,9.501183649024046,51.66354645989489
9,1.0,1.0,0.5,9,41,18.77777777777778,4,13.25,16.694712286130827,91.3336653102787
24,1.0,1.0,1.0,9,36,22.555555555555557,0,0.0,0.0,0.0
23,1.0,1.0,1.0,5,22,14.4,3,51.333333333333336,34.17606877015521,251.67848905045705
12,0.0,1.0,0.0,5,51,23.8,2,53.5,10.50496891236274,60.956996091353176
12,1.0,1.0,1.0,13,34,12.23076923076923,6,9.833333333333334,15.369317437349537,57.47369716011776
14,1.0,1.0,1.0,9,51,23.88888888888889,0,0.0,0.0,0.0
12,1.0,1.0,1.0,12,44,16.583333333333332,3,7.333333333333333,17.590584530855136,51.91876347628005
17,1.0,1.0,1.0,8,44,18.625,3,24.333333333333332,18.01211909690502,127.73612975739023
12,1.0,1.0,1.0,9,37,22.22222222222222,3,8.666666666666666,16.160486659040547,57.91994264030276
9,0.0,1.0,0.0,12,32,14.583333333333334,3,14.333333333333334,16.90934568376012,85.61328595176309
8,1.0,1.0,0.0,3,73,56.0,1,65.0,4.2919868965029515,18.568421229007377
13,1.0,1.0,1.0,8,54,19.875,2,34.0,23.340950792714203,253.52321233562176
22,1.0,1.0,1.0,10,29,16.6,3,18.0,13.236420320189263,60.247617814313536
14,1.0,1.0,1.0,5,54,35.8,3,16.0,12.211087929013127,36.06573255320162
22,1.0,1.0,1.0,9,26,14.777777777777779,3,28.333333333333332,10.52377196927257,73.1479446797412
4,1.0,1.0,1.0,7,50,24.0,2,29.5,25.67138132281582,126.56546552944612
8,1.0,1.0,0.5,9,24,12.88888888888889,6,17.166666666666668,23.601244175350292,146.57534121542346
24,0.0,1.0,0.5,10,41,17.6,4,11.5,14.664116851406284,63.081120713680946
6,1.0,1.0,0.0,5,61,25.8,2,48.5,27.174886076102194,188.69369383567735
18,0.0,1.0,0.5,7,44,27.857142857142858,2,11.0,34.39055637569836,143.27053944977726
18,0.0,1.0,0.5,8,25,14.0,6,18.666666666666668,23.642037580607354,157.57691309660305
16,0.0,1.0,0.0,9,42,22.22222222222222,2,11.5,9.362363927815018,19.098538206699406
23,0.0,1.0,0.5,8,19,13.125,3,39.0,26.305780534044455,257.69837811264375
17,0.0,1.0,0.5,8,14,9.5,5,30.4,36.081570775784755,200.29784133272412
23,0.0,1.0,0.0,9,34,17.77777777777778,3,20.666666666666668,13.178667068791546,69.00231051547594
14,1.0,1.0,1.0,4,97,43.75,1,55.0,21.262081057202504,308.9992238217058
3,1.0,1.0,1.0,11,39,15.727272727272727,3,15.666666666666666,5.090000098452391,64.88279276322301
14,1.0,1.0,1.0,6,117,35.666666666666664,1,6.0,25.94777547592381,113.10183701581761
3,0.0,1.0,0.5,12,42,16.166666666666668,3,6.333333333333333,12.96266892489419,49.75074615415581
9,0.0,1.0,0.5,6,54,26.833333333333332,3,22.0,5.881011758577189,22.745278750277212
24,1.0,1.0,0.5,7,63,24.571428571428573,4,12.75,20.75218700931832,128.25145662233547
19,1.0,1.0,1.0,5,23,12.8,6,27.833333333333332,20.585038598429353,186.47796697080602
21,0.0,1.0,0.5,6,69,24.333333333333332,4,21.0,62.437891896066624,258.76756096014105
25,1.0,1.0,1.0,5,71,39.0,2,16.0,12.43158648884234,39.338450851431894
25,0.0,1.0,0.5,11,22,15.636363636363637,3,14.333333333333334,31.86117765454342,145.50319450682863
14,0.0,1.0,0.5,7,32,23.285714285714285,2,29.5,33.14245206808644,198.98520098218214
5,1.0,1.0,1.0,7,36,24.714285714285715,3,18.666666666666668,11.846813820092327,79.56808772970841
3,1.0,1.0,1.0,12,32,13.75,4,14.0,16.717791333270526,121.71738547169366
4,1.0,1.0,1.0,9,41,20.77777777777778,3,9.666666666666666,17.542782348621852,76.11499224800528
23,1.0,1.0,1.0,8,35,16.75,5,17.6,5.9372621016986615,24.02588825997108
25,1.0,1.0,1.0,7,31,21.428571428571427,2,37.0,32.82951883986903,249.0599963286919
24,0.0,1.0,0.5,7,100,29.857142857142858,2,10.0,24.48813959623542,103.17750475679682
6,0.0,1.0,0.5,10,52,17.7,5,9.2,14.925584568844855,76.62256254288121
3,0.0,1.0,0.5,12,49,16.333333333333332,1,18.0,4.4944507885792095,11.142696273839295
6,1.0,1.0,1.0,5,59,41.0,2,13.0,4.591168322531529,20.352111717583746
22,0.0,1.0,0.5,9,47,16.22222222222222,2,36.0,19.43691829498598,150.2948800886287
7,1.0,1.0,1.0,2,92,80.0,2,37.0,11.488013096843984,34.11683340910573
12,1.0,1.0,0.5,13,48,14.23076923076923,3,11.666666666666666,25.448853871034277,97.28960974242786
6,1.0,1.0,1.0,7,36,21.857142857142858,5,14.8,12.40308871654463,79.35553323667894
26,1.0,1.0,1.0,5,22,13.8,3,52.0,21.824368513007204,258.7836488594382
6,0.0,1.0,0.0,5,31,17.6,3,47.0,29.91702815074645,210.69987707939777
24,1.0,1.0,1.0,8,35,19.625,3,20.0,19.655506937046137,98.67268352060977
9,0.0,1.0,0.5,6,63,29.0,4,14.0,1.8216998171465186,9.88689891296679
16,1.0,1.0,1.0,10,56,20.1,1,7.0,5.413684402752449,28.47867783812298
17,1.0,1.0,0.5,11,39,16.818181818181817,2,14.5,29.937066471806766,134.3354278604566
3,0.0,1.0,0.5,5,60,36.2,1,44.0,29.21937420456863,181.22954083565992
25,0.0,1.0,0.0,9,45,18.444444444444443,2,25.0,10.985963746505782,164.89873833072272
2,1.0,1.0,0.5,5,74,38.0,2,18.0,18.455074911756135,94.26922257045335
24,0.0,1.0,0.5,6,55,30.833333333333332,3,13.333333333333334,28.18461091149835,124.28219259356057
9,1.0,1.0,1.0,7,61,20.142857142857142,3,28.333333333333332,23.411412756644342,188.95966197781692
18,1.0,1.0,1.0,12,29,14.833333333333334,2,15.0,31.129993218072798,144.14267216259123
7,1.0,1.0,1.0,2,174,104.0,1,26.0,29.68929183573415,110.37376031445726
24,0.0,1.0,0.5,11,23,14.909090909090908,3,14.666666666666666,36.151287169755356,166.28896950010028
16,0.0,1.0,0.0,8,42,23.125,1,30.0,11.211121510953593,105.4756700767642
15,1.0,1.0,1.0,7,46,22.142857142857142,2,32.5,14.34159012972641,94.69782932344998
26,0.0,1.0,0.5,10,23,12.0,4,25.25,18.702011930535317,127.52491320763431
24,1.0,1.0,0.5,7,41,28.428571428571427,1,25.0,35.66291736612404,116.65539024623091
25,1.0,1.0,0.5,12,27,13.083333333333334,7,8.714285714285714,19.189709658629084,103.01306862342724
24,0.0,1.0,0.5,8,46,24.625,2,11.0,19.9068175469901,96.62623223284953
13,1.0,1.0,1.0,7,78,24.142857142857142,2,28.5,17.446763342457736,99.1388647567097
22,1.0,1.0,1.0,14,30,14.214285714285714,3,6.666666666666667,11.863562217293172,65.32967871810115
14,1.0,1.0,1.0,9,51,19.88888888888889,2,22.5,11.417602662747198,67.56638136358032
14,0.0,1.0,0.5,8,40,21.25,3,17.666666666666668,7.696414360255545,44.88796138923461
16,1.0,1.0,1.0,10,48,15.0,4,16.75,29.913567671079882,180.49582188121533
19,1.0,1.0,1.0,3,44,22.0,2,83.5,30.58761771651308,367.7690837122557
4,1.0,1.0,1.0,5,23,16.2,3,49.0,22.92229987782808,116.35989571899397
16,1.0,1.0,0.0,14,36,13.428571428571429,4,7.0,17.152074525974406,70.719295728738
24,1.0,1.0,0.5,10,33,14.0,4,18.5,15.535318134883445,96.17489781079469
21,1.0,1.0,0.5,5,57,25.2,2,53.0,30.063067448314712,265.91107107955355
17,0.0,1.0,0.5,10,16,8.9,4,33.25,27.855138280866093,147.8232892878097
13,1.0,1.0,1.0,8,40,23.0,3,13.666666666666666,14.423619459195422,51.899248812579536
24,0.0,1.0,0.5,11,37,16.0,2,19.5,22.24294746114603,154.5300148463979
6,0.0,1.0,0.5,9,41,19.11111111111111,5,9.6,10.659330027679001,63.10711527119092
1,0.0,1.0,0.5,10,88,20.0,1,17.0,9.316631023557848,114.36280598891699
10,0.0,1.0,0.5,3,47,41.0,1,12.0,27.33990448478501,300.738949332635
23,1.0,1.0,1.0,8,35,15.625,1,57.0,34.300224788007775,242.77415778822782
2,0.0,1.0,0.0,8,39,21.875,2,21.5,23.715121187018553,150.18242810657878
4,0.0,1.0,0.5,7,83,19.142857142857142,5,19.0,31.481490444303056,135.82184014258573
26,1.0,1.0,1.0,16,17,10.375,3,13.0,26.37091601089847,153.79144027359354
12,0.0,1.0,0.5,10,43,18.6,2,15.5,8.720937725827328,54.117791971897766
14,0.0,1.0,0.5,7,53,30.571428571428573,1,6.0,5.031617958595877,10.388015957476005
13,1.0,1.0,0.0,8,61,18.75,4,19.25,7.115918826547045,47.36086710184402
14,1.0,1.0,1.0,4,148,52.5,2,9.5,8.220433625382572,69.87368581575186
24,1.0,1.0,0.5,9,26,15.777777777777779,2,37.0,24.663751936911705,179.5224009423639
3,1.0,1.0,0.5,5,57,30.0,2,40.5,11.506556119703118,56.91516251777528
11,1.0,1.0,1.0,8,29,13.5,6,19.5,23.491738860949482,89.96815586029743
16,0.0,1.0,0.0,13,25,11.76923076923077,2,29.5,17.04040359334766,86.96221948848573
22,1.0,1.0,0.5,7,44,21.142857142857142,4,18.5,17.3910373792409,83.24516950709948
3,1.0,1.0,1.0,11,26,15.454545454545455,4,13.0,13.034507989601453,80.26268135391874
22,0.0,1.0,0.5,7,40,17.428571428571427,2,48.5,14.80296497643071,162.27701999140584
13,0.0,1.0,0.5,7,42,25.142857142857142,1,46.0,13.418226179281579,133.23087093381932
25,1.0,1.0,0.0,7,32,22.571428571428573,2,31.0,25.875756790041596,170.71946057025912
19,1.0,1.0,1.0,5,48,21.6,3,38.666666666666664,19.82246238191392,183.68662114997736
14,0.0,1.0,0.5,2,165,99.0,1,36.0,13.041796929309191,26.93252068422804
8,1.0,1.0,0.5,10,27,14.5,2,37.0,33.53309588725185,175.7166108601852
1,1.0,1.0,1.0,7,54,27.428571428571427,1,29.0,25.77069744711385,142.80529140702313
12,0.0,1.0,0.5,12,30,12.25,2,36.5,30.95403903440544,160.63355827584505
24,1.0,1.0,1.0,9,27,20.11111111111111,1,38.0,21.265908652420947,95.3151090831576
2,1.0,1.0,1.0,4,71,35.5,3,30.0,18.219299496673358,120.06509653694256
17,0.0,1.0,0.5,8,45,18.5,3,25.333333333333332,14.701916910985565,77.12244829401418
24,1.0,1.0,0.5,9,41,17.11111111111111,5,13.6,12.025851706988217,71.96482071108144
23,1.0,1.0,1.0,3,39,27.666666666666668,3,49.333333333333336,23.993431999478684,212.52894261054348
24,1.0,1.0,1.0,7,30,15.285714285714286,4,29.5,29.466777742775328,236.02375253168884
9,1.0,1.0,1.0,6,52,25.833333333333332,3,23.333333333333332,23.329835601438173,130.78894064694535
3,1.0,1.0,1.0,12,36,14.416666666666666,2,25.5,20.228056672499093,228.16436638856683
15,1.0,1.0,1.0,7,34,18.714285714285715,6,16.166666666666668,20.902092380089858,84.2114843655594
17,0.0,1.0,0.5,11,30,17.181818181818183,2,13.0,4.007358391541416,31.992989976555503
22,1.0,1.0,1.0,9,55,22.77777777777778,3,7.0,11.670154446960288,51.84073761500213
15,1.0,1.0,1.0,5,44,34.8,1,57.0,40.021298962759566,303.03474188160686
23,1.0,1.0,0.5,7,33,13.285714285714286,5,27.2,19.642418497744423,119.247897485733
16,1.0,1.0,1.0,10,64,19.9,3,8.0,27.82562592433833,149.50985993009613
2,0.0,1.0,0.0,7,43,22.857142857142858,2,33.0,16.630056172325546,60.982626448417676
11,1.0,1.0,1.0,7,51,14.857142857142858,4,30.0,31.036407829566624,219.92446658595824
16,1.0,1.0,0.0,10,56,18.4,2,18.0,11.63815561796423,90.69509251556309
24,1.0,1.0,0.5,7,52,30.285714285714285,1,6.0,29.838298310962216,84.72563271876884
4,0.0,1.0,0.5,4,46,18.0,4,39.0,24.771938348366255,194.40705056159152
7,1.0,1.0,0.5,6,52,34.666666666666664,1,19.0,17.830976128176623,55.785279343835654
7,1.0,1.0,0.5,6,56,26.666666666666668,2,32.5,19.559337632474524,112.94548830291407
24,1.0,1.0,0.5,4,64,46.5,3,14.0,36.508105160521275,177.9582496560082
23,1.0,1.0,1.0,9,34,15.88888888888889,3,27.0,26.402047315615224,169.31903530107726
18,1.0,1.0,1.0,6,26,17.333333333333332,4,30.0,33.01425306180737,246.69742271491674
8,1.0,1.0,0.5,4,52,25.0,2,63.5,22.52779317544023,219.5312290690421
18,0.0,1.0,0.5,12,13,9.333333333333334,4,27.25,27.557480272200607,155.13070637667767
1,1.0,1.0,1.0,5,27,14.6,4,39.5,24.745243160464316,135.44705563319826
24,0.0,1.0,0.5,9,37,20.444444444444443,2,16.5,14.043909366286421,86.708663071413
14,1.0,1.0,1.0,3,132,76.33333333333333,0,0.0,0.0,0.0
6,1.0,1.0,1.0,6,78,34.5,1,21.0,1.0499320738043234,10.680490548324372
24,0.0,1.0,0.5,9,28,16.666666666666668,4,18.5,27.5646637939833,115.91635100906525
2,1.0,1.0,0.5,5,77,41.0,1,21.0,15.856506963778303,249.73855815124602
4,1.0,1.0,0.5,7,23,11.857142857142858,5,28.2,26.229058344378593,142.36935284401005
4,1.0,1.0,0.5,8,20,10.375,5,28.6,33.306790513452356,151.69089279228442
23,1.0,1.0,1.0,5,35,23.2,4,28.0,22.21391326965137,182.02842093376262
15,0.0,1.0,0.5,10,48,16.5,2,27.5,16.66859080162521,115.505036298941
5,0.0,1.0,0.5,8,25,11.75,7,19.142857142857142,37.714788794962736,168.60333094935808
4,1.0,1.0,0.5,9,39,19.11111111111111,4,13.0,15.793839801803555,86.15041184478152
3,1.0,1.0,1.0,9,54,21.11111111111111,2,16.0,24.05769761466582,94.07708820959247
18,0.0,1.0,0.5,7,25,13.857142857142858,2,61.0,13.84758001094562,128.41296928199012
15,0.0,1.0,0.5,9,29,17.666666666666668,4,17.0,15.04330426645133,97.8489761996384
25,1.0,1.0,0.5,11,29,12.636363636363637,3,24.666666666666668,18.30415274634759,173.50070256061875
25,1.0,1.0,1.0,7,29,14.428571428571429,4,30.25,22.77644349119741,159.38812677442397
19,0.0,1.0,0.5,4,25,18.75,2,77.0,30.004000428338152,338.97205440066284
24,0.0,1.0,0.5,8,38,23.375,2,19.0,12.867268949966215,113.205525564656
4,0.0,1.0,0.5,11,41,15.545454545454545,1,45.0,31.278258258924577,171.63222802970054
13,1.0,1.0,1.0,5,34,20.0,2,63.0,10.684215130842524,81.03342679076277
23,0.0,1.0,0.5,6,56,19.0,3,36.0,26.06228090632015,169.2125468869733
19,1.0,1.0,1.0,3,86,56.0,2,32.5,12.06198681479114,70.34954041338891
24,1.0,1.0,1.0,5,43,33.2,1,57.0,21.003318912228618,137.54055179156913
4,0.0,1.0,0.5,6,17,12.0,4,38.75,23.738341965715804,162.99322060951977
1,1.0,1.0,1.0,3,82,43.666666666666664,3,33.333333333333336,12.33243990887791,120.59757860431206
15,0.0,1.0,0.5,8,38,22.125,4,10.5,21.986946438633787,124.73156142463684
18,1.0,1.0,1.0,5,25,19.0,3,44.333333333333336,23.05723349720628,124.60730305296642
18,1.0,1.0,1.0,6,31,21.833333333333332,3,29.333333333333332,32.80562032620942,170.852873762408
17,1.0,1.0,1.0,6,28,13.833333333333334,4,37.0,25.36645851844428,188.59614923680118
4,0.0,1.0,0.5,4,12,8.75,3,64.33333333333333,32.080605064073374,378.81438022539186
18,0.0,1.0,0.5,8,73,21.375,4,13.5,33.038689905382704,206.75452862553323
4,1.0,1.0,0.5,9,63,19.88888888888889,2,20.0,20.789728911082413,82.61295206270451
22,1.0,1.0,1.0,6,45,20.833333333333332,2,49.0,11.141205769211924,87.45326392038963
18,1.0,1.0,0.0,9,25,12.0,4,28.5,25.896724713702653,204.28763651834936
14,0.0,1.0,0.5,7,53,29.714285714285715,1,18.0,28.83679107305006,91.6608193479207
1,1.0,1.0,0.5,8,35,12.375,4,31.75,17.792688451602086,97.0860849851341
12,1.0,1.0,0.5,8,61,19.125,2,31.5,24.26722319499553,92.90352734810524
14,1.0,1.0,0.5,5,60,38.2,2,17.0,2.863328624130631,20.59568826321156
8,0.0,1.0,0.5,7,27,15.571428571428571,4,30.0,28.123456260295846,142.09373014193898
13,1.0,1.0,1.0,3,57,27.666666666666668,3,50.0,35.325871228250996,204.1446212066877
2,0.0,1.0,0.5,10,27,11.6,7,15.285714285714286,4.904440860170666,34.77883124995658
24,0.0,1.0,0.5,7,39,29.0,1,12.0,27.22347645860589,67.41691687458771
19,1.0,1.0,1.0,4,62,39.75,3,21.666666666666668,25.016177544041494,179.9487132455176
18,1.0,1.0,1.0,6,15,10.0,6,28.333333333333332,28.99676668753826,173.67349622131783
22,0.0,1.0,0.5,10,31,12.0,7,15.142857142857142,15.535660599600604,93.14846537986234
22,1.0,1.0,1.0,9,56,19.0,4,14.0,12.604105394727101,63.9465454498645
26,1.0,1.0,1.0,8,21,14.5,4,25.75,19.068201307263273,98.86817808769264
19,0.0,1.0,0.0,12,18,11.083333333333334,6,14.0,11.698725750602094,87.40878689507902
24,1.0,1.0,1.0,4,62,40.75,2,29.5,19.543447580684017,82.07241974692202
14,1.0,1.0,0.0,9,48,21.77777777777778,1,24.0,6.755165413232795,149.5577032002463
21,0.0,1.0,0.5,5,55,21.8,4,30.5,24.623504869245735,187.96721220699698
10,1.0,1.0,0.5,7,58,23.428571428571427,4,15.5,20.910925826136495,108.55904318844298
25,1.0,1.0,0.0,5,22,13.2,5,32.6,25.388036800500487,233.2303273366177
14,1.0,1.0,0.5,8,21,12.375,4,29.75,29.42152006116287,174.3987619635699
17,1.0,1.0,1.0,12,24,9.833333333333334,5,20.0,25.212640465259177,117.92289418419887
18,0.0,1.0,0.5,6,42,23.333333333333332,2,44.5,26.48685488678749,206.61835853931467
10,1.0,1.0,1.0,9,42,20.0,4,10.75,23.99372177499488,89.64348236688933
22,1.0,1.0,1.0,10,56,17.9,3,13.0,5.617505961622972,38.22169319331845
23,1.0,1.0,1.0,4,115,36.0,2,44.0,25.15142434923877,290.3255434180738
24,1.0,1.0,1.0,7,43,26.571428571428573,1,30.0,29.519994020151298,116.99786455143062
17,1.0,1.0,0.5,15,17,10.0,4,15.0,23.31479232788132,87.82448710259789
18,1.0,1.0,1.0,5,54,36.6,1,40.0,28.72571447000987,76.77855413827315
2,1.0,1.0,1.0,4,45,34.0,1,90.0,7.722605423845029,29.72160067716211
7,1.0,1.0,0.5,3,171,76.0,0,0.0,0.0,0.0
23,1.0,1.0,1.0,8,45,24.125,1,24.0,5.691011792182351,41.24133242347389
6,0.0,1.0,0.5,5,70,41.8,1,9.0,16.9299687476676,53.12423944661638
10,0.0,1.0,0.5,5,56,37.6,1,38.0,24.93488556596065,109.01628862353681
16,1.0,1.0,1.0,12,16,12.166666666666666,5,13.6,12.545748381352471,75.24905923380918
14,0.0,1.0,0.0,10,33,17.4,3,17.333333333333332,26.543834850085133,135.57498997006965
17,0.0,1.0,0.5,7,38,18.142857142857142,4,24.75,20.623501782642357,90.6256921443764
14,0.0,1.0,0.5,9,34,19.22222222222222,2,24.5,23.55145831795411,98.6730110894898
19,0.0,1.0,0.5,5,30,14.6,5,31.6,27.088303317832548,229.24955277719528
8,0.0,1.0,0.0,8,41,17.375,4,19.25,13.164328053144736,123.37511182271508
7,1.0,1.0,1.0,3,162,63.666666666666664,2,19.5,4.869983580428155,12.539782823772187
15,1.0,1.0,0.5,10,31,12.6,5,18.4,17.463665724613712,102.37700575434414
7,1.0,1.0,1.0,3,91,59.666666666666664,2,26.5,5.723615968232478,15.448696565850172
23,1.0,1.0,1.0,11,29,13.727272727272727,4,17.5,24.357511513902327,166.2012290786644
16,1.0,1.0,1.0,4,108,54.5,1,6.0,6.427157196242168,16.607371515581047
15,0.0,1.0,0.5,7,21,14.142857142857142,3,41.333333333333336,23.689298098691268,220.3074723307665
5,1.0,1.0,0.5,8,40,23.875,2,11.5,14.017547744894967,31.623957472066827
14,0.0,1.0,0.5,2,201,117.5,0,0.0,0.0,0.0
14,1.0,1.0,1.0,8,40,19.0,4,17.75,7.027160540089518,49.28928445412607
9,0.0,1.0,0.0,5,78,41.2,1,15.0,3.463262496768356,15.547946857943739
23,0.0,1.0,0.5,3,63,28.333333333333332,2,74.0,32.64052171701412,226.48686434936786
4,1.0,1.0,1.0,13,25,14.153846153846153,5,7.0,15.572140706847227,57.03836926634568
18,0.0,1.0,0.5,5,44,24.8,3,35.333333333333336,20.63362369567852,211.7824646112565
24,1.0,1.0,1.0,5,37,19.8,4,33.0,19.4724722400094,96.95027670703695
6,1.0,1.0,1.0,6,56,34.333333333333336,1,18.0,4.573482267754579,77.74919855182742
4,1.0,1.0,0.5,5,150,41.6,2,9.0,19.2331593154383,95.85667178472985
9,1.0,1.0,0.5,13,43,14.076923076923077,2,17.5,5.150975788685956,33.00848563961407
4,1.0,1.0,1.0,6,111,34.833333333333336,2,8.0,37.61551938206925,136.46600192875047
3,1.0,1.0,1.0,7,62,30.714285714285715,1,9.0,32.699357432945824,102.9675543215863
25,1.0,1.0,1.0,5,59,24.2,3,35.666666666666664,26.152135061247222,251.37856195197335
25,1.0,1.0,0.5,6,45,17.333333333333332,3,40.333333333333336,31.038465771409943,165.53920742861544
