participant,study_status,scene_familiarity,recall_status,fix_cnt,max_fix_cnt,avg_fix_cnt,blink_cnt,peak_blink_duration,avg_blink_duration,saccade_count,avg_saccade_duration,avg_saccade_peak_vel,avg_saccade_amplitude
15,0.0,1.0,0.5,11,39,19.818181818181817,0,0,0.0,5,23.6,26.69201951907497,136.1806697201323
25,0.0,1.0,0.5,11,40,20.09090909090909,1,19,19.0,4,29.5,19.692390373984832,115.22618785588459
3,0.0,1.0,0.5,11,40,22.181818181818183,2,20,10.5,3,30.0,30.66416280933255,230.28914135089644
24,1.0,1.0,1.0,9,58,24.88888888888889,1,36,36.0,5,23.2,23.0889923635076,146.18986860194155
4,0.0,1.0,0.5,8,92,23.0,0,0,0.0,3,51.0,31.107209393185922,200.49854487799203
17,1.0,1.0,0.5,15,35,13.733333333333333,0,0,0.0,7,18.714285714285715,28.0448568153929,155.25246265422578
19,1.0,1.0,1.0,9,95,30.333333333333332,1,63,63.0,4,17.25,11.048316225800946,64.51387626443048
6,1.0,1.0,0.5,10,50,28.2,1,86,86.0,4,12.25,16.091241577625844,58.64033855259558
26,1.0,1.0,1.0,17,21,11.823529411764707,0,0,0.0,5,25.2,22.48668764023767,121.02521552831395
18,1.0,1.0,0.5,13,33,16.23076923076923,0,0,0.0,5,23.0,24.645277317702618,177.33205454915066
23,1.0,1.0,1.0,9,57,19.333333333333332,0,0,0.0,7,23.857142857142858,27.960316419399785,192.486065434687
16,1.0,1.0,0.5,15,31,16.466666666666665,0,0,0.0,4,21.75,25.97596670687032,111.38087101284003
18,1.0,1.0,0.5,11,29,16.90909090909091,2,33,24.5,3,49.666666666666664,38.605251130146506,342.3171921511196
26,1.0,1.0,1.0,2,142,108.0,0,0,0.0,1,138.0,30.120913360590077,223.20131871911784
5,1.0,1.0,0.5,16,55,18.6875,1,67,67.0,2,11.5,8.810293695663766,20.32509877044865
10,1.0,1.0,1.0,12,83,23.166666666666668,1,28,28.0,4,16.0,19.38945125347809,92.72253463869198
13,1.0,1.0,1.0,7,168,37.0,1,10,10.0,3,27.0,21.03735054269887,146.59676927780276
22,1.0,1.0,1.0,10,84,31.3,1,30,30.0,2,8.5,13.875180958230814,75.71823649809988
24,0.0,1.0,0.5,15,36,16.666666666666668,2,26,25.5,4,20.75,9.890575686314131,74.64127254244622
16,1.0,1.0,1.0,15,45,12.133333333333333,0,0,0.0,6,25.5,28.18499115086216,145.13284855261028
23,1.0,1.0,1.0,5,130,45.4,1,47,47.0,5,24.8,13.32797183095173,154.01273238321227
9,0.0,1.0,0.5,18,29,14.166666666666666,2,19,18.0,6,11.166666666666666,18.726644169948575,110.215413353053
6,1.0,1.0,1.0,11,52,20.636363636363637,1,126,126.0,4,26.75,21.66110151289061,145.98132517897812
23,0.0,1.0,0.5,9,32,15.222222222222221,0,0,0.0,6,35.0,26.89817064405298,170.9064757999678
14,1.0,1.0,1.0,5,96,42.8,1,264,264.0,4,34.25,0.9698611867856712,25.042880418885847
17,1.0,1.0,1.0,16,30,12.375,0,0,0.0,7,19.714285714285715,23.825419087815636,117.35149185195304
21,1.0,1.0,1.0,13,38,18.615384615384617,1,15,15.0,4,24.5,19.41549709265334,173.7932103363435
17,1.0,1.0,1.0,11,130,29.272727272727273,0,0,0.0,1,10.0,33.36649652471796,178.14630121160664
16,1.0,1.0,1.0,14,24,13.285714285714286,1,25,25.0,3,45.333333333333336,18.043103444982112,118.82434046206248
14,1.0,1.0,1.0,8,127,40.625,1,26,26.0,2,11.5,18.90554721557717,81.21326461130224
24,0.0,1.0,0.5,13,87,23.307692307692307,0,0,0.0,3,8.0,28.025424061475558,145.5086153436982
19,1.0,1.0,1.0,13,30,11.692307692307692,1,18,18.0,5,36.4,26.44729179345905,205.1035325397605
25,1.0,1.0,1.0,11,67,26.90909090909091,1,43,43.0,4,9.5,2.6969448077304494,17.35252570751911
25,1.0,1.0,1.0,8,96,36.375,1,38,38.0,3,15.666666666666666,6.352884946180015,27.14189354643037
19,1.0,1.0,1.0,10,85,31.1,0,0,0.0,1,26.0,27.86258341626865,196.22897889730777
22,1.0,1.0,0.0,14,45,18.928571428571427,2,36,31.0,4,17.5,13.407564518376885,70.37737622558444
21,1.0,1.0,0.5,10,32,18.3,1,27,27.0,4,39.25,22.056034594245396,232.7601990338972
5,1.0,1.0,1.0,10,108,27.6,1,20,20.0,6,11.0,25.81132511414458,106.8854381292627
22,1.0,1.0,1.0,16,28,13.375,1,25,25.0,4,29.25,24.74400583998421,207.86173389033803
5,1.0,1.0,0.5,14,99,19.285714285714285,0,0,0.0,3,18.333333333333332,33.441603239019976,182.66982097499465
19,1.0,1.0,1.0,5,123,61.6,0,0,0.0,1,34.0,18.025581366320004,65.68849094591754
24,1.0,1.0,1.0,9,62,34.44444444444444,0,0,0.0,3,12.333333333333334,15.49671712356214,42.47675252994866
21,1.0,1.0,0.5,10,54,20.2,2,14,11.0,5,28.8,21.145402560120736,219.01766520629204
12,0.0,1.0,0.5,19,98,14.842105263157896,0,0,0.0,2,23.5,20.79255684862597,131.9970446020551
4,0.0,1.0,0.5,9,36,19.88888888888889,0,0,0.0,3,52.0,26.668635330626355,223.17629015002524
9,1.0,1.0,1.0,12,69,24.833333333333332,1,20,20.0,4,10.5,18.919727572361733,95.47452189741435
6,1.0,1.0,0.5,7,67,37.42857142857143,1,219,219.0,4,21.0,12.880241861469244,69.60855204361744
22,0.0,1.0,0.0,9,70,22.88888888888889,1,21,21.0,3,44.0,8.878896681867008,55.09482740825962
9,1.0,1.0,0.5,11,90,22.727272727272727,2,131,69.5,5,17.6,10.358785706999592,73.64392376177021
6,0.0,1.0,0.0,12,37,15.333333333333334,2,17,11.0,6,25.0,28.762289188659853,170.10494362738697
5,0.0,1.0,0.5,6,142,48.833333333333336,1,20,20.0,3,17.0,49.985405959755674,224.01175780728954
14,0.0,1.0,0.0,18,35,12.5,2,148,78.5,8,13.125,11.279149386764752,59.150738231609296
19,0.0,1.0,0.5,12,32,11.166666666666666,2,19,17.0,8,26.25,22.690607368947582,190.9939145289257
2,0.0,1.0,0.0,11,37,16.272727272727273,2,90,60.5,6,26.0,10.503712857350317,130.80584655115098
24,0.0,1.0,0.5,9,48,32.666666666666664,0,0,0.0,3,16.0,15.761994622306313,52.86167190032334
17,0.0,1.0,0.0,12,45,23.583333333333332,1,25,25.0,3,16.666666666666668,26.392037819975144,190.0037816155524
24,0.0,1.0,0.5,19,33,15.473684210526315,0,0,0.0,2,12.0,40.714523536860945,250.73181963002568
24,0.0,1.0,0.5,12,77,28.25,0,0,0.0,0,0.0,0.0,0.0
2,1.0,1.0,0.0,19,28,15.631578947368421,2,95,51.0,2,13.5,0.8394812765807214,10.493515957258818
7,1.0,1.0,1.0,2,168,149.0,2,24,21.0,3,18.666666666666668,11.266121770868628,30.779908217176526
23,1.0,1.0,0.0,10,33,13.8,2,56,38.0,8,25.625,23.97144338739765,134.31032345140054
24,0.0,1.0,0.5,14,45,21.071428571428573,0,0,0.0,1,26.0,28.46103954312027,91.62515160288586
18,1.0,1.0,1.0,6,129,48.0,0,0,0.0,1,55.0,19.336737518907142,55.26894642960423
16,0.0,1.0,0.5,18,34,16.77777777777778,1,12,12.0,2,7.5,7.872626284719556,16.138494200662723
26,1.0,1.0,1.0,16,22,10.0,0,0,0.0,9,17.88888888888889,18.786388139106283,114.99664175705415
21,0.0,1.0,0.5,6,57,35.0,1,35,35.0,4,34.25,24.078548047152125,133.07566578756558
7,1.0,1.0,0.5,4,127,76.0,1,27,27.0,2,22.5,15.700549595297574,75.3738790974166
18,1.0,1.0,1.0,5,93,62.4,0,0,0.0,2,17.5,12.052232927767761,27.15848027708332
4,0.0,1.0,0.5,8,29,12.875,0,0,0.0,6,40.5,23.32896379947039,194.9119210486358
19,1.0,1.0,1.0,7,93,42.857142857142854,1,145,145.0,3,13.666666666666666,6.991970063476274,29.392673652442838
6,1.0,1.0,0.0,15,52,17.866666666666667,1,22,22.0,3,20.0,12.180055470395116,88.12506685004708
6,1.0,1.0,1.0,10,84,31.7,1,22,22.0,2,10.5,11.365378919998008,70.3964092629886
14,0.0,1.0,0.0,8,56,24.375,1,241,241.0,5,29.4,1.9088918863331128,26.34920082714293
17,1.0,1.0,0.5,7,90,44.57142857142857,0,0,0.0,1,26.0,24.583327901860596,119.61030687547513
3,1.0,1.0,0.5,17,57,15.705882352941176,2,16,12.0,3,18.666666666666668,18.845119159034393,118.31841508467119
26,1.0,1.0,0.5,11,52,23.818181818181817,0,0,0.0,2,39.5,10.611528798110701,60.635258087108134
1,0.0,1.0,0.0,4,104,77.0,0,0,0.0,1,44.0,1.7823250879201264,5.727148887307208
25,1.0,1.0,1.0,10,55,30.3,1,24,24.0,3,9.333333333333334,7.337799497522961,28.867000551425747
24,0.0,1.0,0.5,11,54,23.545454545454547,1,32,32.0,2,38.0,14.84106457749636,108.05050732712705
23,1.0,1.0,0.5,13,43,13.923076923076923,1,62,62.0,5,32.0,29.76116866239024,156.3929221960048
22,1.0,1.0,1.0,11,93,22.818181818181817,1,29,29.0,3,28.0,16.098684282949847,150.28329884834247
4,0.0,1.0,0.5,15,25,12.333333333333334,0,0,0.0,7,21.857142857142858,19.114460308160556,118.81209019783196
18,1.0,1.0,1.0,7,56,30.714285714285715,0,0,0.0,4,32.75,27.23884376853502,170.88734834459805
24,0.0,1.0,0.5,15,36,17.0,0,0,0.0,4,17.75,28.620945563289308,142.41808666365003
24,1.0,1.0,1.0,9,77,33.22222222222222,0,0,0.0,3,16.0,16.80664809066703,67.02903014952545
25,1.0,1.0,1.0,10,59,24.6,1,201,201.0,5,17.6,5.455368913073639,68.76077915496855
17,0.0,1.0,0.5,19,42,15.421052631578947,0,0,0.0,2,8.5,2.991678379867086,16.633413749291478
22,1.0,1.0,1.0,18,39,15.055555555555555,1,31,31.0,3,18.333333333333332,18.206894228130633,114.23014018326926
18,0.0,1.0,0.0,9,15,9.222222222222221,0,0,0.0,5,51.8,25.92961888407143,266.39099592036337
6,0.0,1.0,0.0,7,122,43.142857142857146,1,92,92.0,3,14.666666666666666,7.055417619903178,16.80987210675949
9,1.0,1.0,1.0,11,57,19.90909090909091,2,16,16.0,4,31.25,27.550170933487983,169.37542211188625
6,0.0,1.0,0.5,9,54,28.0,1,8,8.0,4,22.25,40.38379033768643,154.57546904278007
9,1.0,1.0,0.5,7,72,27.428571428571427,2,21,18.5,5,30.4,5.469767288764809,60.32977749613158
2,1.0,1.0,0.5,16,51,15.9375,1,64,64.0,6,13.666666666666666,15.898154756322887,113.98326973859129
21,1.0,1.0,1.0,12,41,16.583333333333332,0,0,0.0,3,43.333333333333336,19.416170444041303,157.18672594838793
23,0.0,1.0,0.5,13,77,16.692307692307693,1,69,69.0,4,29.25,19.345528177237327,100.38122755316468
7,1.0,1.0,1.0,12,54,25.25,0,0,0.0,2,14.5,10.481685687828449,42.19648840484533
23,0.0,1.0,0.0,14,43,20.5,1,51,51.0,4,10.5,15.254552191960226,64.86489573324873
16,1.0,1.0,1.0,15,82,19.466666666666665,1,7,7.0,3,11.333333333333334,11.622358147640455,72.63678976564027
24,1.0,1.0,0.5,9,58,32.666666666666664,0,0,0.0,1,40.0,32.855507588683146,169.85971419665364
17,0.0,1.0,0.5,11,67,25.818181818181817,0,0,0.0,3,19.333333333333332,15.15720361748257,71.25586371085443
23,1.0,1.0,1.0,16,32,12.6875,1,52,52.0,7,17.857142857142858,17.563221401652736,83.66763130684112
14,0.0,1.0,0.5,6,144,50.666666666666664,1,48,48.0,2,19.0,4.97444677955699,89.5400420320251
24,0.0,1.0,0.5,16,44,19.125,0,0,0.0,2,10.5,27.97541425888612,139.85227131359756
24,0.0,1.0,0.5,10,55,27.1,0,0,0.0,2,29.5,25.998915913189734,144.4070712359007
13,1.0,1.0,1.0,12,38,14.666666666666666,2,86,53.0,5,32.6,14.143934959113807,137.81425109327773
4,1.0,1.0,1.0,12,39,20.916666666666668,1,28,28.0,4,19.0,15.006923613808507,95.64500342401683
15,1.0,1.0,0.5,10,60,29.2,1,133,133.0,5,7.8,9.922742597961442,42.54732407635062
3,0.0,1.0,0.5,13,61,21.615384615384617,1,15,15.0,3,13.333333333333334,9.823730907672973,29.38606196410495
15,0.0,1.0,0.5,17,39,15.705882352941176,1,32,32.0,6,10.166666666666666,9.623614216235492,57.94804324634389
6,1.0,1.0,1.0,8,90,37.625,1,215,215.0,4,11.75,4.953573013781891,19.83124213722603
16,1.0,1.0,1.0,7,150,47.142857142857146,1,8,8.0,1,11.0,28.38454631569309,97.96727683710404
11,1.0,1.0,1.0,13,36,19.23076923076923,0,0,0.0,3,27.0,20.705337946439716,163.40926389537216
24,1.0,1.0,1.0,12,67,27.083333333333332,0,0,0.0,2,7.5,29.68831085443521,83.25346361372888
25,1.0,1.0,1.0,9,52,29.666666666666668,1,43,43.0,2,37.0,15.369576031085387,71.23624898160718
7,1.0,1.0,1.0,2,267,155.0,1,26,26.0,2,22.0,7.029894742657674,18.32766932394524
7,1.0,1.0,1.0,2,173,165.0,1,21,21.0,2,12.0,6.366456256841446,17.671063229877028
11,1.0,1.0,1.0,11,22,10.727272727272727,1,16,16.0,5,43.4,27.340195911454536,228.2372245351001
8,1.0,1.0,1.0,9,135,31.22222222222222,0,0,0.0,3,19.333333333333332,24.009922481707363,144.42295655685697
21,1.0,1.0,0.0,12,40,19.083333333333332,0,0,0.0,4,27.5,21.40318190049043,139.9028208579946
26,1.0,1.0,1.0,11,59,18.818181818181817,1,35,35.0,7,18.571428571428573,16.000585918574327,91.41644475218108
4,0.0,1.0,0.5,15,22,10.466666666666667,0,0,0.0,8,22.5,22.242105447983295,110.75697498542883
19,1.0,1.0,1.0,11,85,26.545454545454547,1,19,19.0,2,20.5,6.277085112101254,76.62204275189525
24,1.0,1.0,0.5,14,55,17.5,1,29,29.0,4,22.25,27.47906206002361,166.69579189875793
4,0.0,1.0,0.5,10,25,12.6,0,0,0.0,3,70.0,26.2511994342443,236.4575608398773
3,0.0,1.0,0.5,16,49,14.0625,1,6,6.0,5,21.0,26.43426516648998,140.07469010793844
23,1.0,1.0,1.0,11,45,21.0,0,0,0.0,4,26.0,17.886227158983267,127.91331445450201
23,1.0,1.0,1.0,13,58,17.384615384615383,0,0,0.0,6,17.666666666666668,23.857903694911943,117.78962978787843
5,1.0,1.0,0.5,6,70,46.5,1,28,28.0,2,35.0,4.1372305435692445,22.615070743504127
24,0.0,1.0,0.5,15,47,19.8,0,0,0.0,4,8.25,20.916510579789495,82.82408507219407
5,1.0,1.0,1.0,8,127,38.0,1,11,11.0,1,36.0,1.62571018456673,19.024003191708907
7,1.0,1.0,1.0,2,184,156.5,1,19,19.0,2,20.5,7.816969348766709,19.392322260874966
17,1.0,1.0,1.0,11,79,25.09090909090909,1,15,15.0,4,15.0,19.49174205842523,89.02121636493953
15,1.0,1.0,0.5,14,46,20.5,1,161,161.0,5,9.2,1.8590256015652478,8.993540757111116
5,1.0,1.0,0.5,12,57,24.083333333333332,1,16,16.0,2,20.0,24.529326535997697,147.502628618772
4,1.0,1.0,0.5,16,28,13.5,0,0,0.0,7,16.285714285714285,22.213387070641236,107.16783662417215
25,1.0,1.0,1.0,8,82,26.5,0,0,0.0,5,27.2,31.073160136768074,228.33250544485972
3,0.0,1.0,0.5,12,46,22.833333333333332,1,13,13.0,4,15.0,24.751332270269497,137.11090825733618
1,1.0,1.0,1.0,6,34,20.666666666666668,0,0,0.0,4,56.5,20.88571466954823,157.50970168072976
3,0.0,1.0,0.5,14,45,19.785714285714285,1,9,9.0,2,30.0,33.07101301232811,209.17672663223811
8,1.0,1.0,1.0,12,48,23.833333333333332,0,0,0.0,3,14.333333333333334,10.463186176324728,63.8747492231818
5,1.0,1.0,0.5,12,58,25.416666666666668,1,13,13.0,2,16.0,3.6707023198245317,23.022738604030724
7,0.0,1.0,0.5,9,57,32.333333333333336,1,102,102.0,2,20.5,0.21245308891403092,4.142835233822859
18,0.0,1.0,0.5,12,18,10.25,0,0,0.0,7,30.571428571428573,29.29045059758438,181.1211979029463
6,0.0,1.0,0.0,3,120,99.33333333333333,1,102,102.0,3,18.333333333333332,4.501227721802734,15.114942929349946
24,0.0,1.0,0.5,7,58,19.428571428571427,1,3,3.0,6,34.833333333333336,42.042990372336085,304.52768442910093
9,0.0,1.0,0.0,14,34,18.5,1,111,111.0,3,27.333333333333332,2.782780258669895,12.743717795883475
14,1.0,1.0,1.0,3,258,110.33333333333333,0,0,0.0,1,22.0,18.724274758584713,42.23539208935013
1,1.0,1.0,1.0,6,85,39.0,1,12,12.0,4,27.75,17.1397993085637,110.14787742963308
7,1.0,1.0,1.0,5,123,56.6,2,28,25.5,4,17.0,1.4146446538065045,9.20768720714832
8,1.0,1.0,0.5,17,31,13.941176470588236,0,0,0.0,5,18.2,15.970430039455938,82.93908264768726
24,0.0,1.0,0.5,8,41,20.625,2,17,17.0,5,36.6,19.14178827319254,297.3599259555193
13,0.0,1.0,0.0,11,38,17.454545454545453,2,111,64.0,6,23.666666666666668,12.92704154749873,85.14432778457952
4,0.0,1.0,0.5,17,24,14.294117647058824,0,0,0.0,3,22.0,19.012937721988337,100.2856409195707
22,1.0,1.0,0.5,13,44,20.0,1,22,22.0,6,12.0,13.968687815846842,74.4049042935578
18,1.0,1.0,1.0,8,76,38.125,0,0,0.0,3,9.0,32.8687086946939,176.30195912331968
8,1.0,1.0,0.0,14,25,12.285714285714286,0,0,0.0,4,39.25,29.80548329356895,232.70324019484602
24,0.0,1.0,0.5,12,28,13.333333333333334,1,30,30.0,5,35.4,24.570531477159875,174.03985856059194
1,1.0,1.0,1.0,8,48,27.5,0,0,0.0,3,41.0,25.032145238012745,162.56074243836787
21,1.0,1.0,0.5,10,40,17.4,0,0,0.0,5,32.8,17.733804959684186,125.8035779023717
12,0.0,1.0,0.5,19,41,15.052631578947368,0,0,0.0,3,10.333333333333334,18.20389377534512,71.4593970485963
22,0.0,1.0,0.5,14,55,19.0,2,30,27.0,3,24.666666666666668,19.128686235031633,124.1421769216634
19,1.0,1.0,1.0,6,116,51.0,1,50,50.0,2,19.5,23.23229386196696,88.69858990594065
15,0.0,1.0,0.5,11,34,14.363636363636363,1,12,12.0,6,28.833333333333332,21.70582551582335,153.08787497232052
9,0.0,1.0,0.0,18,38,15.11111111111111,0,0,0.0,4,14.75,17.986844611883768,97.51205231027188
7,0.0,1.0,0.5,1,196,196.0,1,23,23.0,1,159.0,3.0436646244581547,31.942041643027796
23,1.0,1.0,1.0,8,17,10.25,0,0,0.0,3,88.33333333333333,36.723025962146245,369.6444792586154
16,1.0,1.0,0.0,16,37,12.8125,0,0,0.0,5,26.0,22.825833880801206,141.95719815471114
23,0.0,1.0,0.0,15,30,12.266666666666667,1,48,48.0,8,19.25,19.897693033904563,115.70199749439485
17,1.0,1.0,1.0,15,37,15.466666666666667,0,0,0.0,3,34.333333333333336,33.44470688803318,205.16473131511125
4,1.0,1.0,0.5,10,78,21.8,2,17,15.5,6,20.833333333333332,17.015150873282533,117.53852290088047
4,0.0,1.0,0.5,16,30,11.9375,0,0,0.0,5,27.2,19.741715498631997,88.20763207483387
12,1.0,1.0,1.0,7,108,46.285714285714285,0,0,0.0,2,7.5,17.3843175513171,51.99076704792553
8,1.0,1.0,1.0,8,171,39.5,0,0,0.0,5,6.4,30.449117542825377,149.5534124643844
3,0.0,1.0,0.5,9,99,33.0,1,16,16.0,4,10.5,4.252876778245172,35.9258304593961
6,0.0,1.0,0.0,6,121,50.166666666666664,2,18,18.0,3,15.333333333333334,6.192049573216828,41.1420781252489
14,1.0,1.0,1.0,15,43,17.266666666666666,1,38,38.0,4,19.0,15.33700018674699,69.45075562177595
14,1.0,1.0,0.5,12,52,14.583333333333334,2,20,16.0,8,21.0,19.858536054595344,132.3752143579664
24,1.0,1.0,0.5,13,57,20.53846153846154,1,22,22.0,4,16.25,9.675241499697563,53.54591087411741
3,1.0,1.0,1.0,13,46,19.153846153846153,1,17,17.0,5,16.8,22.72160534059399,144.88441732102058
13,1.0,1.0,1.0,11,50,18.363636363636363,1,24,24.0,4,34.0,26.793749099784286,163.01404542890643
18,1.0,1.0,1.0,13,100,17.307692307692307,0,0,0.0,4,25.0,26.392872194890373,181.54331654566755
21,0.0,1.0,0.5,19,24,12.105263157894736,0,0,0.0,8,12.5,12.746069199871712,56.53793380445133
4,1.0,1.0,1.0,8,203,36.375,0,0,0.0,5,11.6,18.296270491851004,65.6559937601056
6,0.0,1.0,0.5,3,272,109.0,0,0,0.0,1,26.0,27.02963127379303,77.76536010443563
13,1.0,1.0,1.0,12,34,21.416666666666668,0,0,0.0,4,20.5,15.746075170891976,113.44317065475653
16,1.0,1.0,1.0,11,56,21.363636363636363,0,0,0.0,4,22.75,8.962494046522046,84.06694928766733
14,1.0,1.0,1.0,9,112,28.0,1,52,52.0,4,22.75,8.201909229602975,45.148896263049984
14,0.0,1.0,0.5,10,78,30.0,1,18,18.0,2,16.0,7.4377599654795015,85.56492498780366
21,1.0,1.0,1.0,10,65,29.2,0,0,0.0,3,14.666666666666666,15.517268115455543,55.29206701720761
18,1.0,1.0,0.0,12,44,18.916666666666668,0,0,0.0,4,27.25,29.791561542459736,212.70883472463797
3,0.0,1.0,0.5,19,31,13.368421052631579,1,18,18.0,3,23.666666666666668,26.097645815307562,214.1390932441751
7,1.0,1.0,1.0,5,133,62.2,2,24,22.5,2,19.0,1.7223665929554282,34.05298331035978
12,0.0,1.0,0.5,14,63,23.142857142857142,0,0,0.0,1,7.0,31.11255013565641,123.83794505067966
5,1.0,1.0,0.0,10,50,28.2,0,0,0.0,3,18.333333333333332,42.31582833878786,200.60894925551182
13,0.0,1.0,0.5,10,21,13.9,1,29,29.0,4,48.25,18.592724863330847,143.24966305723655
3,1.0,1.0,0.5,11,64,26.272727272727273,1,4,4.0,2,20.0,28.280294720820308,164.99295549534742
24,1.0,1.0,1.0,16,37,18.875,0,0,0.0,4,7.0,6.392921093829624,25.927169411637625
14,1.0,1.0,1.0,6,105,51.833333333333336,1,22,22.0,2,18.0,15.437853907727039,62.385468779928054
22,1.0,1.0,1.0,13,39,16.0,1,157,157.0,7,18.285714285714285,11.720092792182976,74.66492082246906
1,1.0,1.0,1.0,13,34,19.0,1,9,9.0,2,45.0,14.778999961585136,122.22048810141156
24,1.0,1.0,0.5,17,39,16.352941176470587,0,0,0.0,4,11.75,23.56798041967172,123.19545464982947
2,1.0,1.0,1.0,12,26,13.416666666666666,2,154,87.0,8,22.375,8.045610907091632,87.75971552532428
4,1.0,1.0,1.0,13,83,19.53846153846154,0,0,0.0,4,20.0,26.58832002968796,142.2963353536927
13,1.0,1.0,1.0,11,48,18.545454545454547,1,12,12.0,6,22.666666666666668,24.91327739137229,147.49670310118321
21,1.0,1.0,0.0,5,95,59.0,1,25,25.0,4,14.0,22.05935361098189,187.51381329096375
2,1.0,1.0,0.0,12,35,17.916666666666668,2,31,30.0,4,29.75,15.414049867150371,134.04418402872494
23,1.0,1.0,0.5,12,67,21.583333333333332,1,54,54.0,4,18.5,24.898905193926865,82.66377698167312
26,1.0,1.0,1.0,7,124,38.0,0,0,0.0,1,76.0,33.10688142385722,285.6732378275491
26,1.0,1.0,1.0,11,104,26.181818181818183,0,0,0.0,4,12.0,11.493023110005076,65.70183399103487
21,0.0,1.0,1.0,12,27,14.583333333333334,2,169,92.0,6,28.166666666666668,38.08409367951506,133.97523245928093
23,0.0,1.0,0.5,11,27,12.545454545454545,0,0,0.0,5,41.4,22.36589447630765,198.77194966786743
6,0.0,1.0,0.5,16,47,15.9375,0,0,0.0,7,11.714285714285714,21.207073030521865,102.4447772436331
6,1.0,1.0,1.0,3,155,106.0,2,26,23.5,2,16.5,4.176824723234165,80.57316853659171
3,1.0,1.0,1.0,13,63,22.53846153846154,0,0,0.0,2,22.5,16.275952195546907,43.808928542045855
24,0.0,1.0,0.5,15,29,12.0,0,0,0.0,8,19.875,29.92776545018112,151.28951369909615
23,0.0,1.0,0.5,14,53,14.285714285714286,1,73,73.0,7,19.142857142857142,21.76889108169812,153.95314151067777
3,0.0,1.0,0.5,12,46,25.166666666666668,0,0,0.0,2,11.5,20.87112087266342,103.41524802107156
4,1.0,1.0,0.5,14,45,16.071428571428573,0,0,0.0,5,22.6,18.745309669559937,114.54681025185228
6,0.0,1.0,0.5,16,33,15.75,0,0,0.0,6,13.333333333333334,22.797007970653414,146.01527467183334
2,1.0,1.0,1.0,16,53,15.0625,1,53,53.0,4,21.75,14.408977602068692,93.02357195458505
9,1.0,1.0,1.0,7,142,37.0,2,24,18.5,4,22.0,13.56764703327987,137.90839576180173
22,1.0,1.0,1.0,17,46,17.0,1,28,28.0,4,10.5,19.72132888683362,99.08500169683725
15,1.0,1.0,1.0,16,31,19.75,1,34,34.0,1,6.0,2.8661676703934913,14.330838351967412
18,1.0,1.0,1.0,7,57,30.0,0,0,0.0,3,45.666666666666664,33.31612052472027,247.3051592521526
26,1.0,1.0,1.0,10,104,32.0,0,0,0.0,2,11.5,25.268252396596917,105.5249111669225
25,1.0,1.0,1.0,13,40,20.46153846153846,1,17,17.0,3,21.0,22.14238896809255,174.83391218798042
23,1.0,1.0,1.0,8,80,29.0,1,6,6.0,3,38.0,29.675989709618705,174.6584985480879
17,0.0,1.0,0.5,13,37,17.0,0,0,0.0,3,40.0,40.419710686976195,301.6729820051126
5,1.0,1.0,0.5,15,31,16.866666666666667,1,36,36.0,6,12.166666666666666,16.283085651579977,69.71676998698327
13,1.0,1.0,1.0,10,92,28.8,1,24,24.0,3,16.333333333333332,18.358662270354824,75.59201571429074
1,1.0,1.0,1.0,17,28,11.882352941176471,0,0,0.0,7,18.0,19.41579545476359,98.3338439878205
3,1.0,1.0,1.0,12,56,26.666666666666668,2,16,10.0,2,8.0,21.264914088899733,115.6163945674083
4,0.0,1.0,0.5,10,23,12.0,0,0,0.0,5,43.8,22.976922737863568,181.38749821300354
4,0.0,1.0,0.5,17,25,10.235294117647058,0,0,0.0,7,22.142857142857142,20.519789022169423,131.62138001680154
23,0.0,1.0,0.0,8,50,16.0,0,0,0.0,4,16.75,22.717113533556894,212.8916760064593
14,0.0,1.0,0.5,8,62,40.625,1,44,44.0,2,9.0,6.305193153226302,50.441545225810124
1,1.0,1.0,1.0,15,43,16.933333333333334,2,18,15.0,4,19.75,7.574096506271475,50.265274739626115
17,0.0,1.0,0.5,14,38,16.571428571428573,0,0,0.0,2,48.0,28.2932589155845,230.8797118556602
19,1.0,1.0,1.0,7,179,43.57142857142857,0,0,0.0,2,19.0,9.997402040866938,57.77717280800729
14,1.0,1.0,0.5,18,32,15.333333333333334,1,33,33.0,4,12.0,9.261152445087012,42.34701516451716
23,0.0,1.0,0.5,14,43,14.071428571428571,1,75,75.0,9,15.555555555555555,17.49861360241628,108.65496752045703
23,0.0,1.0,0.5,7,105,38.42857142857143,1,8,8.0,3,26.666666666666668,30.49044660102133,182.95591256717827
15,1.0,1.0,0.5,12,45,24.166666666666668,1,51,51.0,3,12.666666666666666,12.214435500063802,57.04359986837576
25,1.0,1.0,1.0,9,51,28.0,1,17,17.0,4,22.75,28.162794525078592,136.2368046200534
24,1.0,1.0,0.5,12,42,26.75,0,0,0.0,1,13.0,20.52477516474321,63.60066463834542
18,1.0,1.0,0.0,8,40,13.5,0,0,0.0,5,47.0,27.311629897191686,172.05464512255617
14,0.0,1.0,0.5,19,45,14.736842105263158,2,78,41.5,6,8.666666666666666,14.977473780259706,70.45569636150627
17,1.0,1.0,1.0,12,128,27.0,0,0,0.0,1,8.0,20.191999341775585,40.38399868355117
6,1.0,1.0,0.0,11,73,22.272727272727273,0,0,0.0,5,18.8,30.176325195563415,147.30710981805117
14,1.0,1.0,1.0,13,45,17.923076923076923,1,65,65.0,5,20.6,11.047917893660463,74.0096205162116
3,1.0,1.0,1.0,12,68,26.666666666666668,0,0,0.0,2,6.5,15.4330966963426,71.83245893591877
1,1.0,1.0,1.0,10,87,31.3,1,12,12.0,3,11.0,5.562139549570411,18.135214949656405
19,1.0,1.0,1.0,13,73,18.23076923076923,0,0,0.0,3,31.333333333333332,20.873285137617554,149.24489102739565
6,1.0,1.0,1.0,12,44,15.166666666666666,1,21,21.0,5,32.0,26.06976483807757,190.8435878744443
21,1.0,1.0,1.0,6,133,42.666666666666664,0,0,0.0,2,47.0,21.83571725263031,188.63842929407937
25,0.0,1.0,0.5,8,41,32.5,1,19,19.0,1,9.0,1.3394219458350713,10.71537556668057
23,1.0,1.0,0.5,9,67,21.666666666666668,1,89,89.0,6,23.833333333333332,22.140648899148644,153.04132504349687
17,1.0,1.0,0.5,15,72,17.333333333333332,0,0,0.0,3,22.666666666666668,26.468458413129444,125.83654941458457
13,0.0,1.0,0.5,10,81,25.2,2,29,25.5,3,31.0,20.74684393284063,168.24582652516486
21,0.0,1.0,0.5,11,47,23.727272727272727,0,0,0.0,5,16.6,26.960320886689715,136.47199713834692
23,0.0,1.0,0.0,8,26,13.125,1,40,40.0,6,40.0,24.026435615957737,146.9147837813805
15,1.0,1.0,1.0,10,42,19.8,2,45,34.5,5,28.4,18.15650261685736,129.598651559011
4,1.0,1.0,1.0,13,71,15.615384615384615,0,0,0.0,7,18.714285714285715,23.463619392688123,132.19555108694854
8,0.0,1.0,0.0,10,67,16.5,0,0,0.0,4,44.25,16.09848436868788,122.13454869326519
3,1.0,1.0,0.5,7,121,44.142857142857146,1,2,2.0,4,9.75,23.52421673462491,113.07377068597813
4,1.0,1.0,0.5,16,28,15.5625,1,41,41.0,5,16.0,11.370744769551212,60.40788550480808
12,1.0,1.0,1.0,11,57,30.454545454545453,1,11,11.0,0,0.0,0.0,0.0
13,1.0,1.0,1.0,6,221,50.0,1,13,13.0,2,21.0,8.360010637431895,90.0385879545589
4,1.0,1.0,0.5,10,29,15.1,1,11,11.0,5,37.4,23.355273026628602,218.48746070021033
9,1.0,1.0,1.0,12,81,22.916666666666668,1,20,20.0,5,13.6,22.345867827908283,116.56380764329299
9,0.0,1.0,0.5,6,88,46.833333333333336,2,22,21.5,2,33.0,1.5592133289704022,27.814179411947343
21,0.0,1.0,0.0,8,46,25.75,1,30,30.0,6,22.0,22.97919112071179,215.35841771374498
24,0.0,1.0,0.5,7,19,11.428571428571429,0,0,0.0,6,44.166666666666664,21.13807175842726,226.11394181424257
2,1.0,1.0,1.0,9,53,24.555555555555557,2,101,61.5,4,29.25,6.324912342643645,25.062318620444003
22,1.0,1.0,1.0,12,117,24.833333333333332,2,18,16.5,3,10.333333333333334,11.353574008638198,71.13559578628035
9,0.0,1.0,0.5,12,76,26.166666666666668,2,19,11.5,2,9.0,17.02821914972757,96.75827870965594
25,1.0,1.0,1.0,6,168,42.166666666666664,1,27,27.0,2,45.5,26.56957237061532,313.3544268699013
23,1.0,1.0,1.0,7,75,26.428571428571427,0,0,0.0,4,40.75,25.128941769320235,162.90393650347127
24,0.0,1.0,0.5,18,31,13.61111111111111,0,0,0.0,4,18.75,25.888702361850783,139.68916783298667
19,1.0,1.0,1.0,6,97,36.333333333333336,2,71,47.0,3,41.333333333333336,4.32592576605607,26.765141242375254
3,1.0,1.0,1.0,16,53,19.4375,1,5,5.0,2,8.5,40.5709688732334,179.68293551118023
9,0.0,1.0,0.0,11,46,21.181818181818183,1,17,17.0,1,95.0,2.394261361575116,22.481271043243453
3,1.0,1.0,1.0,9,70,34.333333333333336,1,15,15.0,2,10.0,15.765203110579707,84.01900024596765
26,0.0,1.0,0.5,25,23,11.04,0,0,0.0,5,7.8,11.599331255021186,42.114014368750404
8,1.0,1.0,0.5,11,86,17.181818181818183,0,0,0.0,4,37.25,26.51349212144026,141.7632258243078
18,1.0,1.0,1.0,10,70,25.1,0,0,0.0,4,20.5,17.537823962073908,108.20835894225999
24,0.0,1.0,0.5,6,71,52.166666666666664,0,0,0.0,1,37.0,25.25508412422923,116.23251691479008
1,1.0,1.0,0.0,10,67,19.0,2,22,15.5,3,50.666666666666664,23.000711547442773,172.28990020490696
16,1.0,1.0,0.0,9,44,31.666666666666668,1,24,24.0,2,24.0,19.866663794069648,115.81343632947654
4,0.0,1.0,0.5,11,28,13.818181818181818,0,0,0.0,5,36.0,22.540338233395342,150.6127014731662
4,0.0,1.0,0.5,13,22,11.76923076923077,0,0,0.0,9,21.11111111111111,28.14273887784133,162.8722783326357
8,1.0,1.0,1.0,11,30,13.818181818181818,0,0,0.0,4,48.25,24.832225540779845,191.27602899361833
9,1.0,1.0,1.0,14,49,18.0,1,18,18.0,4,21.0,18.648295423241603,118.26777523677222
23,0.0,1.0,0.5,6,26,12.833333333333334,1,46,46.0,5,53.6,20.82039381443071,174.5152600852062
22,1.0,1.0,1.0,18,58,16.5,1,27,27.0,3,9.0,13.766075397359677,65.23236398575511
14,0.0,1.0,0.5,10,76,23.9,1,38,38.0,4,24.5,13.377363780710146,124.3862438866781
14,1.0,1.0,1.0,11,88,27.454545454545453,2,25,14.5,3,13.0,13.330504405017669,74.88305021537595
15,1.0,1.0,1.0,15,31,17.066666666666666,1,42,42.0,4,18.75,18.26787402398496,115.60950038137085
13,1.0,1.0,1.0,14,110,18.285714285714285,1,11,11.0,3,26.0,19.09820759009936,149.94838581509455
21,1.0,1.0,0.5,9,79,34.44444444444444,0,0,0.0,1,23.0,21.412108365782373,88.50927887348426
3,0.0,1.0,0.5,16,46,13.5625,1,27,27.0,5,23.8,24.285897955688835,222.59896508642487
7,1.0,1.0,1.0,5,108,57.6,1,130,130.0,2,28.0,1.7985318583686727,6.99947176940431
5,1.0,1.0,1.0,9,150,31.22222222222222,0,0,0.0,3,19.333333333333332,21.023998821003016,112.68370767287063
9,1.0,1.0,1.0,11,46,21.636363636363637,1,123,123.0,3,32.666666666666664,14.507957201828688,120.31264858099185
4,0.0,1.0,0.5,10,88,19.0,0,0,0.0,5,31.2,23.808388956574504,140.0762474869417
7,0.0,1.0,0.5,2,261,162.5,1,20,20.0,2,14.5,7.143291174418913,20.9115863528835
22,1.0,1.0,1.0,10,72,27.8,0,0,0.0,2,28.5,18.201244206232523,60.544755929980894
1,1.0,1.0,1.0,9,47,22.88888888888889,2,34,21.5,6,23.0,22.17910850755895,134.19926517305865
6,0.0,1.0,0.5,11,71,26.272727272727273,1,20,20.0,2,23.5,18.37437182542833,78.07950815120772
1,0.0,1.0,0.0,13,33,12.0,2,95,53.0,5,36.0,11.849610565802042,101.14531487403796
14,1.0,1.0,1.0,8,137,36.0,1,89,89.0,4,14.75,15.492623027179842,98.00508379893209
23,1.0,1.0,0.0,7,68,38.142857142857146,1,15,15.0,3,25.333333333333332,20.71294518815668,202.9047857499635
2,1.0,1.0,1.0,12,48,18.5,2,121,70.5,6,19.166666666666668,10.623370028563391,60.29018921437618
17,1.0,1.0,0.5,21,16,10.714285714285714,0,0,0.0,6,17.5,34.133434766389335,178.15646424633823
2,0.0,1.0,0.5,16,34,14.5625,0,0,0.0,4,24.25,18.37082793045914,116.16119173244819
18,1.0,1.0,1.0,11,40,19.363636363636363,0,0,0.0,5,25.8,26.010300741008848,154.77100205804808
10,1.0,1.0,0.0,10,38,28.6,2,19,17.5,4,12.25,19.829400554262023,151.98853692334947
7,0.0,1.0,0.5,4,239,83.75,0,0,0.0,1,13.0,47.71369730642323,192.6143792118268
3,0.0,1.0,0.5,18,27,12.944444444444445,1,13,13.0,4,23.0,30.236294405902697,158.59594149939474
24,1.0,1.0,1.0,10,39,19.6,0,0,0.0,4,35.75,29.865393611170376,227.49647475025432
14,0.0,1.0,0.5,13,46,18.0,1,27,27.0,4,23.25,19.311523057075924,114.77457451086305
6,1.0,1.0,1.0,12,57,19.75,1,19,19.0,7,14.714285714285714,16.899319107209926,84.02079177690273
23,1.0,1.0,1.0,12,74,23.25,0,0,0.0,3,18.0,20.017075945459627,131.7085657034947
18,0.0,1.0,0.0,13,45,16.0,1,25,25.0,6,21.333333333333332,18.802255661546482,154.078346759678
16,0.0,1.0,0.0,18,22,11.222222222222221,1,30,30.0,4,31.25,27.950480912311843,133.91627718059684
13,0.0,1.0,0.5,8,83,29.25,2,20,19.0,3,36.666666666666664,25.066816162010753,201.31855315749507
26,1.0,1.0,0.5,7,146,47.57142857142857,0,0,0.0,1,16.0,24.68650124989621,61.7683854817033
14,0.0,1.0,0.5,17,60,17.176470588235293,0,0,0.0,3,10.333333333333334,20.41331988698329,79.65681511373953
17,1.0,1.0,1.0,9,51,21.11111111111111,1,22,22.0,3,51.0,30.319258465835826,206.9827282282935
25,1.0,1.0,1.0,10,58,29.6,0,0,0.0,1,37.0,27.21894261656965,186.21870356494517
4,0.0,1.0,0.5,17,41,15.294117647058824,1,16,16.0,6,11.166666666666666,23.33471013595889,103.65195778101672
25,1.0,1.0,1.0,9,118,33.55555555555556,1,18,18.0,2,19.0,9.221452583985279,83.34694882726178
5,1.0,1.0,0.5,22,25,11.954545454545455,2,112,62.0,4,15.5,13.386433837015062,74.33302079430347
23,1.0,1.0,0.0,12,49,17.333333333333332,1,22,22.0,6,21.5,21.728103509410662,109.17840595264063
24,0.0,1.0,0.5,12,60,24.166666666666668,1,16,16.0,3,16.0,15.750936900438509,67.74471798029036
17,1.0,1.0,1.0,16,33,14.75,0,0,0.0,5,19.0,32.6736210498042,166.32030056838653
21,1.0,1.0,1.0,13,26,14.615384615384615,1,8,8.0,4,33.75,21.405634299907774,189.67140373189238
2,0.0,1.0,0.0,7,77,43.714285714285715,2,23,23.0,3,12.333333333333334,5.199228417512472,34.1405143731286
23,1.0,1.0,1.0,14,42,19.928571428571427,0,0,0.0,4,13.75,8.29511872468039,75.964034829912
1,0.0,1.0,0.0,13,60,18.846153846153847,2,11,9.0,3,30.666666666666668,18.31034143418079,168.39039341483002
23,0.0,1.0,0.5,10,58,26.2,2,33,25.0,4,20.0,21.04612785019308,118.22416540946192
3,0.0,1.0,0.5,10,43,18.3,1,94,94.0,3,50.333333333333336,22.275674778368142,173.18012500170983
3,1.0,1.0,1.0,17,44,17.58823529411765,1,11,11.0,2,16.5,17.039337122370416,217.7783783947812
14,1.0,1.0,1.0,13,25,13.846153846153847,1,170,170.0,4,37.25,7.385181239622375,31.398161299946253
13,1.0,1.0,1.0,12,50,21.666666666666668,1,77,77.0,4,18.5,14.82489161085848,70.95819824891912
12,1.0,1.0,1.0,18,62,16.88888888888889,0,0,0.0,3,8.0,40.01415917053194,225.07800384591826
26,1.0,1.0,1.0,5,116,64.8,0,0,0.0,2,12.0,6.467125434266609,17.22578716802905
17,1.0,1.0,1.0,10,129,32.8,0,0,0.0,2,7.0,14.659168053252246,66.14149829975521
16,1.0,1.0,1.0,8,85,36.0,1,19,19.0,2,26.0,22.569205046463882,172.8717286600139
15,1.0,1.0,0.5,16,26,12.9375,1,35,35.0,7,16.571428571428573,24.757921496552303,127.19636041224348
12,1.0,1.0,1.0,17,45,16.58823529411765,0,0,0.0,3,15.666666666666666,24.04847271126046,116.6972615095484
19,1.0,1.0,1.0,8,66,32.625,1,48,48.0,2,37.5,12.576394704881125,125.55908858027193
9,1.0,1.0,0.5,9,74,33.55555555555556,1,125,125.0,3,10.666666666666666,18.659314191868088,93.37028201994882
2,1.0,1.0,0.0,8,33,16.25,2,17,16.5,5,43.0,27.944467043958742,237.46873207693815
21,1.0,1.0,0.5,9,64,34.888888888888886,0,0,0.0,2,10.0,28.83862512876087,184.38971666632335
14,1.0,1.0,1.0,7,170,48.42857142857143,0,0,0.0,0,0.0,0.0,0.0
6,1.0,1.0,1.0,10,75,24.6,1,167,167.0,5,18.2,1.029696936370311,7.344582172501004
4,1.0,1.0,1.0,13,27,13.76923076923077,0,0,0.0,6,26.166666666666668,30.38247185839103,152.46777050450257
1,1.0,1.0,1.0,14,36,12.285714285714286,1,49,49.0,7,22.857142857142858,12.775522063964967,84.284830974206
24,0.0,1.0,0.5,5,137,61.4,0,0,0.0,1,35.0,31.203449186098496,143.22933623050855
8,0.0,1.0,0.0,17,25,10.647058823529411,0,0,0.0,7,21.142857142857142,20.681786442274586,132.46761019334454
25,1.0,1.0,1.0,12,30,18.0,0,0,0.0,5,24.6,15.443502746533742,66.3321874971995
26,1.0,1.0,0.5,8,33,14.0,0,0,0.0,5,46.4,19.20161454931435,184.83677537476726
9,1.0,1.0,1.0,11,41,27.09090909090909,0,0,0.0,4,7.25,24.433265376881653,92.43390360648696
14,1.0,1.0,0.5,6,127,53.666666666666664,0,0,0.0,1,20.0,32.56795730121011,177.01248902659725
4,1.0,1.0,1.0,12,32,11.916666666666666,0,0,0.0,5,38.4,33.48945642333439,158.64383208017347
15,1.0,1.0,0.5,13,37,21.23076923076923,2,46,43.5,4,14.25,9.893418501753553,55.864405945109866
25,1.0,1.0,1.0,9,47,29.88888888888889,1,16,16.0,2,29.5,33.599488164790486,234.89660246736742
4,1.0,1.0,0.5,12,47,16.416666666666668,1,25,25.0,6,23.166666666666668,19.764118741418343,116.8147940032053
23,1.0,1.0,1.0,14,24,13.357142857142858,2,45,39.5,9,16.444444444444443,20.245983443428774,119.8617206292691
3,0.0,1.0,0.5,10,64,31.9,0,0,0.0,2,8.0,11.649401418357941,44.67340274893334
3,0.0,1.0,0.5,19,32,15.842105263157896,0,0,0.0,3,8.666666666666666,26.787198101115006,84.35429557852454
19,1.0,1.0,0.0,6,122,39.166666666666664,0,0,0.0,3,37.0,26.1760194843264,279.7695261591145
25,0.0,1.0,0.5,9,74,30.333333333333332,1,20,20.0,2,35.0,29.849520368412747,207.90691609367155
13,1.0,1.0,1.0,12,51,20.083333333333332,2,25,21.5,3,29.0,13.600212294340217,176.58968768086405
18,1.0,1.0,1.0,9,105,33.0,0,0,0.0,1,42.0,41.56285307364231,349.1410295505713
2,0.0,1.0,0.0,13,48,22.0,1,23,23.0,4,10.75,11.71138997491795,103.4339940477646
14,1.0,1.0,0.5,13,157,23.53846153846154,0,0,0.0,3,7.666666666666667,19.475829397302444,91.14404666217654
8,1.0,1.0,1.0,12,88,20.083333333333332,1,13,13.0,4,23.5,20.328052567172417,155.88595713704228
19,1.0,1.0,1.0,5,128,46.2,1,191,191.0,4,28.75,3.6732251175005035,15.222762436615724
3,1.0,1.0,0.5,9,167,37.55555555555556,0,0,0.0,0,0.0,0.0,0.0
8,1.0,1.0,0.0,7,43,28.857142857142858,1,12,12.0,2,73.5,20.827807721319637,133.0699774452707
26,0.0,1.0,0.0,12,46,17.083333333333332,0,0,0.0,5,27.2,24.857171201048878,131.06183218431445
15,0.0,1.0,0.5,13,31,15.615384615384615,1,50,50.0,5,25.8,18.734902783259578,103.07845028538563
16,0.0,1.0,0.5,11,57,19.727272727272727,1,14,14.0,2,61.5,27.775198142077432,139.8935742256184
9,1.0,1.0,1.0,12,50,21.333333333333332,1,189,189.0,5,15.4,5.000226397245256,17.76408378807722
19,1.0,1.0,1.0,10,68,20.6,2,18,18.0,4,33.5,21.867894408358755,173.18882424593875
7,1.0,1.0,0.5,5,157,68.0,1,31,31.0,0,0.0,0.0,0.0
4,1.0,1.0,1.0,6,78,42.5,0,0,0.0,1,83.0,35.68329721840712,457.641059722718
7,0.0,1.0,0.0,9,118,35.55555555555556,0,0,0.0,2,8.5,29.263094261089556,135.06654311678602
24,1.0,1.0,1.0,13,45,20.384615384615383,1,9,9.0,3,23.0,19.306109633767857,178.28595546767107
18,0.0,1.0,0.5,10,41,24.4,1,21,21.0,4,20.75,34.27272157871165,218.9500083817255
25,1.0,1.0,0.5,18,56,14.333333333333334,0,0,0.0,6,12.666666666666666,19.980839371257613,82.75928782182787
22,0.0,1.0,0.5,18,32,12.944444444444445,1,24,24.0,5,19.0,20.178241979201015,125.21691716041698
12,1.0,1.0,0.5,19,30,14.31578947368421,0,0,0.0,6,9.333333333333334,24.012672899072413,88.90808911007672
8,0.0,1.0,0.5,11,45,21.636363636363637,0,0,0.0,6,16.5,22.829706181112837,138.73870775088923
18,1.0,1.0,1.0,10,103,28.8,0,0,0.0,4,13.0,21.846328294253784,72.01845780343483
18,1.0,1.0,1.0,11,72,21.818181818181817,1,6,6.0,4,25.0,28.719739934482014,165.7940533082263
17,1.0,1.0,1.0,18,35,16.88888888888889,0,0,0.0,3,9.333333333333334,39.890294471844506,182.8326416569364
1,1.0,1.0,0.5,15,53,18.4,2,24,18.5,5,12.4,9.552860848654444,69.58836554836782
7,0.0,1.0,0.5,4,135,78.0,2,30,26.5,3,12.0,2.1504296536778633,7.724897511433437
25,1.0,1.0,1.0,9,59,33.0,0,0,0.0,1,28.0,35.62417911642031,181.0192503282203
9,0.0,1.0,0.0,15,44,19.133333333333333,1,10,10.0,3,12.0,44.447067680862325,203.3128763184243
19,1.0,1.0,1.0,16,35,15.4375,0,0,0.0,5,16.4,17.86905007399631,103.23946423198552
19,1.0,1.0,1.0,5,64,30.8,1,145,145.0,3,64.0,1.373750064881443,14.136202552970744
24,1.0,1.0,1.0,9,51,30.333333333333332,1,34,34.0,2,28.0,12.030112606707606,43.577060622962655
23,1.0,1.0,1.0,9,59,22.11111111111111,0,0,0.0,3,48.0,26.96422458856183,204.71837652186719
12,0.0,1.0,0.0,9,51,22.555555555555557,1,111,111.0,4,34.75,8.020800004595039,42.83321526693166
12,1.0,1.0,1.0,18,62,15.38888888888889,0,0,0.0,6,9.833333333333334,22.623845587454273,98.82308829672922
14,1.0,1.0,1.0,14,51,20.142857142857142,0,0,0.0,3,16.333333333333332,31.481614469170832,191.38282045483342
12,1.0,1.0,1.0,16,44,18.0,1,11,11.0,6,8.166666666666666,19.875111403841476,82.30491912756104
17,1.0,1.0,1.0,10,64,23.5,0,0,0.0,4,26.25,21.47296877029806,144.19043716911463
12,1.0,1.0,1.0,17,31,17.647058823529413,0,0,0.0,3,11.666666666666666,23.625788524147577,64.86898380382495
9,0.0,1.0,0.0,16,44,13.375,1,23,23.0,6,20.0,24.87099253744597,111.04910410830622
8,1.0,1.0,0.0,8,73,35.0,0,0,0.0,2,32.5,12.79031356978182,67.83641670759883
22,1.0,1.0,1.0,17,41,15.470588235294118,2,18,18.0,4,15.5,8.664699587639822,60.056382410030615
14,1.0,1.0,1.0,7,62,46.142857142857146,1,22,22.0,2,11.0,9.076641659144693,23.397981791227497
22,1.0,1.0,1.0,10,78,27.0,2,35,25.5,2,31.5,13.856851869247414,85.00574940588625
4,1.0,1.0,1.0,14,50,19.0,2,53,31.5,3,22.666666666666668,14.17131243083829,94.95637441408131
8,1.0,1.0,0.5,12,49,18.666666666666668,0,0,0.0,8,14.0,23.225452147957743,128.84697338159512
24,0.0,1.0,0.5,11,68,26.90909090909091,0,0,0.0,5,9.2,13.066731677684283,57.960520363827165
6,1.0,1.0,0.0,7,112,37.142857142857146,2,33,29.0,3,26.666666666666668,18.37902809362871,128.74535652843548
18,0.0,1.0,0.5,9,47,26.22222222222222,1,9,9.0,3,32.333333333333336,28.594865271463124,173.34230553103228
18,0.0,1.0,0.5,8,144,31.625,0,0,0.0,5,18.2,19.64155020018091,124.40810926687043
16,0.0,1.0,0.0,11,101,26.545454545454547,1,13,13.0,3,15.666666666666666,9.31763966984594,24.735493929514618
23,0.0,1.0,0.5,8,25,15.375,0,0,0.0,4,55.5,33.6703622757537,324.17523353556146
17,0.0,1.0,0.5,15,14,8.666666666666666,0,0,0.0,9,22.77777777777778,22.569732131162027,127.52048359256995
23,0.0,1.0,0.0,12,35,15.666666666666666,0,0,0.0,4,31.0,27.73494116339154,169.05750564944032
14,1.0,1.0,1.0,5,125,64.8,1,17,17.0,1,25.0,17.546453364115383,299.1386846519789
3,1.0,1.0,1.0,15,39,16.933333333333334,2,22,19.0,4,19.75,16.184779757392715,155.28209225393047
14,1.0,1.0,1.0,3,267,113.33333333333333,0,0,0.0,1,7.0,30.519965964229804,136.0153523018008
3,0.0,1.0,0.5,14,43,21.0,1,59,59.0,4,10.0,10.392580509698876,48.27104591850094
9,0.0,1.0,0.5,9,32,20.555555555555557,1,22,22.0,4,39.75,15.274568308356608,94.99661691719173
15,1.0,1.0,0.5,13,31,16.307692307692307,1,128,128.0,5,25.2,11.84835672605535,76.403175198243
24,1.0,1.0,0.5,12,63,24.916666666666668,0,0,0.0,4,8.75,23.540716041149896,120.28223302086818
19,1.0,1.0,1.0,8,52,19.875,1,11,11.0,7,27.0,19.44029247274573,163.03213834386628
21,0.0,1.0,0.5,9,47,24.88888888888889,1,9,9.0,3,40.0,74.64654743630027,323.6171002756778
25,1.0,1.0,1.0,7,74,44.285714285714285,1,8,8.0,1,35.0,7.568825668694642,68.94499867829826
25,0.0,1.0,0.5,14,21,13.714285714285714,1,38,38.0,5,27.6,26.11283474901392,178.40645293195897
14,0.0,1.0,0.5,10,32,19.1,1,96,96.0,5,29.2,15.589485603794966,109.4746684501232
5,1.0,1.0,1.0,12,49,23.833333333333332,1,131,131.0,5,10.6,17.677309067749203,56.78748265356851
3,1.0,1.0,1.0,20,33,14.05,1,9,9.0,5,10.2,28.329285471393327,178.47341931499463
4,1.0,1.0,1.0,12,80,24.916666666666668,2,29,18.5,3,8.666666666666666,13.130276868417553,61.711565489448766
23,1.0,1.0,1.0,8,39,24.625,0,0,0.0,2,12.5,29.207884613484836,240.2616483297556
25,1.0,1.0,1.0,16,31,17.1875,1,15,15.0,4,15.0,28.134526815663303,183.1577620117146
24,0.0,1.0,0.5,8,140,38.5,0,0,0.0,2,20.0,15.59650744824146,78.04867192839413
6,0.0,1.0,0.5,11,61,22.272727272727273,2,26,22.5,4,24.5,13.36508392719398,96.27751221252203
3,0.0,1.0,0.5,17,49,17.529411764705884,0,0,0.0,1,26.0,29.208246359657238,127.21474604396867
6,1.0,1.0,1.0,6,126,50.166666666666664,1,107,107.0,3,16.333333333333332,3.856802111920724,11.409692556677316
22,0.0,1.0,0.5,16,47,16.625,1,19,19.0,3,21.0,17.06943568892621,136.10507039935305
7,1.0,1.0,1.0,2,242,155.0,1,23,23.0,2,22.0,11.488013096843984,34.11683340910573
12,1.0,1.0,0.5,18,48,15.333333333333334,0,0,0.0,5,10.6,18.73189023202,71.04484799405313
6,1.0,1.0,1.0,9,45,27.88888888888889,2,172,96.5,6,15.166666666666666,13.815685884744802,76.53123361807106
26,1.0,1.0,1.0,8,22,11.375,0,0,0.0,6,42.0,24.225146722333548,179.38137518009617
6,0.0,1.0,0.0,12,31,15.166666666666666,1,15,15.0,5,32.2,37.3906039351069,215.7074682962028
24,1.0,1.0,1.0,13,35,15.076923076923077,2,37,32.5,8,18.375,16.22225324267814,68.71753691248261
9,0.0,1.0,0.5,10,63,27.1,1,98,98.0,4,17.5,19.857092541263015,116.45652074184015
16,1.0,1.0,1.0,18,56,14.166666666666666,0,0,0.0,6,12.0,18.368351906793144,62.295227488006056
17,1.0,1.0,0.5,15,39,16.2,0,0,0.0,2,39.0,20.704260868735144,133.83601396234167
3,0.0,1.0,0.5,8,76,40.375,0,0,0.0,1,14.0,29.21937420456863,181.22954083565992
25,0.0,1.0,0.0,10,53,26.6,1,22,22.0,2,32.5,10.985963746505782,179.4358535875502
2,1.0,1.0,0.5,9,74,31.444444444444443,2,109,56.5,4,15.0,12.14749453499807,60.70412472934501
22,1.0,1.0,0.0,18,41,14.777777777777779,2,30,26.0,6,10.666666666666666,12.722289072198611,73.3953441649103
24,0.0,1.0,0.5,8,55,36.625,0,0,0.0,4,13.0,36.51326195790961,169.09356812456892
9,1.0,1.0,1.0,15,31,12.8,2,25,21.5,6,22.833333333333332,17.954393010801144,120.36588390028162
15,0.0,1.0,0.5,13,33,14.538461538461538,1,43,43.0,9,17.11111111111111,13.955118719444442,92.8214508884972
18,1.0,1.0,1.0,14,51,21.857142857142858,0,0,0.0,1,17.0,24.747485573148904,111.72480634109097
7,1.0,1.0,1.0,1,324,324.0,0,0,0.0,1,31.0,8.76511605787177,21.014752933957325
24,0.0,1.0,0.5,14,36,18.642857142857142,0,0,0.0,4,16.0,31.29275794491583,120.9962321828591
6,1.0,1.0,1.0,2,158,147.0,2,50,34.5,2,30.0,0.4647600747874317,18.74237071975924
15,1.0,1.0,1.0,11,46,24.272727272727273,2,46,37.0,3,22.0,13.618165599596557,78.87695015110062
26,0.0,1.0,0.5,14,23,10.642857142857142,0,0,0.0,6,31.333333333333332,21.829362186119216,133.70035336290934
24,1.0,1.0,0.5,10,60,29.7,0,0,0.0,1,36.0,15.197281452265578,37.47597756609239
24,0.0,1.0,0.5,7,168,41.857142857142854,0,0,0.0,2,24.5,31.736289678273835,137.13759507113653
13,1.0,1.0,1.0,5,180,58.4,0,0,0.0,2,28.0,15.258635394285957,96.93786900638062
22,1.0,1.0,1.0,16,59,18.4375,1,28,28.0,5,7.6,13.488389924241456,66.62999822091162
14,1.0,1.0,1.0,10,93,28.8,2,36,29.0,3,17.666666666666668,3.527332269886246,45.643373636859735
14,0.0,1.0,0.5,11,40,21.0,1,117,117.0,3,36.0,13.386059627280142,117.69044440189201
16,1.0,1.0,1.0,13,48,18.692307692307693,1,36,36.0,5,17.2,23.404333480332433,181.6315248569816
19,1.0,1.0,1.0,6,58,31.666666666666668,2,22,19.5,3,50.666666666666664,21.692498966020878,183.48044586037588
4,1.0,1.0,1.0,7,84,26.0,0,0,0.0,4,41.75,19.94679087957588,107.02869823618087
21,1.0,1.0,0.5,10,33,16.9,1,18,18.0,5,33.0,23.675281088646003,187.938576635746
17,0.0,1.0,0.5,17,31,12.470588235294118,0,0,0.0,5,23.0,26.79940027471477,127.18645568345137
13,1.0,1.0,1.0,10,59,29.2,2,21,19.0,4,12.75,8.116078060143991,46.725193154890725
24,0.0,1.0,0.5,17,39,17.529411764705884,0,0,0.0,3,9.0,16.694893007319372,110.85883261712327
6,0.0,1.0,0.5,12,45,21.583333333333332,1,136,136.0,6,13.0,7.973109267577153,47.286233187906085
1,0.0,1.0,0.5,11,88,29.454545454545453,0,0,0.0,1,7.0,4.780766981955822,22.85552137341437
10,0.0,1.0,0.5,8,49,38.125,1,19,19.0,2,16.5,2.121377010804743,22.123035727864387
23,1.0,1.0,1.0,10,121,27.6,0,0,0.0,1,57.0,34.300224788007775,242.77415778822782
2,0.0,1.0,0.0,14,42,20.0,0,0,0.0,4,12.25,24.152210592866805,131.62502007500703
4,0.0,1.0,0.5,12,77,15.75,1,5,5.0,6,24.833333333333332,33.35515717661814,152.12548950203384
2,1.0,1.0,1.0,12,63,18.833333333333332,1,261,261.0,5,23.6,3.4151496639176813,34.69615349821295
26,1.0,1.0,1.0,23,19,11.217391304347826,0,0,0.0,5,10.0,19.20234990840401,88.65713374815155
12,0.0,1.0,0.5,12,74,26.083333333333332,0,0,0.0,2,9.5,17.04072285830262,68.33882016067993
14,0.0,1.0,0.5,8,81,42.375,0,0,0.0,0,0.0,0.0,0.0
13,1.0,1.0,0.0,12,49,21.333333333333332,2,29,18.5,3,27.333333333333332,19.93551338638976,110.29622738658871
14,1.0,1.0,1.0,4,272,86.25,1,1,1.0,0,0.0,0.0,0.0
24,1.0,1.0,0.5,11,29,20.0,2,24,16.0,4,27.75,20.758184095004598,120.40454740194431
3,1.0,1.0,0.5,7,103,43.0,1,2,2.0,1,42.0,1.4769476380779185,17.411537881288258
11,1.0,1.0,1.0,11,40,18.0,1,17,17.0,5,27.6,26.541743145803935,126.38457041573642
16,0.0,1.0,0.0,20,35,13.35,0,0,0.0,4,13.75,13.338129289602168,51.8118973888932
22,1.0,1.0,0.5,11,46,19.545454545454547,1,33,33.0,6,20.0,15.988656252058377,83.19515085581126
3,1.0,1.0,1.0,19,31,14.421052631578947,1,17,17.0,4,13.5,15.11490054187332,131.16576018024193
22,0.0,1.0,0.5,17,40,14.764705882352942,1,25,25.0,3,24.333333333333332,11.701697007706038,116.24408886985402
13,0.0,1.0,0.5,12,42,21.583333333333332,2,13,12.0,3,26.333333333333332,23.45895940881545,206.11712532751054
25,1.0,1.0,0.0,14,32,17.0,1,133,133.0,5,18.6,9.925791742490887,69.81614366241884
19,1.0,1.0,1.0,7,78,29.285714285714285,0,0,0.0,5,27.8,20.919036890958598,150.06324415201078
14,0.0,1.0,0.5,5,241,69.0,0,0,0.0,1,6.0,13.041796929309191,26.73159117183833
8,1.0,1.0,0.5,13,64,17.846153846153847,0,0,0.0,2,48.0,25.029729882928855,170.39501068844933
1,1.0,1.0,1.0,12,54,27.25,1,23,23.0,1,6.0,1.3341368998945464,6.67068449947268
12,0.0,1.0,0.5,15,61,16.6,0,0,0.0,3,28.666666666666668,17.89941028594257,96.05409096865274
24,1.0,1.0,1.0,14,46,21.142857142857142,1,24,24.0,4,9.5,11.808808371516223,39.94223428553928
2,1.0,1.0,1.0,10,71,20.2,1,30,30.0,7,20.285714285714285,19.500795538869394,116.25240409388361
17,0.0,1.0,0.5,14,45,13.785714285714286,0,0,0.0,8,17.875,23.380726945227416,123.18687680259112
24,1.0,1.0,0.5,10,117,28.8,1,1,1.0,3,14.666666666666666,16.770717701039676,85.42915779885821
13,1.0,1.0,0.0,11,31,13.909090909090908,2,128,71.5,4,44.75,17.631008188829803,147.35763669752785
13,0.0,1.0,0.0,10,57,24.5,0,0,0.0,2,46.5,31.862539022634387,177.8454512184655
24,1.0,1.0,1.0,12,59,18.333333333333332,1,12,12.0,6,19.166666666666668,23.242414693398,181.6797326393441
9,1.0,1.0,1.0,9,75,32.666666666666664,1,102,102.0,4,11.25,10.36083131875919,51.3469756202625
3,1.0,1.0,1.0,15,47,19.333333333333332,1,22,22.0,3,15.0,24.843508229634278,202.7900055833185
15,1.0,1.0,1.0,12,42,19.916666666666668,1,32,32.0,4,22.0,21.220442232100176,105.37504395240504
17,0.0,1.0,0.5,13,45,18.307692307692307,1,16,16.0,4,23.25,26.60006741912309,198.85578815577378
22,1.0,1.0,1.0,12,67,25.833333333333332,2,36,27.5,3,8.0,12.367379361677386,53.95476456289153
15,1.0,1.0,1.0,12,55,25.583333333333332,1,39,39.0,2,18.5,25.554197159301765,152.2673728607795
23,1.0,1.0,0.5,10,33,15.1,1,50,50.0,6,32.0,23.040267679958237,148.53968244346387
16,1.0,1.0,1.0,20,38,12.4,0,0,0.0,4,19.75,26.197570856310495,116.52705604527237
2,0.0,1.0,0.0,15,43,18.4,1,24,24.0,3,18.333333333333332,16.626710331610354,65.51504219941346
16,1.0,1.0,0.0,16,56,18.3125,1,26,26.0,2,18.0,11.63815561796423,90.69509251556309
24,1.0,1.0,0.5,11,67,28.272727272727273,0,0,0.0,2,11.5,30.16839338741443,131.52031706081505
4,0.0,1.0,0.5,9,46,19.88888888888889,1,28,28.0,5,32.8,21.41213310645918,136.2768333414489
7,1.0,1.0,0.5,9,60,31.88888888888889,1,110,110.0,2,24.5,7.112757648067914,15.471909355813473
7,1.0,1.0,0.5,10,56,29.7,0,0,0.0,2,17.5,19.559337632474524,112.51053819469334
24,1.0,1.0,0.5,6,64,49.166666666666664,1,18,18.0,3,17.666666666666668,28.071004340571502,163.68739026364844
23,1.0,1.0,1.0,14,36,16.785714285714285,0,0,0.0,6,17.333333333333332,22.61116908885143,185.9626642325778
18,1.0,1.0,1.0,9,33,19.555555555555557,0,0,0.0,5,32.4,28.367848992285765,223.7106449829593
8,1.0,1.0,0.5,10,52,21.3,0,0,0.0,1,119.0,38.18817821040024,400.95828110115764
18,0.0,1.0,0.5,13,13,9.846153846153847,0,0,0.0,7,29.714285714285715,34.19644299351953,188.1090899116918
1,1.0,1.0,1.0,8,62,20.875,1,11,11.0,6,30.166666666666668,20.902369969672424,133.6927035727388
24,0.0,1.0,0.5,9,71,33.111111111111114,0,0,0.0,2,22.5,14.043909366286421,91.30272977006541
14,1.0,1.0,1.0,4,155,78.0,1,13,13.0,3,13.333333333333334,24.62514826908131,98.17521623748495
6,1.0,1.0,1.0,8,78,32.25,1,179,179.0,4,22.5,3.3035315640893166,8.952074967058197
24,0.0,1.0,0.5,12,51,19.833333333333332,2,30,24.0,4,25.25,20.302903778984096,111.29734559559716
2,1.0,1.0,0.5,5,109,60.4,1,114,114.0,2,24.0,7.216242304132627,27.137160582586173
4,1.0,1.0,0.5,9,16,10.11111111111111,0,0,0.0,6,41.166666666666664,25.140883626072483,179.97705443582856
4,1.0,1.0,0.5,12,20,11.083333333333334,0,0,0.0,7,30.0,29.401839871462332,145.8960631868582
23,1.0,1.0,1.0,9,46,22.77777777777778,1,62,62.0,4,33.75,25.034278044420102,149.81427722214409
15,0.0,1.0,0.5,13,48,21.0,0,0,0.0,3,20.333333333333332,17.559999163561198,106.70704528928957
5,0.0,1.0,0.5,13,29,15.615384615384615,2,30,23.5,8,17.125,29.914006336945622,143.07318775512624
4,1.0,1.0,0.5,9,104,33.666666666666664,0,0,0.0,3,11.333333333333334,20.390855410851945,97.23404663816136
3,1.0,1.0,1.0,10,96,32.1,1,7,7.0,1,9.0,20.0146464348071,48.54232143611458
18,0.0,1.0,0.5,11,25,14.545454545454545,0,0,0.0,4,43.0,22.49299970185174,168.99458529609305
15,0.0,1.0,0.5,13,29,18.53846153846154,1,32,32.0,5,19.6,12.865003514729159,93.21055592475977
25,1.0,1.0,0.5,13,29,13.923076923076923,2,41,30.5,7,22.0,19.542289373528263,133.0423393263831
6,1.0,1.0,0.0,10,41,21.8,1,140,140.0,4,29.5,12.756452488384735,69.67794850191176
25,1.0,1.0,1.0,7,85,30.714285714285715,1,51,51.0,3,43.666666666666664,28.036594980856364,212.60106655485387
19,0.0,1.0,0.5,5,92,44.0,1,11,11.0,2,62.0,30.004000428338152,335.14103136381397
24,0.0,1.0,0.5,11,78,27.636363636363637,0,0,0.0,2,19.0,12.85102496703604,97.24276035993276
4,0.0,1.0,0.5,13,44,19.153846153846153,0,0,0.0,2,42.5,30.82330146845664,177.12217362313413
13,1.0,1.0,1.0,11,42,21.818181818181817,1,21,21.0,2,48.0,10.684215130842524,77.54419225245383
23,0.0,1.0,0.5,8,88,32.75,0,0,0.0,2,39.0,29.664052565494444,220.5228701593502
19,1.0,1.0,1.0,4,140,79.0,1,21,21.0,2,18.0,12.06198681479114,71.38827590727857
24,1.0,1.0,1.0,8,58,36.625,0,0,0.0,3,15.666666666666666,25.22683345173669,101.76996173231073
4,0.0,1.0,0.5,11,26,11.909090909090908,0,0,0.0,4,50.25,24.744375962809997,220.91510969420762
1,1.0,1.0,1.0,5,85,49.8,1,18,18.0,3,33.0,15.233558205040131,141.06418392960276
15,0.0,1.0,0.5,10,38,20.8,1,50,50.0,7,18.857142857142858,23.20023708074591,126.54349262459563
18,1.0,1.0,1.0,8,36,19.5,1,17,17.0,4,46.75,25.91508064307117,197.88527820112463
18,1.0,1.0,1.0,11,50,21.363636363636363,0,0,0.0,2,47.0,35.62635492313983,305.763031226457
17,1.0,1.0,1.0,5,145,42.8,0,0,0.0,3,44.666666666666664,30.81277622496673,236.8000474369428
4,0.0,1.0,0.5,4,12,9.25,0,0,0.0,4,78.0,35.09220456987191,414.24917916013317
18,0.0,1.0,0.5,10,118,24.0,1,33,33.0,6,17.166666666666668,25.0947200310874,158.36580106756165
4,1.0,1.0,0.5,11,77,27.363636363636363,0,0,0.0,1,26.0,15.394180656927164,62.513554959609905
22,1.0,1.0,1.0,11,45,20.0,1,20,20.0,4,30.25,18.114264910238543,107.72853499285594
18,1.0,1.0,0.0,15,29,14.6,0,0,0.0,5,21.2,32.30257136549869,251.5825443289266
1,1.0,1.0,0.5,9,35,13.444444444444445,0,0,0.0,5,44.0,24.516061812981043,189.3388118651562
12,1.0,1.0,0.5,12,74,19.666666666666668,1,69,69.0,3,31.333333333333332,18.26521348802662,93.6008799248918
14,1.0,1.0,0.5,5,122,64.6,1,23,23.0,2,12.5,17.498734706759027,72.79668848647425
8,0.0,1.0,0.5,12,45,20.5,0,0,0.0,5,18.4,29.216203750798883,152.2809725564481
6,1.0,1.0,0.5,3,154,102.0,1,42,42.0,2,22.0,5.096998153734202,42.051699103942916
13,1.0,1.0,1.0,6,97,28.666666666666668,2,19,18.0,4,44.5,28.001724327058277,182.32264886519386
2,0.0,1.0,0.5,11,34,13.636363636363637,2,133,92.0,8,24.0,7.5900127333561365,60.62960718186922
24,0.0,1.0,0.5,12,39,20.833333333333332,0,0,0.0,4,20.0,25.779343549049322,123.8736192619808
19,1.0,1.0,1.0,7,69,43.714285714285715,0,0,0.0,2,13.0,27.328017443830035,173.06436438815905
26,1.0,1.0,1.0,9,58,20.11111111111111,1,126,126.0,6,26.833333333333332,16.730333992321622,95.51222864983384
18,1.0,1.0,1.0,9,15,10.333333333333334,1,9,9.0,9,28.22222222222222,33.24151310481601,169.92870533339823
22,0.0,1.0,0.5,14,54,14.142857142857142,2,28,21.5,8,17.625,15.762353037504326,107.01562445022195
22,1.0,1.0,1.0,15,56,17.4,1,20,20.0,5,15.6,16.822147125735526,98.57336080350072
26,1.0,1.0,1.0,10,74,25.1,0,0,0.0,4,20.25,19.241784038927978,114.83443277490501
19,0.0,1.0,0.0,11,91,21.90909090909091,1,29,29.0,8,13.0,14.174805128749242,86.9876775200542
14,0.0,1.0,0.5,12,44,15.5,1,116,116.0,6,24.333333333333332,9.77371444293229,72.4083899077842
24,1.0,1.0,1.0,9,62,34.44444444444444,0,0,0.0,1,20.0,15.596100630317137,64.7400818979861
21,0.0,1.0,0.5,10,55,23.3,1,19,19.0,5,21.0,23.42911058357176,138.218648272728
25,1.0,1.0,1.0,8,21,11.25,2,130,76.5,8,32.25,25.833539549725177,214.31074007122595
10,1.0,1.0,0.5,9,58,32.333333333333336,1,20,20.0,3,16.666666666666668,28.955819982915187,145.31377930244537
25,1.0,1.0,0.0,10,58,21.1,2,20,16.0,5,26.4,29.03201763951508,214.04470677168723
17,1.0,1.0,1.0,19,24,10.31578947368421,0,0,0.0,5,26.4,36.741810961954535,185.61843313137655
18,0.0,1.0,0.5,14,42,18.785714285714285,0,0,0.0,4,18.5,21.07016458719687,128.34724178956992
22,1.0,1.0,1.0,18,25,14.0,1,51,51.0,4,18.5,11.564236993080682,58.997718894248905
23,1.0,1.0,1.0,10,40,15.0,0,0,0.0,4,49.0,27.435334776769167,213.65808937363377
24,1.0,1.0,1.0,10,74,32.9,0,0,0.0,0,0.0,0.0,0.0
17,1.0,1.0,0.5,17,22,10.941176470588236,0,0,0.0,6,24.5,23.5020254001283,159.70508474748306
18,1.0,1.0,1.0,12,59,26.833333333333332,0,0,0.0,1,10.0,28.72571447000987,76.35878642719678
2,1.0,1.0,1.0,8,46,35.125,0,0,0.0,1,60.0,7.722605423845029,29.686351622530985
7,1.0,1.0,0.5,2,322,170.5,0,0,0.0,1,10.0,26.607093337595042,74.2464889188811
23,1.0,1.0,1.0,8,98,38.375,1,67,67.0,2,16.5,4.330023693873443,27.793613006652066
6,0.0,1.0,0.5,7,70,44.57142857142857,1,14,14.0,2,12.0,8.805650805078105,31.599605028902996
10,0.0,1.0,0.5,10,56,31.5,1,23,23.0,3,8.666666666666666,11.968862075415972,60.37630976916463
14,1.0,1.0,0.0,13,86,18.615384615384617,1,78,78.0,6,16.333333333333332,15.292130195249534,61.09482178200816
16,1.0,1.0,1.0,14,26,13.214285714285714,1,35,35.0,4,36.75,17.626962172831544,138.8809999675646
14,0.0,1.0,0.0,18,33,16.0,0,0,0.0,3,13.333333333333334,20.085591615349102,156.13515336783914
14,0.0,1.0,0.5,11,46,24.818181818181817,1,16,16.0,4,16.75,26.47408981195676,108.5721594371314
19,0.0,1.0,0.5,9,48,17.11111111111111,1,14,14.0,5,36.2,26.50647589684429,204.17342491895252
8,0.0,1.0,0.0,11,41,16.454545454545453,0,0,0.0,5,30.4,24.097915400344146,169.6796056732258
7,1.0,1.0,1.0,2,170,89.5,1,26,26.0,1,172.0,3.1156827173677466,21.855516253071176
15,1.0,1.0,0.5,13,30,13.461538461538462,1,25,25.0,6,26.166666666666668,27.316653066374666,163.89826513081897
7,1.0,1.0,1.0,3,169,96.33333333333333,1,28,28.0,2,32.0,10.463460819551885,27.786041919545468
23,1.0,1.0,1.0,13,50,14.846153846153847,0,0,0.0,5,28.6,22.454652028623244,218.34690212084456
16,1.0,1.0,1.0,12,108,22.666666666666668,0,0,0.0,3,20.666666666666668,13.580023629462362,62.95114462259045
1,1.0,1.0,0.0,10,57,32.5,1,104,104.0,2,7.0,4.74139134155081,10.680580020055165
15,0.0,1.0,0.5,10,39,18.6,1,11,11.0,4,37.25,24.99361038004786,210.24211012088102
5,1.0,1.0,0.5,11,79,27.181818181818183,1,14,14.0,4,8.25,16.178435382386308,66.40272035111596
14,0.0,1.0,0.5,2,255,162.0,1,20,20.0,2,15.0,5.646018796674643,27.758066364790945
14,1.0,1.0,1.0,10,59,28.3,1,79,79.0,2,24.0,1.8453967366821311,42.444124943688294
9,0.0,1.0,0.0,8,78,39.5,1,18,18.0,2,11.5,18.04104024700056,68.18701901696319
23,0.0,1.0,0.5,7,63,21.0,0,0,0.0,4,50.5,31.385900829947477,190.68035549801715
4,1.0,1.0,1.0,14,120,21.428571428571427,0,0,0.0,5,7.0,15.588706644916765,57.451315301026554
18,0.0,1.0,0.5,10,43,26.4,1,3,3.0,3,25.333333333333332,29.824027764151328,277.781489993873
13,1.0,1.0,1.0,14,26,13.857142857142858,1,22,22.0,5,28.4,15.232342286789379,116.2460262174724
24,1.0,1.0,1.0,13,47,15.538461538461538,1,121,121.0,3,42.333333333333336,5.076857877052748,49.614568884227445
6,1.0,1.0,1.0,7,79,42.142857142857146,2,35,28.5,3,17.0,10.257261610616839,89.01460014856043
4,1.0,1.0,0.5,4,188,84.0,0,0,0.0,1,14.0,9.469137831276385,92.26164173950501
9,1.0,1.0,0.5,16,43,17.6875,2,27,25.5,2,20.0,4.920501333591619,39.743463303312964
4,1.0,1.0,1.0,11,111,27.727272727272727,1,7,7.0,3,8.666666666666666,28.404872182835476,133.18865806912103
19,1.0,1.0,1.0,5,71,50.4,1,71,71.0,3,31.0,8.924807699888614,40.11403476325054
3,1.0,1.0,1.0,8,79,40.75,0,0,0.0,2,10.0,20.67508481815885,115.28122266065729
25,1.0,1.0,1.0,7,59,23.571428571428573,2,19,18.5,3,59.333333333333336,25.367197631103707,321.0106789691436
25,1.0,1.0,0.5,10,25,13.3,1,16,16.0,4,51.5,25.959320470170898,181.3383135294451
