participant,study_status,scene_familiarity,recall_status,peak_pupil,pupil_AUC,pupil_slope,pupil_mean,avg_pupil_size,avg_pupil_size_downsample,time_to_peak,microsaccade_count,avg_microsaccade_duration,avg_microsaccade_vel,avg_microsaccade_amp
18,1.0,0.0,,0.9256501197814941,0.604966746436225,0.0061855582307282775,0.5035255943608081,0.5035255943608081,0.45052005173840054,97,0,0.0,0.0,0.0
23,0.0,0.0,,0.25860023498535156,1.4136996269226074,-0.0027172369198721316,0.006042887922376394,0.006042887922376394,0.0004939436912536621,38,0,0.0,0.0,0.0
19,1.0,0.0,,1.0243499279022217,0.0,0.008811672745343039,0.5918683903849024,0.5918683903849024,0.5763088077306747,85,0,0.0,0.0,0.0
7,1.0,0.0,,1.140350341796875,0.0,0.009469300282957437,0.5985921025276184,0.5985921025276184,0.5865501165390015,109,0,0.0,0.0,0.0
3,1.0,0.0,,0.7028999328613281,0.08934879302978516,0.0063641106977501225,0.32508596777915955,0.32508596777915955,0.31003761291503906,91,0,0.0,0.0,0.0
13,1.0,0.0,,0.460116097357421,0.0,0.0023844030423190977,0.24727698269053403,0.24727698269053403,0.2284603619118356,114,0,0.0,0.0,0.0
18,1.0,0.0,,0.0,60.68434453010559,-0.01142870438025841,-1.4637843370437622,-1.4637843370437622,-1.3655123710632324,0,0,0.0,0.0,0.0
9,1.0,0.0,,0.10100030899047852,1.8560497760772705,-0.017396822160345535,-0.583671012495318,-0.583671012495318,-0.5926561057567596,32,0,0.0,0.0,0.0
19,0.0,0.0,,0.03385019302368164,20.067490339279175,-0.0016790065719313777,-0.20608193446428347,-0.20608193446428347,-0.18639744340983877,1,1,9.0,4.645869617458768,24.311980363067214
1,1.0,0.0,,0.09615015983581543,15.1229989528656,-0.004176572412504765,-0.2624136209487915,-0.2624136209487915,-0.23444366455078125,1,0,0.0,0.0,0.0
24,1.0,0.0,,0.089599609375,4.697158098220825,0.0015346316378445567,-0.0738617405295372,-0.0738617405295372,-0.07269391417503357,78,0,0.0,0.0,0.0
14,0.0,0.0,,0.2335498332977295,0.0017499923706054688,8.659195650929543e-06,0.10084503328698313,0.10084503328698313,0.11396631949088154,27,0,0.0,0.0,0.0
22,0.0,0.0,,0.26635003089904785,0.0,0.0007719735607321062,0.17594140768051147,0.17594140768051147,0.17072492837905884,82,0,0.0,0.0,0.0
26,0.0,0.0,,0.2084498405456543,1.2739026546478271,-0.0011243143726080136,-0.009868954308331013,-0.009868954308331013,-0.020512640476226807,55,0,0.0,0.0,0.0
16,1.0,0.0,,0.2220001220703125,0.08844995498657227,0.001599369209997393,0.07745666801929474,0.07745666801929474,0.08088737726211548,101,0,0.0,0.0,0.0
22,0.0,0.0,,0.5208498239517212,0.082450270652771,0.0019322608738675101,0.2936670097530398,0.2936670097530398,0.25752215142603274,54,1,9.0,3.502440348016302,22.310555975680888
3,1.0,0.0,,0.25440001487731934,5.807799816131592,-0.00863657208507825,-0.10073101826203175,-0.10073101826203175,-0.1769269486268361,46,0,0.0,0.0,0.0
12,1.0,0.0,,0.16774988174438477,13.624697923660278,-0.0005574481826596091,-0.09731235355138779,-0.09731235355138779,-0.1028437614440918,45,0,0.0,0.0,0.0
5,0.0,0.0,,0.2696497440338135,16.160004377365112,-0.005513421038088954,-0.3168061375617981,-0.3168061375617981,-0.26248136162757874,31,0,0.0,0.0,0.0
9,0.0,0.0,,0.31660032272338867,0.4784998893737793,0.0009290801263812719,0.12346024066209793,0.12346024066209793,0.139981210231781,73,0,0.0,0.0,0.0
21,1.0,0.0,,0.1571502685546875,2.945542335510254,-0.00048168782883880646,-0.06745444238185883,-0.06745444238185883,-0.06709349155426025,1,0,0.0,0.0,0.0
5,0.0,0.0,,0.09499979019165039,5.771962642669678,0.00058422425336723,-0.048313386738300323,-0.048313386738300323,-0.03490644693374634,110,0,0.0,0.0,0.0
7,0.0,0.0,,0.0,2.9556055068969727,-0.000328439448470005,-0.17493735253810883,-0.17493735253810883,-0.14264386892318726,0,0,0.0,0.0,0.0
24,0.0,0.0,,0.1770000457763672,0.18215012550354004,-0.000999001409865667,0.0102131285219111,0.0102131285219111,0.027885352092359872,45,0,0.0,0.0,0.0
12,1.0,0.0,,0.22944998741149902,3.117899775505066,-0.0034953778512410456,-0.06458801693386501,-0.06458801693386501,-0.015184876161652594,23,0,0.0,0.0,0.0
3,1.0,0.0,,0.19704985618591309,1.42525053024292,0.00032696841987859453,0.051434785891801886,0.051434785891801886,0.05481110300336567,65,0,0.0,0.0,0.0
15,0.0,0.0,,0.19554996490478516,0.7407999038696289,-0.00010044223744030487,0.06506288561046633,0.06506288561046633,0.05389441044434251,108,0,0.0,0.0,0.0
12,1.0,0.0,,0.0,29.570155382156372,-0.0015929196603302225,-0.25925859808921814,-0.25925859808921814,-0.23043128848075867,0,0,0.0,0.0,0.0
26,0.0,0.0,,0.038249969482421875,52.42060923576355,-0.006293922572964919,-0.933663547039032,-0.933663547039032,-0.866312563419342,1,0,0.0,0.0,0.0
18,1.0,0.0,,0.2353496551513672,0.7952070236206055,0.0013774986646107104,0.04068227857351303,0.04068227857351303,0.05146229267120361,112,1,12.0,3.6091363260601232,25.43704829474794
15,0.0,0.0,,0.641450047492981,0.25804996490478516,0.006081901112515171,0.21977351414851654,0.21977351414851654,0.23073509110904789,115,0,0.0,0.0,0.0
25,0.0,0.0,,0.4076731525934658,0.3931490182876587,0.0030070280413249445,0.1306594839462867,0.1306594839462867,0.1391250565648079,92,0,0.0,0.0,0.0
14,0.0,0.0,,0.0,7.51555061340332,-0.014539349071807556,-1.4191282987594604,-1.4191282987594604,-1.34725022315979,0,0,0.0,0.0,0.0
7,1.0,0.0,,0.8210000991821289,0.0,0.0075063500857906655,0.4728561341762543,0.4728561341762543,0.45971858501434326,110,0,0.0,0.0,0.0
9,0.0,0.0,,0.20145010948181152,5.0628015995025635,0.002190475477873105,-0.06824959069490433,-0.06824959069490433,-0.042375028133392334,116,0,0.0,0.0,0.0
18,1.0,0.0,,0.2259998321533203,1.4537019729614258,0.0009209484803838993,0.0295880064368248,0.0295880064368248,0.022037506103515625,101,1,12.0,3.6091363260601232,25.43704829474794
21,1.0,0.0,,0.24860000610351562,0.48149967193603516,-0.0010910152622581853,0.004210455808788538,0.004210455808788538,0.006531476974487305,31,0,0.0,0.0,0.0
5,0.0,0.0,,0.9357998371124268,0.06145048141479492,0.00630261944167401,0.5489627122879028,0.5489627122879028,0.5438249111175537,113,0,0.0,0.0,0.0
17,1.0,0.0,,0.05264997482299805,1.1717007160186768,-0.0009084375075168898,-0.03357955068349838,-0.03357955068349838,-0.04661265015602112,17,0,0.0,0.0,0.0
14,0.0,0.0,,0.36675024032592773,0.9505906105041504,0.0031944005409922952,0.06720928847789764,0.06720928847789764,0.07428145408630371,85,0,0.0,0.0,0.0
19,1.0,0.0,,0.31874990463256836,8.737156867980957,0.004251866962399876,-0.048477016389369965,-0.048477016389369965,-0.04467517137527466,107,0,0.0,0.0,0.0
9,0.0,0.0,,0.17260003089904785,0.7465000152587891,-0.0005545419811004922,0.03610325063395704,0.03610325063395704,0.04575505355993892,25,0,0.0,0.0,0.0
6,0.0,0.0,,0.399399995803833,0.11645054817199707,0.002516091964115824,0.1477319896221161,0.1477319896221161,0.149637371301651,63,0,0.0,0.0,0.0
13,1.0,0.0,,0.3065001964569092,3.1815998554229736,-0.025818610900037467,-0.6784235626204402,-0.6784235626204402,-0.7106954713436691,44,0,0.0,0.0,0.0
12,1.0,0.0,,0.5264501571655273,1.838850498199463,0.0014774407770784868,-0.029834675992655966,-0.029834675992655966,0.010971915918392194,116,0,0.0,0.0,0.0
14,0.0,0.0,,0.0,1.2982497215270996,-0.0014848595993183463,-0.2123904829351311,-0.2123904829351311,-0.19137020036578178,0,0,0.0,0.0,0.0
4,0.0,0.0,,0.19574999809265137,5.596199989318848,-0.037893001669699125,-1.5339286154151979,-1.5339286154151979,-1.5742572330354903,25,0,0.0,0.0,0.0
4,0.0,0.0,,0.1741499900817871,5.702049970626831,-0.00854315522151934,-0.11783631145954132,-0.11783631145954132,-0.14316865801811218,75,0,0.0,0.0,0.0
18,1.0,0.0,,0.19105052947998047,10.355393409729004,-0.006326422281314851,-0.23165655136108398,-0.23165655136108398,-0.2518559694290161,35,0,0.0,0.0,0.0
22,0.0,0.0,,0.4452500343322754,0.011999964714050293,0.00240629576102499,0.20890043433914832,0.20890043433914832,0.21078770824017057,59,0,0.0,0.0,0.0
18,1.0,0.0,,0.4071998596191406,0.3856019973754883,0.0036724024519694328,0.12256946414709091,0.12256946414709091,0.1545998454093933,99,0,0.0,0.0,0.0
2,0.0,0.0,,0.6239999532699585,0.2173887205795504,0.003838254440768498,0.2081335130919758,0.2081335130919758,0.20861521703621677,100,0,0.0,0.0,0.0
3,0.0,0.0,,0.14149999618530273,2.893800735473633,0.001285174470397362,0.0024773239070533686,0.0024773239070533686,0.005943715572357178,93,0,0.0,0.0,0.0
8,1.0,0.0,,0.5566501617431641,0.07489967346191406,0.004778931811147096,0.2678300440311432,0.2678300440311432,0.27106261253356934,106,0,0.0,0.0,0.0
4,0.0,0.0,,0.3936500549316406,0.41304874420166016,-0.0018263463448491303,0.09231718629598618,0.09231718629598618,0.07233127951622009,12,0,0.0,0.0,0.0
8,1.0,0.0,,0.27409982681274414,0.3134016990661621,0.0011394070254134084,0.11123789101839066,0.11123789101839066,0.08727484941482544,110,0,0.0,0.0,0.0
7,0.0,0.0,,0.005000114440917969,2.725802421569824,-0.00043108929948784333,-0.16904152929782867,-0.16904152929782867,-0.15066885948181152,1,0,0.0,0.0,0.0
7,1.0,0.0,,0.14499998092651367,0.26235055923461914,5.302937860535689e-05,0.045685652993683136,0.045685652993683136,0.024783734833040527,116,0,0.0,0.0,0.0
15,1.0,0.0,,0.10850000381469727,5.452899932861328,-0.027732353790706262,-0.8714379652952537,-0.8714379652952537,-0.9781721935418375,7,0,0.0,0.0,0.0
15,0.0,0.0,,0.6962499618530273,3.627800703048706,-0.0051819260773632095,0.1699046641588211,0.1699046641588211,0.1375124454498291,49,0,0.0,0.0,0.0
9,1.0,0.0,,0.12849998474121094,0.46645021438598633,-0.0009131163466323111,-0.0151332663372159,-0.0151332663372159,-0.004087388515472412,15,0,0.0,0.0,0.0
2,0.0,0.0,,0.5214499235153198,0.03320002555847168,-0.001481138456605401,0.2609492851118756,0.2609492851118756,0.24840871138232096,3,0,0.0,0.0,0.0
25,0.0,0.0,,0.06365013122558594,4.849949955940247,-0.018912098356289094,-0.565633081472837,-0.565633081472837,-0.6171142631106906,3,0,0.0,0.0,0.0
4,0.0,0.0,,0.16955018043518066,12.164949893951416,-0.002290515801473867,-0.2197388857603073,-0.2197388857603073,-0.22626245021820068,78,0,0.0,0.0,0.0
14,0.0,0.0,,0.0,6.751365661621094,4.468731246420261e-05,-0.24360337853431702,-0.24360337853431702,-0.22276908159255981,0,0,0.0,0.0,0.0
14,0.0,0.0,,0.4970998764038086,1.2673516273498535,0.0053346178600925985,0.12608701856727275,0.12608701856727275,0.1217544573274526,116,0,0.0,0.0,0.0
22,0.0,0.0,,0.15814971923828125,7.686154365539551,-0.0032938280271232233,-0.061671946197748184,-0.061671946197748184,-0.052481383085250854,29,0,0.0,0.0,0.0
15,0.0,0.0,,0.08614969253540039,26.66375422477722,-0.007683655398858372,-0.6372087001800537,-0.6372087001800537,-0.6251438856124878,2,0,0.0,0.0,0.0
24,1.0,0.0,,0.388200044631958,0.015199899673461914,0.0026437681430761255,0.17022345960140228,0.17022345960140228,0.17390620708465576,116,0,0.0,0.0,0.0
24,1.0,0.0,,0.27540016174316406,3.1254985332489014,0.0018084468098238716,-0.005871776957064867,-0.005871776957064867,0.018449991941452026,114,0,0.0,0.0,0.0
19,1.0,0.0,,0.5684998035430908,0.7730837023103376,0.0015435061012228854,0.24729890293545193,0.24729890293545193,0.2201874852180481,74,0,0.0,0.0,0.0
17,1.0,0.0,,0.34619998931884766,4.307506322860718,0.0037069996071179096,0.04782123118638992,0.04782123118638992,0.04710611701011658,115,0,0.0,0.0,0.0
14,0.0,0.0,,0.2628002166748047,2.1435461044311523,0.002899177921683159,0.015918996185064316,0.015918996185064316,0.008700191974639893,98,0,0.0,0.0,0.0
3,1.0,0.0,,0.7079496383666992,0.026452064514160156,0.006124404563995847,0.34255489706993103,0.34255489706993103,0.3115748167037964,88,0,0.0,0.0,0.0
16,1.0,0.0,,0.3062000274658203,2.7980499267578125,-0.0063587491644211454,-0.04240160059725118,-0.04240160059725118,-0.037193691730499245,55,0,0.0,0.0,0.0
14,0.0,0.0,,0.09769964218139648,3.402153491973877,0.0002043712312238484,-0.0332786850631237,-0.0332786850631237,-0.024474918842315674,74,0,0.0,0.0,0.0
21,1.0,0.0,,0.4010000228881836,27.519364988142534,-0.006224639713652536,-0.15348807563129657,-0.15348807563129657,-0.10065669652238857,41,0,0.0,0.0,0.0
2,0.0,0.0,,0.18130016326904297,0.3979494571685791,0.0003532764035531487,0.06580176949501038,0.06580176949501038,0.06845632195472717,46,0,0.0,0.0,0.0
4,0.0,0.0,,0.04850006103515625,3.8783044815063477,0.0004602984641481492,-0.038955207914114,-0.038955207914114,-0.03683751821517944,76,0,0.0,0.0,0.0
9,1.0,0.0,,0.2870497703552246,5.263750076293945,-0.012947048714178462,-0.27910607085268724,-0.27910607085268724,-0.4188563319352957,84,0,0.0,0.0,0.0
23,0.0,0.0,,0.5708003044128418,0.46304798126220703,0.002506300602671815,0.29128897190093994,0.29128897190093994,0.27288758754730225,56,0,0.0,0.0,0.0
13,0.0,0.0,,0.1318502426147461,11.397800922393799,-0.014373420934767593,-0.4175688326358795,-0.4175688326358795,-0.3944438099861145,40,0,0.0,0.0,0.0
19,1.0,0.0,,0.017650127410888672,1.569200038909912,-0.012501276606456124,-0.95793217420578,-0.95793217420578,-0.9263126850128174,1,0,0.0,0.0,0.0
7,0.0,0.0,,0.36385011672973633,1.8166178974238303,0.002264878100072909,0.026002156428801708,0.026002156428801708,0.027480947564948677,104,0,0.0,0.0,0.0
14,0.0,0.0,,0.11590003967285156,7.308549880981445,-0.013853398436121132,-0.600414514541626,-0.600414514541626,-0.5727937817573547,18,0,0.0,0.0,0.0
26,0.0,0.0,,0.018950223922729492,10.660795211791992,-0.00048585041593059353,-0.13648241758346558,-0.13648241758346558,-0.09526863694190979,8,0,0.0,0.0,0.0
6,0.0,0.0,,0.48545002937316895,4.024779415130614,-0.0020632988751416058,0.2733255120424124,0.2733255120424124,0.2803838163614273,53,0,0.0,0.0,0.0
22,0.0,0.0,,0.21924984455108643,1.3468523025512695,-0.00150892664402725,0.031310188464629345,0.031310188464629345,0.03699578179253471,20,2,8.0,3.7143526588068427,19.67916952680666
4,0.0,0.0,,0.3576502799987793,0.8246479034423828,0.001095620536366872,0.1028420627117157,0.1028420627117157,0.1005813479423523,49,0,0.0,0.0,0.0
4,0.0,0.0,,0.4053001403808594,0.4145498275756836,-0.00017883746033636375,0.15832525491714478,0.15832525491714478,0.16995632648468018,34,0,0.0,0.0,0.0
25,0.0,0.0,,1.0865219504865884,0.023099899291992188,0.007929429729805166,0.5247461469764383,0.5247461469764383,0.49429878834779245,86,0,0.0,0.0,0.0
12,1.0,0.0,,0.21129989624023438,5.328149318695068,0.0004984626869490125,-0.008908508345484734,-0.008908508345484734,0.015243738889694214,81,0,0.0,0.0,0.0
17,1.0,0.0,,0.15385007858276367,0.0,0.0010637520518256684,0.07451818883419037,0.07451818883419037,0.07781261205673218,96,1,9.0,4.303368102025349,14.920125851026864
24,0.0,0.0,,0.008800029754638672,6.4644455909729,-0.00015471801372792703,-0.10663837939500809,-0.10663837939500809,-0.09419375658035278,7,0,0.0,0.0,0.0
22,0.0,0.0,,0.2848999500274658,0.3227010210746619,0.002137680841293659,0.13351386734563062,0.13351386734563062,0.12816233925631476,74,0,0.0,0.0,0.0
17,1.0,0.0,,0.04640007019042969,5.019049882888794,-0.0039058354981044313,-0.2163448929786682,-0.2163448929786682,-0.19313126802444458,10,0,0.0,0.0,0.0
6,0.0,0.0,,0.027750015258789062,3.540048122406006,-0.003610307026371048,-0.2587890326976776,-0.2587890326976776,-0.2422185242176056,1,0,0.0,0.0,0.0
5,0.0,0.0,,0.4618501663208008,0.43384695053100586,-0.00048738513214166676,0.16837158799171448,0.16837158799171448,0.19778770208358765,62,0,0.0,0.0,0.0
6,0.0,0.0,,0.5880000591278076,0.9602494239807129,0.004981593836373747,0.21187140047550201,0.21187140047550201,0.1934751272201538,116,1,8.0,3.5295043921981852,20.80239875788746
3,0.0,0.0,,0.14225006103515625,6.667999982833862,-0.006336030609482513,-0.11108372965429583,-0.11108372965429583,-0.05601120591163633,60,0,0.0,0.0,0.0
1,1.0,0.0,,0.43249988555908203,0.05174970626831055,0.003702940699540701,0.18179458379745483,0.18179458379745483,0.17969375848770142,84,1,9.0,2.0288346367905805,10.733653268035706
3,0.0,0.0,,0.022449970245361328,5.174603700637817,-0.00020202549024559986,-0.13591507357409877,-0.13591507357409877,-0.13761258125305176,28,0,0.0,0.0,0.0
1,1.0,0.0,,0.4046497344970703,0.34435033798217773,0.003053929008311586,0.25673526525497437,0.25673526525497437,0.24278110265731812,54,0,0.0,0.0,0.0
26,0.0,0.0,,0.13425004482269287,0.3538999557495117,-0.0028030181064838287,-0.05603024032380846,-0.05603024032380846,-0.053715089602129784,28,0,0.0,0.0,0.0
19,1.0,0.0,,0.4803497791290283,0.1585716920740463,0.0025997737804973596,0.19842417627318293,0.19842417627318293,0.1650973057045656,100,0,0.0,0.0,0.0
2,1.0,0.0,,0.1647500991821289,1.7729997634887695,0.00042311313822393943,0.030251963525755793,0.030251963525755793,0.018444846073786436,11,0,0.0,0.0,0.0
17,1.0,0.0,,0.09705018997192383,0.4318501949310303,0.000727204458357917,0.01643676683306694,0.01643676683306694,0.01808127760887146,88,0,0.0,0.0,0.0
23,0.0,0.0,,0.16950035095214844,0.8109469413757324,7.1185334755519784e-06,0.00819853635934683,0.00819853635934683,0.008795507252216339,100,0,0.0,0.0,0.0
22,0.0,0.0,,0.0,18.108747959136963,-0.00345399744205629,-0.33988022804260254,-0.33988022804260254,-0.31168118119239807,0,0,0.0,0.0,0.0
23,0.0,0.0,,0.07500028610229492,25.863147497177124,-0.001098410618632309,-0.289311945438385,-0.289311945438385,-0.24424999952316284,9,0,0.0,0.0,0.0
7,1.0,0.0,,0.0792999267578125,0.33769989013671875,-0.0004713933756927584,-0.021527158908354924,-0.021527158908354924,-0.01364837082290149,96,0,0.0,0.0,0.0
26,0.0,0.0,,0.0,34.78160321712494,-0.017451178696346013,-1.1750428992458897,-1.1750428992458897,-1.1086756734656107,0,0,0.0,0.0,0.0
24,0.0,0.0,,0.0946500301361084,11.423401355743408,-0.004560149066656764,-0.17804530262947083,-0.17804530262947083,-0.1859625279903412,18,1,7.0,3.5028034083031443,19.96515926349583
17,1.0,0.0,,0.24409985542297363,1.1025018692016602,-0.0019029452332731587,0.04228970780968666,0.04228970780968666,0.02973124384880066,18,0,0.0,0.0,0.0
7,1.0,0.0,,0.0,22.481181383132935,0.0010208588014449349,-0.2214528169387426,-0.2214528169387426,-0.2353408369753096,0,0,0.0,0.0,0.0
13,1.0,0.0,,0.010799884796142578,22.849268317222595,-0.0004684526535977664,-0.3111741828103351,-0.3111741828103351,-0.29827742278575897,3,0,0.0,0.0,0.0
17,1.0,0.0,,0.1904001235961914,1.919750690460205,-0.0010376606614385068,0.02927348017692566,0.02927348017692566,0.020293712615966797,51,0,0.0,0.0,0.0
14,0.0,0.0,,0.539100170135498,0.45424938201904297,0.0034751405348501445,0.152752627674331,0.152752627674331,0.1586719962858384,102,0,0.0,0.0,0.0
1,1.0,0.0,,0.48224925994873047,0.24685144424438477,0.0032059076201129875,0.21068847179412842,0.21068847179412842,0.21906834840774536,113,0,0.0,0.0,0.0
5,0.0,0.0,,0.1914501190185547,0.03130054473876953,0.001164601170680301,0.0804179459810257,0.0804179459810257,0.07938128709793091,72,0,0.0,0.0,0.0
6,0.0,0.0,,0.3334503173828125,0.8293485641479492,0.0025401718850977515,0.013379590585827827,0.013379590585827827,-0.01035618782043457,107,0,0.0,0.0,0.0
25,0.0,0.0,,0.13739991188049316,5.633353233337402,-0.00017025226023119683,-0.09756801277399063,-0.09756801277399063,-0.08136257529258728,32,0,0.0,0.0,0.0
21,0.0,0.0,,0.028100013732910156,28.531748056411743,-0.002080435510194704,-0.43691274523735046,-0.43691274523735046,-0.40759366750717163,3,0,0.0,0.0,0.0
23,0.0,0.0,,0.6010499000549316,0.2840003967285156,0.005938820616048351,0.3163973093032837,0.3163973093032837,0.29766249656677246,106,0,0.0,0.0,0.0
7,0.0,0.0,,0.028600215911865234,41.22185230255127,-0.01819725926568488,-1.2538793087005615,-1.2538793087005615,-1.2003750801086426,5,0,0.0,0.0,0.0
22,0.0,0.0,,0.0,23.188345670700073,-0.0031335975542528534,-0.3948315680027008,-0.3948315680027008,-0.37138742208480835,0,0,0.0,0.0,0.0
2,0.0,0.0,,0.20190000534057617,1.8478500843048096,-0.0037234565487787477,-0.2735256476280017,-0.2735256476280017,-0.2698037080348484,6,0,0.0,0.0,0.0
2,1.0,0.0,,0.05539989471435547,3.0218968391418457,0.00039535153033441137,-0.030447816476225853,-0.030447816476225853,-0.03205615282058716,99,0,0.0,0.0,0.0
3,0.0,0.0,,0.05280017852783203,5.153400897979736,-0.00437579637100514,-0.21526336669921875,-0.21526336669921875,-0.22861266136169434,38,0,0.0,0.0,0.0
23,0.0,0.0,,0.05515027046203613,5.198646545410156,-0.0033548332153558362,-0.1940182162146283,-0.1940182162146283,-0.17653414959665037,17,0,0.0,0.0,0.0
7,0.0,0.0,,0.32145023345947266,0.009799957275390625,0.0018850300505659752,0.12922528386116028,0.12922528386116028,0.12355631589889526,81,0,0.0,0.0,0.0
4,0.0,0.0,,0.4259505271911621,0.2922987937927246,0.00347773021102375,0.2579417824745178,0.2579417824745178,0.2245941162109375,82,0,0.0,0.0,0.0
16,0.0,0.0,,0.0,60.96881413459778,-0.007521185822916989,-1.0802630186080933,-1.0802630186080933,-0.9875252842903137,0,0,0.0,0.0,0.0
4,0.0,0.0,,0.19390010833740234,12.661251544952393,-0.004012417490646079,-0.2544616162776947,-0.2544616162776947,-0.25329387187957764,3,0,0.0,0.0,0.0
9,1.0,0.0,,0.13159990310668945,14.628748893737793,-0.0030482899117415126,-0.31402946231711626,-0.31402946231711626,-0.29620053501505605,9,0,0.0,0.0,0.0
25,0.0,0.0,,0.23565006256103516,4.951750040054321,-0.028371638691222202,-0.6621357294229361,-0.6621357294229361,-0.7456154830513462,71,0,0.0,0.0,0.0
14,0.0,0.0,,0.18654966354370117,1.127901554107666,-0.0022427946305446107,0.0013785362243652344,0.0013785362243652344,-0.004918932914733887,12,0,0.0,0.0,0.0
2,1.0,0.0,,0.06885004043579102,3.8594508171081543,-0.0013379476166480353,-0.08319831639528275,-0.08319831639528275,-0.10331878066062927,28,1,7.0,4.088384698621082,18.650369095695496
2,1.0,0.0,,0.16575002670288086,10.176349878311157,0.0011535166230378202,-0.13846365610758463,-0.13846365610758463,-0.09720154727498687,75,0,0.0,0.0,0.0
25,0.0,0.0,,0.4532003402709961,4.167848587036133,-0.004445305926980315,-0.042645249515771866,-0.042645249515771866,-0.03236868977546692,7,0,0.0,0.0,0.0
23,0.0,0.0,,0.33334994316101074,5.258249998092651,-0.01016502876902286,-0.07800213903443426,-0.07800213903443426,-0.2395699918270111,104,0,0.0,0.0,0.0
12,0.0,0.0,,0.49935007095336914,0.0,0.0006388079118056208,0.2717921438380184,0.2717921438380184,0.26910214183711206,57,0,0.0,0.0,0.0
19,0.0,0.0,,0.7375497817993164,0.15294885635375977,0.00488682931836769,0.4047320783138275,0.4047320783138275,0.3786436915397644,90,0,0.0,0.0,0.0
6,0.0,0.0,,0.6873500347137451,0.8133527934551239,0.004002532397640087,0.11466439259357941,0.11466439259357941,0.14674223959445953,116,0,0.0,0.0,0.0
19,0.0,0.0,,0.26884984970092773,0.27754974365234375,0.0004932060662448396,0.059323105961084366,0.059323105961084366,0.04086250066757202,86,0,0.0,0.0,0.0
19,1.0,0.0,,0.13424992561340332,0.9385999441146851,-0.007312178599250087,-0.621929952222058,-0.621929952222058,-0.5874889162080041,3,0,0.0,0.0,0.0
4,0.0,0.0,,0.3083000183105469,0.12575244903564453,0.001547004741753366,0.1420007199048996,0.1420007199048996,0.14225614070892334,116,0,0.0,0.0,0.0
9,0.0,0.0,,0.0,8.454050064086914,-0.003687145910826299,-0.44352179765701294,-0.44352179765701294,-0.41295620799064636,0,0,0.0,0.0,0.0
18,1.0,0.0,,0.40544986724853516,7.032806396484375,0.005302628136833067,-0.021908702328801155,-0.021908702328801155,-0.0031939148902893066,115,0,0.0,0.0,0.0
13,1.0,0.0,,0.024649858474731445,8.1217520236969,-0.0035761647529745726,-0.4802604078227638,-0.4802604078227638,-0.42497647367706604,1,0,0.0,0.0,0.0
22,0.0,0.0,,0.0,5.280802488327026,-0.0008781345137948978,-0.15574687821233374,-0.15574687821233374,-0.14140022947238046,0,1,8.0,6.307549479088679,14.556600044648615
6,0.0,0.0,,0.2437000274658203,0.46794986724853516,-0.004775439460773946,-0.12146899849176407,-0.12146899849176407,-0.11311262845993042,14,1,8.0,3.529790292440092,15.071271232722228
5,0.0,0.0,,0.5418498516082764,5.003554344177246,0.0010685364391022376,-0.012281287461519241,-0.012281287461519241,0.0005874037742614746,110,1,8.0,3.4534878775174174,19.72428263386395
18,1.0,0.0,,0.0,3.07529878616333,-0.007026387342871949,-0.49926355481147766,-0.49926355481147766,-0.4471874237060547,0,0,0.0,0.0,0.0
12,0.0,0.0,,0.0,36.664849281311035,-0.00980669997926043,-1.0772298574447632,-1.0772298574447632,-0.9946187138557434,0,1,7.0,3.957454929002113,16.241290204614828
24,1.0,0.0,,0.20615005493164062,2.0953497886657715,-0.02203504405983288,-0.6202836036682129,-0.6202836036682129,-0.6253873705863953,41,0,0.0,0.0,0.0
24,0.0,0.0,,0.15594995021820068,4.8765000104904175,-0.012777070887890174,-0.3028055597574283,-0.3028055597574283,-0.45167709734195316,102,0,0.0,0.0,0.0
6,0.0,0.0,,0.0,22.128796577453613,0.000256722638593055,-0.219268336892128,-0.219268336892128,-0.1993812918663025,0,0,0.0,0.0,0.0
12,0.0,0.0,,0.2026500701904297,0.7672989368438721,0.0010415859322025617,0.0953708216547966,0.0953708216547966,0.09640026092529297,60,1,9.0,2.6544264307359424,20.35947198173222
13,0.0,0.0,,0.17634987831115723,13.601655006408691,-0.0029481247443279893,-0.10742633363120577,-0.10742633363120577,-0.06366464495658875,24,0,0.0,0.0,0.0
18,1.0,0.0,,0.4542999267578125,7.558101177215576,0.0034227596025078622,-0.018020128831267357,-0.018020128831267357,-0.0262376070022583,116,0,0.0,0.0,0.0
2,0.0,0.0,,0.028799772262573242,11.613752841949463,-0.00265948949540956,-0.262554794549942,-0.262554794549942,-0.2613125443458557,28,0,0.0,0.0,0.0
14,0.0,0.0,,0.04694986343383789,10.677494525909424,-0.0009904262890185682,-0.11765934526920319,-0.11765934526920319,-0.10928118228912354,19,0,0.0,0.0,0.0
3,1.0,0.0,,0.13704991340637207,0.4109499454498291,-0.0007625850998540151,0.03494979886927156,0.03494979886927156,0.03321254253387451,7,0,0.0,0.0,0.0
15,0.0,0.0,,0.3227999210357666,4.224750995635986,-0.004592990967783235,-0.17379288375377655,-0.17379288375377655,-0.20110639929771423,41,0,0.0,0.0,0.0
19,1.0,0.0,,0.9685001373291016,0.017400264739990234,0.006894819898584909,0.5574460625648499,0.5574460625648499,0.5076500177383423,114,0,0.0,0.0,0.0
21,1.0,0.0,,0.019849777221679688,17.446503488641035,-0.0030312162328978948,-0.48547295780263394,-0.48547295780263394,-0.43738237528773083,4,0,0.0,0.0,0.0
25,0.0,0.0,,0.2258000373840332,4.961600065231323,-0.026909329104956015,-0.6300383174521291,-0.6300383174521291,-0.7312608750729725,73,0,0.0,0.0,0.0
6,0.0,0.0,,0.12709999084472656,7.42194938659668,0.00039499536558386573,-0.09020381420850754,-0.09020381420850754,-0.07889986038208008,69,0,0.0,0.0,0.0
4,0.0,0.0,,0.37830018997192383,0.33464980125427246,0.0008950120858331916,0.16361495852470398,0.16361495852470398,0.15472495555877686,85,0,0.0,0.0,0.0
3,0.0,0.0,,0.24720001220703125,0.370302677154541,0.0016312227167825442,0.09603136032819748,0.09603136032819748,0.09419351816177368,91,1,7.0,3.859526759224662,21.253241051091752
24,1.0,0.0,,0.14965009689331055,1.3790514469146729,-0.000602044479887936,-0.009971844963729382,-0.009971844963729382,0.018718719482421875,32,0,0.0,0.0,0.0
16,1.0,0.0,,0.08235001564025879,7.576769587539491,-0.03391515492304389,-1.242460596255767,-1.242460596255767,-1.26336937717029,12,0,0.0,0.0,0.0
24,1.0,0.0,,0.2452000379562378,0.05839979648590088,0.0017988414043194846,0.12124728443276167,0.12124728443276167,0.09499862056875985,49,0,0.0,0.0,0.0
9,0.0,0.0,,0.17044973373413086,2.4001965522766113,-0.0009912478575257507,0.02813640423119068,0.02813640423119068,0.016600072383880615,25,0,0.0,0.0,0.0
24,0.0,0.0,,0.1609499454498291,0.8065497875213623,-0.0006262801345180123,0.0044906181283295155,0.0044906181283295155,-0.00452500581741333,33,0,0.0,0.0,0.0
21,0.0,0.0,,0.19169998168945312,2.7244258562723793,0.002241456100041242,-0.04158676893283161,-0.04158676893283161,-0.029808537345943964,64,0,0.0,0.0,0.0
3,0.0,0.0,,0.061249732971191406,6.88460636138916,-0.0015658815554121135,-0.06951740154853234,-0.06951740154853234,-0.06567632953325908,9,0,0.0,0.0,0.0
4,0.0,0.0,,0.13284969329833984,25.786826274006856,0.004284375859453083,-0.2691722945270375,-0.2691722945270375,-0.23150096413701093,116,0,0.0,0.0,0.0
24,0.0,0.0,,0.22585010528564453,0.6231999397277832,0.001867905521520019,0.0784478560090065,0.0784478560090065,0.0807187557220459,108,0,0.0,0.0,0.0
18,1.0,0.0,,0.10235023498535156,9.557250499725342,-0.003357028798255669,-0.27230724692344666,-0.27230724692344666,-0.2697375416755676,8,0,0.0,0.0,0.0
24,1.0,0.0,,0.08144998550415039,0.7542500495910645,-0.001964534434298377,-0.15370765328407288,-0.15370765328407288,-0.12983745336532593,7,0,0.0,0.0,0.0
14,0.0,0.0,,0.09695005416870117,9.83634877204895,-0.005524978686787482,-0.24269522726535797,-0.24269522726535797,-0.27850615978240967,26,0,0.0,0.0,0.0
17,1.0,0.0,,0.5748000144958496,0.09814977645874023,0.0036139236756839144,0.27632224559783936,0.27632224559783936,0.2393750548362732,76,0,0.0,0.0,0.0
24,1.0,0.0,,0.10630011558532715,0.5487487316131592,-0.0006685310605671727,-0.01742337830364704,-0.01742337830364704,-0.019131124019622803,29,2,10.0,3.9295261202797347,26.424709419158788
24,1.0,0.0,,0.4218001365661621,0.5836999416351318,-0.0024872924903900848,0.18190278966202691,0.18190278966202691,0.15035832093167212,50,0,0.0,0.0,0.0
18,1.0,0.0,,0.08409976959228516,8.68510103225708,-0.0038990058646533442,-0.1985158771276474,-0.1985158771276474,-0.16550004482269287,25,0,0.0,0.0,0.0
14,0.0,0.0,,0.14964985847473145,14.783861637115479,-0.002725453519318336,-0.17004445067837706,-0.17004445067837706,-0.15531888333233923,10,0,0.0,0.0,0.0
13,0.0,0.0,,0.14335012435913086,2.057847499847412,-0.0007007383355547129,-0.07789548951336461,-0.07789548951336461,-0.06861312314867973,69,0,0.0,0.0,0.0
16,0.0,0.0,,0.4069499969482422,10.026694536209106,0.004437245257396105,-0.09651997685432434,-0.09651997685432434,-0.0574248731136322,114,0,0.0,0.0,0.0
10,1.0,0.0,,0.317349910736084,2.8741021156311035,0.002195551616974145,0.00380909544789893,0.00380909544789893,0.009028061576511592,106,0,0.0,0.0,0.0
3,0.0,0.0,,0.29566537198566234,2.415510936216874,0.0033647544063498233,0.09285299696473992,0.09285299696473992,0.11145542465247116,110,0,0.0,0.0,0.0
25,0.0,0.0,,0.17109966278076172,3.8876962661743164,0.0014901625532868772,-0.04160076007246971,-0.04160076007246971,-0.046474963426589966,88,0,0.0,0.0,0.0
5,0.0,0.0,,0.3834505081176758,1.0878963470458984,0.002489407121233888,0.029357001185417175,0.029357001185417175,0.03001880645751953,107,2,7.0,3.714099074212742,16.988381955043295
22,0.0,0.0,,0.11179995536804199,6.0589988231658936,0.0018855265031537402,-0.11352092027664185,-0.11352092027664185,-0.11273747682571411,111,0,0.0,0.0,0.0
22,0.0,0.0,,0.3016996383666992,0.11530065536499023,0.0022903891301033247,0.07776828855276108,0.07776828855276108,0.07484370470046997,116,0,0.0,0.0,0.0
21,1.0,0.0,,0.23559951782226562,2.0596518516540527,-0.001360278496947121,0.056548118591308594,0.056548118591308594,0.03761225938796997,44,1,8.0,3.642798978783072,18.20700401450663
11,0.0,0.0,,0.35524988174438477,0.372999906539917,0.0018522842507526075,0.10251025855541229,0.10251025855541229,0.11705002188682556,99,0,0.0,0.0,0.0
13,0.0,0.0,,0.3063502311706543,1.5666999816894531,-0.004969949086592912,0.02457817643880844,0.02457817643880844,0.014456212520599365,68,0,0.0,0.0,0.0
19,0.0,0.0,,0.5167385431436387,0.0,0.0030933796406385342,0.17385454768808478,0.17385454768808478,0.14961355007611787,87,0,0.0,0.0,0.0
7,1.0,0.0,,0.07199978828430176,2.0219058990478516,-1.617568117328378e-05,-0.046581994773995154,-0.046581994773995154,-0.04101269357103521,66,0,0.0,0.0,0.0
23,0.0,0.0,,0.21089982986450195,1.8651983737945557,0.0006294988621540501,0.020283397287130356,0.020283397287130356,0.019950032234191895,104,0,0.0,0.0,0.0
25,0.0,0.0,,0.10430002212524414,3.8757500648498535,-0.010050498671564002,-0.2527838196509924,-0.2527838196509924,-0.35043616675668293,5,1,10.5,3.5469122071484187,11.982463594024846
17,1.0,0.0,,0.0,21.406404733657837,-0.006787195478160728,-0.9104540944099426,-0.9104540944099426,-0.8492501974105835,0,0,0.0,0.0,0.0
18,1.0,0.0,,0.16090011596679688,0.42409706115722656,0.0006211964082831515,0.013415108434855938,0.013415108434855938,0.01623135805130005,114,0,0.0,0.0,0.0
8,1.0,0.0,,0.43269991874694824,0.0,0.0017694306092405974,0.2460280805826187,0.2460280805826187,0.22386860847473145,95,0,0.0,0.0,0.0
25,0.0,0.0,,0.29559993743896484,7.75225043296814,-0.015522795242372798,-0.38634151220321655,-0.38634151220321655,-0.4109063148498535,47,0,0.0,0.0,0.0
24,0.0,0.0,,0.4501500129699707,0.1114504337310791,0.004745587226229005,0.22494016587734222,0.22494016587734222,0.22213119268417358,108,0,0.0,0.0,0.0
14,0.0,0.0,,0.29594993591308594,1.5443472862243652,0.0024766027744285604,0.06968146104079026,0.06968146104079026,0.07292300988646117,89,0,0.0,0.0,0.0
14,0.0,0.0,,0.6534497737884521,0.09584999084472656,0.004454286980031214,0.3231110623759082,0.3231110623759082,0.33765785518017677,115,0,0.0,0.0,0.0
21,0.0,0.0,,0.4136500358581543,3.1827499866485596,0.004495131386884364,0.08631197363138199,0.08631197363138199,0.08889371156692505,111,0,0.0,0.0,0.0
17,1.0,0.0,,0.21545004844665527,0.025750160217285156,0.0006045938140187025,0.13778164982795715,0.13778164982795715,0.12700003385543823,50,1,7.5,3.5404603087622233,16.65620838075882
1,1.0,0.0,,0.0,14.254194498062134,-0.005822374077573855,-0.4121078848838806,-0.4121078848838806,-0.381368488073349,0,0,0.0,0.0,0.0
23,0.0,0.0,,0.053949832916259766,19.393453359603882,-0.005544485007756,-0.3299654722213745,-0.3299654722213745,-0.32268762588500977,11,0,0.0,0.0,0.0
4,0.0,0.0,,0.045799970626831055,34.973996281623855,-0.00029324974656653465,-0.3429422684204884,-0.3429422684204884,-0.3082896638372426,1,0,0.0,0.0,0.0
22,0.0,0.0,,0.04760003089904785,5.545498251914978,-0.003540411221209711,-0.17509904274573693,-0.17509904274573693,-0.19011693696180987,17,0,0.0,0.0,0.0
24,1.0,0.0,,0.0489499568939209,2.303349018096924,-0.0007343870319830138,-0.08705639094114304,-0.08705639094114304,-0.09373122453689575,1,0,0.0,0.0,0.0
24,1.0,0.0,,0.20959997177124023,3.05224871635437,-0.0020362473836158294,-0.0033315918408334255,-0.0033315918408334255,-0.0014374852180480957,22,0,0.0,0.0,0.0
10,1.0,0.0,,0.35754990577697754,2.4708689726316013,0.0004903645515370431,-0.06865981093838687,-0.06865981093838687,-0.03210309344333617,113,1,8.0,3.8729817994129254,20.835850474742408
13,0.0,0.0,,0.3491499423980713,4.681699514389038,0.0011848870165014449,-0.1691653392253778,-0.1691653392253778,-0.1427124468910117,114,0,0.0,0.0,0.0
17,1.0,0.0,,0.0686500072479248,4.22964882850647,-0.00044442276446650565,-0.07723971456289291,-0.07723971456289291,-0.06561872363090515,112,0,0.0,0.0,0.0
4,0.0,0.0,,0.2894001007080078,3.1661458015441895,0.002140481046585655,0.05261936038732529,0.05261936038732529,0.07550010085105896,93,0,0.0,0.0,0.0
6,0.0,0.0,,0.31129980087280273,1.484659194946289,0.0015492415688628802,0.043345000594854355,0.043345000594854355,0.07023102045059204,69,0,0.0,0.0,0.0
4,0.0,0.0,,0.10864973068237305,6.963095664978027,-0.0013672895999186942,-0.08188324421644211,-0.08188324421644211,-0.10050615668296814,5,0,0.0,0.0,0.0
5,0.0,0.0,,0.9439506530761719,0.0707998275756836,0.0033147654223040835,0.6879443526268005,0.6879443526268005,0.6353065967559814,43,0,0.0,0.0,0.0
14,0.0,0.0,,0.5023500919342041,0.42224979400634766,-0.00044519669112079105,0.19015534515054816,0.19015534515054816,0.21032502163540234,43,0,0.0,0.0,0.0
14,0.0,0.0,,0.11734962463378906,0.00424957275390625,0.0009502510523620651,0.06352310627698898,0.06352310627698898,0.058431148529052734,107,0,0.0,0.0,0.0
16,1.0,0.0,,0.0,55.67555332183838,-0.017325964844223798,-1.5674375295639038,-1.5674375295639038,-1.490687370300293,0,0,0.0,0.0,0.0
18,1.0,0.0,,0.36824989318847656,0.0345005989074707,0.0019977128650946717,0.13015347719192505,0.13015347719192505,0.13670587539672852,99,0,0.0,0.0,0.0
2,0.0,0.0,,0.10664987564086914,12.36274528503418,-0.0006138664545389257,-0.1462918072938919,-0.1462918072938919,-0.15261238813400269,1,0,0.0,0.0,0.0
14,0.0,0.0,,0.1518998146057129,0.09145164489746094,1.898612084840566e-05,0.05369412899017334,0.05369412899017334,0.06213092803955078,20,0,0.0,0.0,0.0
23,0.0,0.0,,0.3439497947692871,0.31080007553100586,-0.0013967650610067646,0.10016456246376038,0.10016456246376038,0.08646255731582642,56,0,0.0,0.0,0.0
4,0.0,0.0,,0.4993000030517578,0.9823997020721436,0.004288839183415151,0.23073042929172516,0.23073042929172516,0.22828760743141174,108,0,0.0,0.0,0.0
15,0.0,0.0,,0.6061000823974609,0.21969938278198242,0.0021752749223404263,0.19056931138038635,0.19056931138038635,0.20304381847381592,115,0,0.0,0.0,0.0
19,0.0,0.0,,0.7626500129699707,0.0,0.003811438635417496,0.5943270325660706,0.5943270325660706,0.5413876175880432,115,0,0.0,0.0,0.0
24,1.0,0.0,,0.20144987106323242,1.5273985862731934,0.0014109224812151866,0.0563017763197422,0.0563017763197422,0.06014379858970642,43,0,0.0,0.0,0.0
24,0.0,0.0,,0.25169992446899414,0.09730052947998047,0.0012668002455496318,0.10813398659229279,0.10813398659229279,0.10793101787567139,115,0,0.0,0.0,0.0
7,1.0,0.0,,0.28065013885498047,0.3120999336242676,0.0009346314108543773,0.01849270612001419,0.01849270612001419,0.013143718242645264,91,0,0.0,0.0,0.0
24,0.0,0.0,,0.1807999610900879,0.8697003424167633,0.0019395868994641614,-0.004777389204400217,-0.004777389204400217,0.0008937269449234009,70,1,7.0,4.08260761624911,19.07706036396269
18,1.0,0.0,,0.3585996627807617,0.0,0.002323313771541287,0.13263066112995148,0.13263066112995148,0.12203121185302734,101,0,0.0,0.0,0.0
16,1.0,0.0,,0.32465028762817383,0.27864933013916016,0.00235231091091542,0.11007146537303925,0.11007146537303925,0.10545635223388672,91,0,0.0,0.0,0.0
6,0.0,0.0,,0.10249996185302734,7.829512357711792,-0.002176404588863381,-0.0863361731171608,-0.0863361731171608,-0.10561278462409973,21,0,0.0,0.0,0.0
21,0.0,0.0,,0.08825016021728516,0.8595998287200928,-0.007879948088662185,-0.2519058883190155,-0.2519058883190155,-0.2531123161315918,27,0,0.0,0.0,0.0
4,0.0,0.0,,0.39660072326660156,1.0542950630187988,0.0033345899401976023,0.1215071752667427,0.1215071752667427,0.13216280937194824,112,0,0.0,0.0,0.0
10,1.0,0.0,,0.08625030517578125,2.573849678039551,-0.004041411793107447,-0.169728085398674,-0.169728085398674,-0.19964367151260376,51,1,7.0,3.0801343655928246,16.920725593713584
4,0.0,0.0,,0.3717000484466553,0.21845006942749023,0.00040157128828125556,0.16446714103221893,0.16446714103221893,0.14252501726150513,68,0,0.0,0.0,0.0
14,0.0,0.0,,0.0,28.307809829711914,-0.0019036181371900043,-0.39036592841148376,-0.39036592841148376,-0.37833142280578613,0,0,0.0,0.0,0.0
6,0.0,0.0,,0.2581501007080078,8.96114730834961,0.002050358850482299,-0.0947127640247345,-0.0947127640247345,-0.08633747696876526,112,0,0.0,0.0,0.0
22,0.0,0.0,,0.10294997692108154,13.057748317718506,-0.003949609924912313,-0.20375934472450843,-0.20375934472450843,-0.19168851120131358,6,0,0.0,0.0,0.0
7,1.0,0.0,,0.22644996643066406,2.5219483375549316,-0.0018211183755346954,-0.00517426198348403,-0.00517426198348403,-0.05187493562698364,7,1,10.5,4.626347538583513,16.13356629591064
24,1.0,0.0,,0.1374499797821045,1.4440498352050781,-0.0024465708050245287,-0.055502574890851974,-0.055502574890851974,-0.0879562497138977,5,0,0.0,0.0,0.0
10,1.0,0.0,,0.6559500694274902,0.0,0.004279724380408062,0.2519859289511656,0.2519859289511656,0.27713398706345327,114,0,0.0,0.0,0.0
19,0.0,0.0,,0.8448998928070068,0.44374331561001856,0.008985208608236327,0.39797165658738876,0.39797165658738876,0.39467858455397864,96,0,0.0,0.0,0.0
9,0.0,0.0,,0.3853501081466675,0.29771585568137837,0.004151544611618615,0.1491985820297502,0.1491985820297502,0.1443479605343031,100,1,8.0,6.2907091437571525,13.94325245161874
14,0.0,0.0,,0.09419965744018555,0.5244512557983398,2.042519486890689e-05,0.02594776079058647,0.02594776079058647,0.02360612154006958,109,0,0.0,0.0,0.0
7,0.0,0.0,,0.08660030364990234,3.1780476570129395,-0.0005478036707534382,-0.04746406525373459,-0.04746406525373459,-0.0561375617980957,99,0,0.0,0.0,0.0
15,1.0,0.0,,0.4203500747680664,0.07649946212768555,0.003411665901593741,0.1753932535648346,0.1753932535648346,0.1786251664161682,109,0,0.0,0.0,0.0
16,0.0,0.0,,0.19359970092773438,2.455200672149658,-0.0027088142044814443,-0.08732888847589493,-0.08732888847589493,-0.10522538423538208,89,0,0.0,0.0,0.0
21,0.0,0.0,,0.1960000991821289,11.072440404316477,-0.0009425332731705342,-0.34902871215445364,-0.34902871215445364,-0.30975510587392774,115,0,0.0,0.0,0.0
17,1.0,0.0,,0.0,30.111299991607666,-0.001670773866573952,-0.3965085744857788,-0.3965085744857788,-0.374931275844574,0,0,0.0,0.0,0.0
6,0.0,0.0,,0.0,60.96380639076233,-0.00776134052831703,-1.0002583265304565,-1.0002583265304565,-0.9640499949455261,0,0,0.0,0.0,0.0
4,0.0,0.0,,0.3586001396179199,0.2017498016357422,-0.0008432283111223777,0.11588729172945023,0.11588729172945023,0.11757513880729675,73,0,0.0,0.0,0.0
24,0.0,0.0,,0.24030017852783203,0.26799964904785156,-0.0005167565760725179,0.08983992040157318,0.08983992040157318,0.07842513918876648,54,0,0.0,0.0,0.0
25,0.0,0.0,,0.050749897956848145,24.098102569580078,-0.010941115567427244,-0.5100124768721752,-0.5100124768721752,-0.4904770294302388,1,0,0.0,0.0,0.0
17,1.0,0.0,,0.026900053024291992,19.83400011062622,-0.0008356935958749117,-0.23914742469787598,-0.23914742469787598,-0.20798122882843018,20,0,0.0,0.0,0.0
23,0.0,0.0,,0.14529991149902344,5.552962064743042,-0.0009395674496974417,-0.09490761160850525,-0.09490761160850525,-0.09333157539367676,112,0,0.0,0.0,0.0
7,1.0,0.0,,0.4068002700805664,0.0,0.0012598831126336512,0.2806585133075714,0.2806585133075714,0.2654874324798584,26,0,0.0,0.0,0.0
4,0.0,0.0,,0.5330002307891846,2.6803441047668457,0.005203090073630773,0.13537155091762543,0.13537155091762543,0.1694689393043518,116,0,0.0,0.0,0.0
6,0.0,0.0,,0.5433502197265625,0.00010013580322265625,0.0026774202025323093,0.25274404883384705,0.25274404883384705,0.22315633296966553,88,0,0.0,0.0,0.0
3,0.0,0.0,,0.43955039978027344,0.017049789428710938,0.0008851202980346434,0.22162801027297974,0.22162801027297974,0.19916272163391113,84,0,0.0,0.0,0.0
17,1.0,0.0,,0.05525016784667969,2.709096670150757,-0.001184236140640538,-0.04204174503684044,-0.04204174503684044,-0.0533999502658844,1,0,0.0,0.0,0.0
21,1.0,0.0,,0.5961499214172363,0.04620027542114258,0.004827777514287417,0.36811476945877075,0.36811476945877075,0.35276877880096436,108,0,0.0,0.0,0.0
21,0.0,0.0,,0.3296997547149658,0.8873007297515869,0.0029748581791665812,0.07111537456512451,0.07111537456512451,0.07546865940093994,106,0,0.0,0.0,0.0
9,0.0,0.0,,0.14300012588500977,1.0694999694824219,-0.0009625375405126425,-0.06510019302368164,-0.06510019302368164,-0.07581048100082954,94,0,0.0,0.0,0.0
15,0.0,0.0,,0.0,34.68665409088135,-0.005887545136428268,-0.757503092288971,-0.757503092288971,-0.7139251232147217,0,0,0.0,0.0,0.0
22,0.0,0.0,,0.4133000373840332,0.4132663819097697,0.0036655507484803854,0.20313532128293288,0.20313532128293288,0.18151968179210543,113,0,0.0,0.0,0.0
21,0.0,0.0,,0.9833500385284424,0.027599811553955078,0.0023382666255553504,0.5017101433542039,0.5017101433542039,0.46266165247251245,57,0,0.0,0.0,0.0
21,0.0,0.0,,1.7658500671386719,0.0,0.009850247373251606,1.4426402536212888,1.4426402536212888,1.3587919970353444,65,0,0.0,0.0,0.0
13,1.0,0.0,,0.5280292232831325,0.33284854888916016,-0.0008646681786960269,0.13538561111841446,0.13538561111841446,0.1001938978830973,23,0,0.0,0.0,0.0
6,0.0,0.0,,0.0,7.354001522064209,-0.007533697824790139,-0.4550039768218994,-0.4550039768218994,-0.4117000699043274,0,0,0.0,0.0,0.0
13,0.0,0.0,,0.14460015296936035,5.117249965667725,-0.04826471433296191,-2.247282019028297,-2.247282019028297,-2.1955394393850844,12,0,0.0,0.0,0.0
23,0.0,0.0,,0.35284996032714844,0.553849458694458,-0.0017055720155625589,0.10693183541297913,0.10693183541297913,0.09635639190673828,54,0,0.0,0.0,0.0
10,1.0,0.0,,0.27754998207092285,6.373698711395264,-0.00536462655180563,-0.20325121512779823,-0.20325121512779823,-0.17350000143051147,11,0,0.0,0.0,0.0
23,0.0,0.0,,0.3312497138977051,0.0,0.0006321456052932244,0.1729791760444641,0.1729791760444641,0.16026854515075684,116,0,0.0,0.0,0.0
14,0.0,0.0,,0.5779500007629395,5.849550008773804,-0.01307577462857272,0.011336938947693876,0.011336938947693876,-0.17197876239751841,96,0,0.0,0.0,0.0
24,1.0,0.0,,0.38000011444091797,0.02319955825805664,0.0025434328609390457,0.15361301600933075,0.15361301600933075,0.1555752158164978,89,0,0.0,0.0,0.0
17,1.0,0.0,,0.13829994201660156,1.031050443649292,-0.0028696731321336015,-0.04556158557534218,-0.04556158557534218,-0.07672503590583801,19,0,0.0,0.0,0.0
9,1.0,0.0,,0.5555002689361572,0.6889491081237793,0.005534361408931671,0.21046051510378846,0.21046051510378846,0.21386039940019463,112,0,0.0,0.0,0.0
1,1.0,0.0,,0.20044994354248047,2.247246265411377,0.002302500982572811,0.02538900263607502,0.02538900263607502,0.030837535858154297,97,0,0.0,0.0,0.0
19,0.0,0.0,,0.4461885782388535,0.03987664442795946,0.0018672806584341451,0.15124047617627007,0.15124047617627007,0.1299394988096677,58,0,0.0,0.0,0.0
24,1.0,0.0,,0.13670015335083008,0.5631461143493652,-0.00030488320050391554,0.013578838668763638,0.013578838668763638,0.011906474828720093,27,2,8.5,4.038349226010971,22.64120291365429
13,1.0,0.0,,0.5062499046325684,0.3070502281188965,0.002740345321498865,0.30031752586364746,0.30031752586364746,0.3310062885284424,59,0,0.0,0.0,0.0
14,0.0,0.0,,0.6061499118804932,5.581377148628235,0.007188145991690405,0.13887965271615574,0.13887965271615574,0.13713404810165652,109,0,0.0,0.0,0.0
18,1.0,0.0,,0.03789997100830078,1.4134998321533203,-0.006084083072695682,-0.38629257678985596,-0.38629257678985596,-0.38455599546432495,1,0,0.0,0.0,0.0
25,0.0,0.0,,0.22925043106079102,1.0603978633880615,-0.0014768775516391045,0.06459932029247284,0.06459932029247284,0.06116265058517456,17,0,0.0,0.0,0.0
23,0.0,0.0,,0.1923999786376953,0.13940000534057617,-0.00019961664760951865,0.023321473971009254,0.023321473971009254,0.01905006170272827,62,0,0.0,0.0,0.0
22,0.0,0.0,,0.33610010147094727,0.0,0.0012912319169172193,0.21291299164295197,0.21291299164295197,0.18948763608932495,81,0,0.0,0.0,0.0
24,1.0,0.0,,0.18595004081726074,4.63224995136261,-0.019812803822636983,-0.4368956664688567,-0.4368956664688567,-0.5230016545815901,62,0,0.0,0.0,0.0
18,1.0,0.0,,0.25514984130859375,1.6528501510620117,-0.01399152752207242,-0.32623711228370667,-0.32623711228370667,-0.2722187638282776,48,0,0.0,0.0,0.0
16,1.0,0.0,,0.3885502815246582,0.09424924850463867,0.0016339555319978855,0.10557454824447632,0.10557454824447632,0.1245376467704773,116,0,0.0,0.0,0.0
22,0.0,0.0,,0.0,1.8061503171920776,-0.0024481661114157728,-0.23294666995350113,-0.23294666995350113,-0.21670630077521003,0,2,8.0,3.7143526588068427,19.67916952680666
21,1.0,0.0,,0.12299990653991699,0.61680006980896,-0.0019869327264094893,-0.1482475720919095,-0.1482475720919095,-0.12081015806693518,36,0,0.0,0.0,0.0
24,1.0,0.0,,0.20044994354248047,0.19410014152526855,0.00014711743494156233,0.07127775996923447,0.07127775996923447,0.06011876463890076,41,2,8.5,4.038349226010971,22.64120291365429
24,0.0,0.0,,0.14400005340576172,0.0,-7.082141017915248e-05,0.07288564741611481,0.07288564741611481,0.07075011730194092,100,1,7.0,3.8237620011887747,18.174382385941442
3,0.0,0.0,,0.8033499717712402,0.0167999267578125,0.00780866762919661,0.4004760970417251,0.4004760970417251,0.3728069766638751,68,0,0.0,0.0,0.0
19,1.0,0.0,,0.0,4.159399032592773,-0.011222102433435476,-0.9345070123672485,-0.9345070123672485,-0.8918622732162476,0,0,0.0,0.0,0.0
14,0.0,0.0,,0.021599769592285156,0.6654000282287598,-0.005562613927186654,-0.4104363024234772,-0.4104363024234772,-0.39376235008239746,2,0,0.0,0.0,0.0
4,0.0,0.0,,0.27090024948120117,1.7298471927642822,-0.001151352239628001,0.03095400147140026,0.03095400147140026,0.0022313594818115234,27,0,0.0,0.0,0.0
23,0.0,0.0,,0.0462493896484375,0.0941004753112793,4.554233617624956e-05,-0.009368126280605793,-0.009368126280605793,-0.003262639045715332,89,0,0.0,0.0,0.0
2,0.0,0.0,,0.14975011348724365,4.688699960708618,-0.035266302832934866,-1.1565328561342683,-1.1565328561342683,-1.1827049632332085,24,0,0.0,0.0,0.0
24,0.0,0.0,,0.11300015449523926,0.48994946479797363,-0.0002497884306064227,-0.04569145756908971,-0.04569145756908971,-0.022974641304678967,30,0,0.0,0.0,0.0
25,0.0,0.0,,0.15400004386901855,26.903701066970825,-0.005763577536688835,-0.2483512908220291,-0.2483512908220291,-0.24534374475479126,41,0,0.0,0.0,0.0
24,0.0,0.0,,0.310962413038526,2.148853302001953,0.0035577734197087692,0.016012515777196618,0.016012515777196618,0.04354143159730095,111,0,0.0,0.0,0.0
8,1.0,0.0,,0.13635015487670898,6.679699897766113,-0.04748272488706479,-1.1965370697852895,-1.1965370697852895,-1.2899268097602403,74,0,0.0,0.0,0.0
18,1.0,0.0,,0.6682500839233398,0.0,0.0038837010847330438,0.3701636493206024,0.3701636493206024,0.31123751401901245,100,0,0.0,0.0,0.0
4,0.0,0.0,,0.4149503707885742,1.260648250579834,0.0026742088333620603,0.0630616545677185,0.0630616545677185,0.07599389553070068,112,0,0.0,0.0,0.0
19,1.0,0.0,,0.4261000156402588,0.1349501609802246,0.0016309337214797314,0.14113423763177332,0.14113423763177332,0.1040077759939082,95,0,0.0,0.0,0.0
14,0.0,0.0,,0.10255002975463867,1.9239544868469238,0.00034138274147433743,0.004415271803736687,0.004415271803736687,-0.0004750490188598633,54,0,0.0,0.0,0.0
4,0.0,0.0,,0.2626500129699707,2.150848627090454,-1.2105578390375652e-06,0.0307850893586874,0.0307850893586874,0.03501880168914795,74,0,0.0,0.0,0.0
13,0.0,0.0,,0.6474001407623291,1.896496295928955,0.0033389245612761354,0.0899454772981823,0.0899454772981823,0.10023766756057739,92,0,0.0,0.0,0.0
26,0.0,0.0,,0.07505035400390625,0.484799861907959,-0.0005404830602420549,-0.04265840724110603,-0.04265840724110603,-0.047624826431274414,45,0,0.0,0.0,0.0
15,0.0,0.0,,0.14599990844726562,2.954949975013733,-0.01074411681713979,-0.21896665524213743,-0.21896665524213743,-0.2220938616472743,79,0,0.0,0.0,0.0
24,0.0,0.0,,0.48435020446777344,0.0,0.004249322133743915,0.2850920259952545,0.2850920259952545,0.26975637674331665,99,0,0.0,0.0,0.0
7,0.0,0.0,,0.2283000946044922,9.884678840637207,-0.0003380588086791987,-0.08025568723678589,-0.08025568723678589,-0.07943099737167358,59,1,9.5,3.5334913694876717,14.06372727755522
25,0.0,0.0,,0.13860011100769043,3.9852495193481445,-0.0023727762405967635,-0.20567776262760162,-0.20567776262760162,-0.1908624768257141,7,0,0.0,0.0,0.0
25,0.0,0.0,,0.1511993408203125,4.787512540817261,0.001778479515956856,-0.05848654732108116,-0.05848654732108116,-0.04570022225379944,85,0,0.0,0.0,0.0
18,1.0,0.0,,0.7854502201080322,0.09750008583068848,-0.0026613107648203304,0.2953137159347534,0.2953137159347534,0.3180750906467438,35,0,0.0,0.0,0.0
13,0.0,0.0,,0.47440004348754883,4.404096841812134,-0.0015421243710706468,-0.032252452312371664,-0.032252452312371664,-0.014277897141723006,29,0,0.0,0.0,0.0
25,0.0,0.0,,0.3076498508453369,1.1643524169921875,0.0016054142334118605,0.03928229585289955,0.03928229585289955,0.018693596124649048,104,0,0.0,0.0,0.0
5,0.0,0.0,,0.444000244140625,0.02129983901977539,0.004157558892581386,0.26702964305877686,0.26702964305877686,0.24993759393692017,88,0,0.0,0.0,0.0
1,1.0,0.0,,0.3598001003265381,0.7003490924835205,0.0011604870629976247,0.01160138692611303,0.01160138692611303,0.03223507404327397,116,0,0.0,0.0,0.0
24,1.0,0.0,,0.06879997253417969,2.025405168533325,0.00037556709008632104,-0.024933887645602226,-0.024933887645602226,-0.024381309747695923,115,0,0.0,0.0,0.0
9,0.0,0.0,,0.16325020790100098,5.052649974822998,-0.02104805571025467,-0.47825852163836485,-0.47825852163836485,-0.5558763742446899,20,2,9.0,6.768512229455467,26.83694031789173
13,1.0,0.0,,0.0,18.836016915738583,-0.0030163628113661226,-0.24990312767843914,-0.24990312767843914,-0.24561405081588483,0,0,0.0,0.0,0.0
23,0.0,0.0,,0.18435001373291016,2.1175005435943604,-0.0019169952598979605,-0.09622310101985931,-0.09622310101985931,-0.06653749942779541,48,1,10.0,2.5071485016493233,20.950700766918622
9,1.0,0.0,,0.29269981384277344,1.087049961090088,0.0031113352279149727,0.11823286861181259,0.11823286861181259,0.08614999055862427,112,0,0.0,0.0,0.0
2,1.0,0.0,,0.20155000686645508,1.4266505241394043,-0.0020353592066121775,-0.016354816034436226,-0.016354816034436226,-0.01921260356903076,34,0,0.0,0.0,0.0
24,0.0,0.0,,0.045349836349487305,0.3527998924255371,-0.00022756051166138085,-0.0292158592492342,-0.0292158592492342,-0.02230006456375122,84,2,9.0,3.245143282049695,18.919100076435353
24,1.0,0.0,,0.09689998626708984,1.9639999866485596,-0.0013748177641843564,-0.04817436262965202,-0.04817436262965202,-0.04570624232292175,13,1,8.0,3.867324102793557,22.741247002909475
16,1.0,0.0,,0.4918999671936035,0.26019954681396484,0.0005425177162283717,0.17225943505764008,0.17225943505764008,0.157412588596344,5,0,0.0,0.0,0.0
8,1.0,0.0,,0.46830010414123535,0.17039990425109863,-0.0007371618506573596,0.2125226855278015,0.2125226855278015,0.2015688419342041,59,0,0.0,0.0,0.0
4,0.0,0.0,,0.5305004119873047,0.3533492088317871,0.003472973924904468,0.2449672371149063,0.2449672371149063,0.25743764638900757,89,0,0.0,0.0,0.0
4,0.0,0.0,,0.2865002155303955,19.19959807395935,-0.0021574097303951223,-0.23727262020111084,-0.23727262020111084,-0.25641247630119324,2,0,0.0,0.0,0.0
25,0.0,0.0,,0.05350005626678467,4.536049962043762,-0.014255848543732574,-0.37666877059855014,-0.37666877059855014,-0.4442568140725295,100,0,0.0,0.0,0.0
10,1.0,0.0,,0.3304004669189453,1.6247930526733398,0.0030788273339641048,0.1287827044725418,0.1287827044725418,0.11348766088485718,58,0,0.0,0.0,0.0
9,1.0,0.0,,0.3561999797821045,5.40529990196228,-0.00989546170776552,-0.07084563450935558,-0.07084563450935558,-0.06255362033843992,63,0,0.0,0.0,0.0
3,1.0,0.0,,0.2073500156402588,0.2513350922128428,0.002110457003744551,0.08461490248003577,0.08461490248003577,0.08076706399088318,116,0,0.0,0.0,0.0
3,1.0,0.0,,0.4690999984741211,0.1284496784210205,0.0020068286330927627,0.18211670716603598,0.18211670716603598,0.1721687838435173,63,1,7.5,5.2194908011585825,8.028247937431214
25,0.0,0.0,,0.13940048217773438,2.2393991947174072,-0.0044130146423950615,-0.3110262453556061,-0.3110262453556061,-0.2809310555458069,28,0,0.0,0.0,0.0
8,1.0,0.0,,0.32054996490478516,3.917354106903076,0.003283001753471741,0.03389858826994896,0.03389858826994896,-0.010318875312805176,75,0,0.0,0.0,0.0
1,1.0,0.0,,0.24950027465820312,0.9059948921203613,0.0017845080091737154,0.08750246465206146,0.08750246465206146,0.07546287775039673,73,0,0.0,0.0,0.0
3,1.0,0.0,,0.029900074005126953,5.283898830413818,-0.0035792341164687905,-0.2957112376506512,-0.2957112376506512,-0.26630961729420566,3,0,0.0,0.0,0.0
4,0.0,0.0,,0.06535005569458008,1.9130499362945557,-0.003468609927725275,-0.2067182958126068,-0.2067182958126068,-0.2093561589717865,45,0,0.0,0.0,0.0
8,1.0,0.0,,0.08590006828308105,5.5039724707603455,-0.001308776642228665,-0.14742619308651003,-0.14742619308651003,-0.1434772803203056,8,0,0.0,0.0,0.0
25,0.0,0.0,,0.37195003032684326,2.8997361239265,0.003473116189469631,0.061776569765857145,0.061776569765857145,0.05112101926523094,94,0,0.0,0.0,0.0
15,1.0,0.0,,0.26020002365112305,0.5458483695983887,-0.000638143066054921,0.08958493644355711,0.08958493644355711,0.09460595566965035,80,0,0.0,0.0,0.0
23,0.0,0.0,,0.4505503177642822,1.8122973442077637,-0.0017784872924563897,0.06712272018194199,0.06712272018194199,0.041281282901763916,33,0,0.0,0.0,0.0
4,0.0,0.0,,0.590749979019165,0.10339999198913574,0.0025471049122283793,0.3622162342071533,0.3622162342071533,0.3261500597000122,97,0,0.0,0.0,0.0
15,1.0,0.0,,0.4211001396179199,1.4284489154815674,0.0015288776722113555,0.019487086524311293,0.019487086524311293,0.004069462899238818,91,0,0.0,0.0,0.0
19,1.0,0.0,,0.05560016632080078,15.143194437026978,-0.008893505490687818,-0.6412317156791687,-0.6412317156791687,-0.6349309086799622,7,0,0.0,0.0,0.0
12,0.0,0.0,,0.1474001407623291,2.2470433712005615,0.0005209737004897767,0.0067365048453211784,0.0067365048453211784,0.015706390142440796,73,0,0.0,0.0,0.0
6,0.0,0.0,,0.4977998733520508,0.11169934272766113,0.002883056068011666,0.2560599446296692,0.2560599446296692,0.266343891620636,104,0,0.0,0.0,0.0
18,1.0,0.0,,0.43939971923828125,0.0,0.0021990725490647414,0.23125071823596954,0.23125071823596954,0.23969364166259766,100,0,0.0,0.0,0.0
9,1.0,0.0,,0.1421499252319336,1.5641026496887207,0.0011063955133476385,-0.0034757057825724282,-0.0034757057825724282,0.0175218260601947,63,0,0.0,0.0,0.0
6,0.0,0.0,,0.09054994583129883,10.964704275131226,-0.005158048023804752,-0.3023950159549713,-0.3023950159549713,-0.3015250861644745,4,1,8.0,2.9402791172975293,17.580575745480175
2,1.0,0.0,,0.10435009002685547,0.07070016860961914,0.00010354229232298051,0.02914879098534584,0.02914879098534584,0.02267509698867798,45,0,0.0,0.0,0.0
14,0.0,0.0,,0.04680013656616211,10.111197233200073,-0.005504146151977206,-0.2874789535999298,-0.2874789535999298,-0.27169978618621826,27,0,0.0,0.0,0.0
18,1.0,0.0,,0.7323999404907227,0.0,0.005756547699016914,0.44388818740844727,0.44388818740844727,0.4204685091972351,107,0,0.0,0.0,0.0
6,0.0,0.0,,0.3087500333786011,4.914699912071228,-0.011152793518472806,-0.08303538041237073,-0.08303538041237073,-0.23972092921083626,38,0,0.0,0.0,0.0
4,0.0,0.0,,0.25660014152526855,1.9717986583709717,-0.0010826995510008766,0.01933637261390686,0.01933637261390686,0.013437539339065552,23,0,0.0,0.0,0.0
14,0.0,0.0,,0.25819993019104004,8.369659185409546,-0.001923384653496926,-0.06563477128998846,-0.06563477128998846,-0.05350641906261444,7,0,0.0,0.0,0.0
19,0.0,0.0,,0.05714988708496094,16.411943435668945,4.694395330133781e-05,-0.1553717404603958,-0.1553717404603958,-0.13596242666244507,110,0,0.0,0.0,0.0
16,1.0,0.0,,0.35850000381469727,0.09544944763183594,0.0036718496612954486,0.16320019960403442,0.16320019960403442,0.1594502329826355,75,0,0.0,0.0,0.0
8,1.0,0.0,,0.1956501007080078,1.9943504333496094,-0.0008885491930290996,0.001799567136913538,0.001799567136913538,-0.010537534952163696,53,0,0.0,0.0,0.0
2,0.0,0.0,,0.9438999891281128,0.029150009155273438,0.007252183938667532,0.4037388629383511,0.4037388629383511,0.4113840740738493,107,0,0.0,0.0,0.0
7,1.0,0.0,,0.038550376892089844,3.530548095703125,-0.0025870425610138633,-0.14581570029258728,-0.14581570029258728,-0.14188110828399658,4,0,0.0,0.0,0.0
5,0.0,0.0,,0.37325000762939453,0.7152996063232422,0.0009228722288020838,0.13501235842704773,0.13501235842704773,0.10602498054504395,95,0,0.0,0.0,0.0
23,0.0,0.0,,0.23270034790039062,0.0946495532989502,0.00015069085289573544,0.07264682370373327,0.07264682370373327,0.06942072544585576,103,0,0.0,0.0,0.0
4,0.0,0.0,,0.5500497817993164,0.566300630569458,0.005042321859301231,0.22181913256645203,0.22181913256645203,0.24058744311332703,114,0,0.0,0.0,0.0
17,1.0,0.0,,0.0,4.504400014877319,-0.007183028470821569,-0.4580855369567871,-0.4580855369567871,-0.4276750981807709,0,2,7.25,3.8774898241552447,20.002845988163152
1,1.0,0.0,,0.16899967193603516,4.736754417419434,-0.001845734042489928,-0.04450056329369545,-0.04450056329369545,-0.03515636920928955,56,2,7.0,2.921987459747129,14.432049012746058
8,1.0,0.0,,0.11420011520385742,0.2346487045288086,0.0007363696856433622,0.04995610937476158,0.04995610937476158,0.052437543869018555,51,0,0.0,0.0,0.0
1,1.0,0.0,,0.16444993019104004,0.9055510759353638,0.0006445119745116676,-0.0029966515353602296,-0.0029966515353602296,-0.011577419363535402,68,0,0.0,0.0,0.0
6,0.0,0.0,,0.09390020370483398,10.011420011520386,0.003879526085701298,-0.07664286631804246,-0.07664286631804246,0.0041800558567046675,53,0,0.0,0.0,0.0
9,1.0,0.0,,0.14025020599365234,1.2494001388549805,-0.008052878702410438,-0.18603693216274947,-0.18603693216274947,-0.19750344466704584,59,1,7.5,3.248358627970808,12.674064922918202
3,1.0,0.0,,0.14644956588745117,0.8070507049560547,-0.0031960785999025692,-0.07152064889669418,-0.07152064889669418,-0.09124386310577393,72,0,0.0,0.0,0.0
17,1.0,0.0,,0.1555497646331787,0.4268500804901123,-0.001421669551763786,-0.02232915163040161,-0.02232915163040161,-0.03170633316040039,29,0,0.0,0.0,0.0
22,0.0,0.0,,0.09314990043640137,4.686400055885315,-0.010379000141324713,-0.25935304776216167,-0.25935304776216167,-0.29505835970242816,24,3,7.333333333333333,3.4737183951139836,17.799917335439808
7,1.0,0.0,,0.3031001091003418,0.6838996410369873,-0.002658394431600054,-0.03895498137188773,-0.03895498137188773,-0.07724881603337919,89,0,0.0,0.0,0.0
26,0.0,0.0,,0.2790498733520508,0.1931002140045166,0.0008371001293626733,0.06603670865297318,0.06603670865297318,0.03948739171028137,102,0,0.0,0.0,0.0
3,1.0,0.0,,0.05154991149902344,4.192902088165283,0.0013400841763987507,-0.10092435032129288,-0.10092435032129288,-0.08888125419616699,79,0,0.0,0.0,0.0
3,0.0,0.0,,0.10290050506591797,14.83759355545044,-0.003279309993856459,-0.2398575097322464,-0.2398575097322464,-0.23538738489151,4,0,0.0,0.0,0.0
9,1.0,0.0,,0.08645033836364746,8.820549488067627,-0.02219691905661304,-1.0353094482014322,-1.0353094482014322,-1.0160719372141056,7,1,7.0,3.4504532573349715,15.61922310278287
22,0.0,0.0,,0.18400001525878906,3.1694235801696773,0.0025902057866311716,0.009934442675011793,0.009934442675011793,0.026680984153536202,98,0,0.0,0.0,0.0
18,1.0,0.0,,0.1294999122619629,1.038949728012085,-0.0006379294540865354,-0.0719367265701294,-0.0719367265701294,-0.04961884021759033,6,0,0.0,0.0,0.0
14,0.0,0.0,,0.5904500484466553,0.02624988555908203,-0.0007640069573750691,0.2576961058836717,0.2576961058836717,0.2479270497957866,27,0,0.0,0.0,0.0
26,0.0,0.0,,0.06099987030029297,14.351751565933228,-0.0017378373784826984,-0.24099062383174896,-0.24099062383174896,-0.22115632891654968,3,1,8.0,3.5916535708879413,24.17025828101157
14,0.0,0.0,,0.045200347900390625,6.625586986541748,-0.00214302919092807,-0.14641201496124268,-0.14641201496124268,-0.13844966888427734,3,0,0.0,0.0,0.0
18,1.0,0.0,,0.34135007858276367,6.387946128845215,0.0035582070948828246,-0.15092678368091583,-0.15092678368091583,-0.14649361371994019,112,0,0.0,0.0,0.0
19,1.0,0.0,,0.10685014724731445,0.2684001922607422,0.0001702138261372437,-0.006630363408476114,-0.006630363408476114,-0.0027188658714294434,114,0,0.0,0.0,0.0
19,0.0,0.0,,0.2548494338989258,0.005450248718261719,0.00010859736359516545,0.13738863170146942,0.13738863170146942,0.1258997917175293,41,0,0.0,0.0,0.0
17,1.0,0.0,,0.1705000400543213,0.11565017700195312,0.00042109650294586256,0.09608077257871628,0.09608077257871628,0.07494375109672546,47,0,0.0,0.0,0.0
8,1.0,0.0,,0.0,15.662041187286377,-0.00041052755764779155,-0.1782999187707901,-0.1782999187707901,-0.1622811257839203,0,0,0.0,0.0,0.0
14,0.0,0.0,,0.0,13.093648433685303,-0.00730506226432238,-1.005576729774475,-1.005576729774475,-0.9443498253822327,0,0,0.0,0.0,0.0
6,0.0,0.0,,0.4125499725341797,1.8636069096972,0.003629410010875213,0.12135413671151185,0.12135413671151185,0.1111644911830143,104,0,0.0,0.0,0.0
15,0.0,0.0,,0.23795032501220703,0.7401466369628906,0.0023432663905760343,0.05311901548988799,0.05311901548988799,0.06286960950604192,112,0,0.0,0.0,0.0
13,1.0,0.0,,0.11600017547607422,7.448262237012386,-0.0013557842849361342,-0.0627304152545766,-0.0627304152545766,-0.07335289839213166,41,0,0.0,0.0,0.0
4,0.0,0.0,,0.10864973068237305,6.963095664978027,-0.0013672895999186942,-0.08188324421644211,-0.08188324421644211,-0.10050615668296814,5,0,0.0,0.0,0.0
17,1.0,0.0,,0.11720013618469238,0.13175058364868164,0.0006538958402937595,0.03881577402353287,0.03881577402353287,0.03834366798400879,80,0,0.0,0.0,0.0
1,1.0,0.0,,0.3406500816345215,0.04185009002685547,-0.00046020086577402785,0.1299714595079422,0.1299714595079422,0.10961878299713135,65,0,0.0,0.0,0.0
23,0.0,0.0,,0.32719993591308594,0.0,0.0024178120359948344,0.20840780436992645,0.20840780436992645,0.1973809003829956,76,0,0.0,0.0,0.0
26,0.0,0.0,,0.12079977989196777,0.6005501747131348,0.0004532078043528325,-0.07435436546802521,-0.07435436546802521,-0.064812570810318,97,0,0.0,0.0,0.0
6,0.0,0.0,,0.055500149726867676,2.5159987211227417,-0.0009952487819765406,-0.0847729862245739,-0.0847729862245739,-0.08687909344832101,1,0,0.0,0.0,0.0
7,1.0,0.0,,0.3215000629425049,0.9651463794708244,0.0012009859470960313,0.11465044918223324,0.11465044918223324,0.08777320623397833,69,1,12.0,2.861393217488149,21.18453962796258
6,0.0,0.0,,0.1977996826171875,0.30695033073425293,-0.0003512835062795844,0.05887719199188753,0.05887719199188753,0.04156224911029516,52,0,0.0,0.0,0.0
24,0.0,0.0,,0.12244987487792969,3.0652501583099365,0.0002761747598787416,-0.04059145227074623,-0.04059145227074623,-0.028968721628189087,113,0,0.0,0.0,0.0
19,0.0,0.0,,0.7843494415283203,0.012599945068359375,0.006789963206339634,0.4028603732585907,0.4028603732585907,0.37824344635009766,103,0,0.0,0.0,0.0
6,0.0,0.0,,0.16156431167356455,7.801868219233624,0.0017349239190955455,-0.033367173284546935,-0.033367173284546935,-0.021321349345129414,114,0,0.0,0.0,0.0
9,0.0,0.0,,0.22240018844604492,4.45400595664978,-0.000977590848720387,-0.007398843765258789,-0.007398843765258789,-0.004081308841705322,3,0,0.0,0.0,0.0
2,1.0,0.0,,0.29960012435913086,2.2997982501983643,0.0023967496648025074,0.032453060150146484,0.032453060150146484,0.06952506303787231,96,0,0.0,0.0,0.0
13,0.0,0.0,,0.0453495979309082,32.74651288986206,-0.0007791744010026744,-0.30414289236068726,-0.30414289236068726,-0.2899250388145447,2,0,0.0,0.0,0.0
21,1.0,0.0,,0.6717000007629395,0.0,0.005834922769947221,0.3950279951095581,0.3950279951095581,0.38158106803894043,110,0,0.0,0.0,0.0
6,0.0,0.0,,0.3334999084472656,1.4707635015249236,0.00239335967314786,0.07183479549538375,0.07183479549538375,0.036526775856812854,78,0,0.0,0.0,0.0
19,1.0,0.0,,0.06914997100830078,11.152952194213867,-0.012624972963035148,-0.8934605121612549,-0.8934605121612549,-0.8667001724243164,2,0,0.0,0.0,0.0
26,0.0,0.0,,0.08664989471435547,2.394651412963867,-0.0003989228605018194,-0.08342698961496353,-0.08342698961496353,-0.08323130011558533,114,1,7.0,4.324179415825486,22.62061383915018
15,0.0,0.0,,0.32547486455816976,0.038849830627441406,0.0018458130615865045,0.17602495046762323,0.17602495046762323,0.1683101702249793,68,0,0.0,0.0,0.0
24,1.0,0.0,,0.2290496826171875,0.9905529022216797,0.0012699188433849833,0.08399303257465363,0.08399303257465363,0.06536233425140381,41,0,0.0,0.0,0.0
22,0.0,0.0,,0.11625003814697266,0.6037015914916992,0.000978726283751726,0.009087896905839443,0.009087896905839443,0.017181098461151123,116,0,0.0,0.0,0.0
14,0.0,0.0,,0.08515024185180664,1.585690975189209,-0.0002872516268955244,-0.008192881941795349,-0.008192881941795349,-0.02473735809326172,68,0,0.0,0.0,0.0
23,0.0,0.0,,0.04324960708618164,0.9496984481811523,-2.0971548895102808e-05,-0.012746521271765232,-0.012746521271765232,-0.011318624019622803,40,0,0.0,0.0,0.0
3,1.0,0.0,,0.7137994766235352,0.0,0.006032133251051212,0.3524962067604065,0.3524962067604065,0.3136683702468872,87,0,0.0,0.0,0.0
18,1.0,0.0,,0.1670999526977539,17.184661865234375,-0.0050646945894229885,-0.309730589389801,-0.309730589389801,-0.31555652618408203,19,0,0.0,0.0,0.0
18,1.0,0.0,,0.6515500545501709,9.587899446487427,-0.004924385499176991,-0.03680766647697514,-0.03680766647697514,-0.055476002395153046,28,0,0.0,0.0,0.0
2,1.0,0.0,,0.2507500648498535,12.833044052124023,-0.0006269326083754346,-0.14419734477996826,-0.14419734477996826,-0.1437249481678009,41,0,0.0,0.0,0.0
1,1.0,0.0,,0.005100250244140625,7.189247369766235,-0.0011467977030252343,-0.19145235954186854,-0.19145235954186854,-0.18824400946150344,91,0,0.0,0.0,0.0
6,0.0,0.0,,0.4067502021789551,0.6435990333557129,0.00028562471816550813,0.0386878065764904,0.0386878065764904,0.021868884563446045,66,0,0.0,0.0,0.0
14,0.0,0.0,,0.7216498851776123,0.14424991607666016,0.004523919739840613,0.31025216008862877,0.31025216008862877,0.30088297697630795,114,0,0.0,0.0,0.0
3,0.0,0.0,,0.07960009574890137,4.4570417404174805,0.00021410446811264365,-0.05123748738541562,-0.05123748738541562,-0.0540311336517334,66,0,0.0,0.0,0.0
3,0.0,0.0,,0.26599979400634766,1.6424024105072021,0.0003536270123851206,0.09306247010190263,0.09306247010190263,0.10967648029327393,115,0,0.0,0.0,0.0
16,0.0,0.0,,0.23839998245239258,2.3708505630493164,-0.0010929872298564964,-0.10531502911168285,-0.10531502911168285,-0.07327231644710774,115,0,0.0,0.0,0.0
9,1.0,0.0,,0.22749996185302734,0.051599979400634766,-0.0008269353530235057,0.08132440596818924,0.08132440596818924,0.08112508058547974,26,0,0.0,0.0,0.0
3,0.0,0.0,,0.10704994201660156,1.5127019882202148,-0.0011846886711015991,-0.11476221680641174,-0.11476221680641174,-0.12259387969970703,3,0,0.0,0.0,0.0
22,0.0,0.0,,0.13635015487670898,0.06349992752075195,0.0006043246806781741,0.05396721301934658,0.05396721301934658,0.046336305516583076,53,1,7.5,10.30648787244788,11.544597749916932
26,0.0,0.0,,0.3101997375488281,0.30660057067871094,0.002679249335979594,0.08589309453964233,0.08589309453964233,0.09031248092651367,111,0,0.0,0.0,0.0
17,1.0,0.0,,0.21670007705688477,6.2203473526498545,0.0018411140648481802,0.004160502018072667,0.004160502018072667,-0.009666008145912786,109,0,0.0,0.0,0.0
17,1.0,0.0,,0.2711501121520996,0.5429999828338623,-0.0026273053739534267,0.048331987112760544,0.048331987112760544,0.042874932289123535,47,0,0.0,0.0,0.0
12,0.0,0.0,,0.2395000457763672,8.05135178565979,-0.003377224683750878,-0.07606887072324753,-0.07606887072324753,-0.06558123230934143,25,0,0.0,0.0,0.0
17,1.0,0.0,,0.2246999740600586,0.12100005149841309,0.0016212536445488139,0.07728074491024017,0.07728074491024017,0.05566242337226868,98,0,0.0,0.0,0.0
23,0.0,0.0,,0.4032001495361328,0.6825485229492188,0.0042833463146917045,0.19211630523204803,0.19211630523204803,0.18760627508163452,113,0,0.0,0.0,0.0
23,0.0,0.0,,0.14335060119628906,0.3173489570617676,0.000401300250564779,0.03234846517443657,0.03234846517443657,0.04771888256072998,94,0,0.0,0.0,0.0
24,0.0,0.0,,0.030050039291381836,8.433149099349976,-0.0009235060215532279,-0.13077007234096527,-0.13077007234096527,-0.10913127660751343,12,0,0.0,0.0,0.0
14,0.0,0.0,,0.0,11.875049114227295,-0.01243919017394266,-0.8526209592819214,-0.8526209592819214,-0.8121374249458313,0,0,0.0,0.0,0.0
9,0.0,0.0,,0.24320006370544434,3.0391030311584473,0.0023110213660099102,-0.025305625051259995,-0.025305625051259995,-0.0028875768184661865,115,0,0.0,0.0,0.0
9,1.0,0.0,,0.18599987030029297,10.509810209274292,-0.004146697218260305,-0.1778028905391693,-0.1778028905391693,-0.15785640478134155,17,0,0.0,0.0,0.0
24,0.0,0.0,,0.07760000228881836,0.9410490989685059,-0.0016913451231478696,-0.035206712782382965,-0.035206712782382965,-0.028974920511245728,58,2,9.0,3.245143282049695,18.919100076435353
4,0.0,0.0,,0.12505006790161133,1.1826496124267578,-0.00244826264118369,-0.1719900667667389,-0.1719900667667389,-0.16371867060661316,9,0,0.0,0.0,0.0
8,1.0,0.0,,0.0,19.644587993621826,-0.0007521189211848671,-0.22871223092079163,-0.22871223092079163,-0.2469748556613922,0,0,0.0,0.0,0.0
18,1.0,0.0,,0.11369991302490234,1.6841001510620117,-0.01112929116023718,-0.30842533707618713,-0.30842533707618713,-0.3238125443458557,58,0,0.0,0.0,0.0
24,0.0,0.0,,0.14244985580444336,1.6059529781341553,-0.0008035349655448637,-0.012248788960278034,-0.012248788960278034,-0.02261883020401001,17,0,0.0,0.0,0.0
24,0.0,0.0,,0.25890016555786133,0.0279998779296875,0.0003472050654503884,0.11405015736818314,0.11405015736818314,0.0971938967704773,62,0,0.0,0.0,0.0
25,0.0,0.0,,0.052300214767456055,5.1350998878479,-0.04792419066542258,-1.701756526262332,-1.701756526262332,-1.686761446603357,30,0,0.0,0.0,0.0
26,0.0,0.0,,0.4570503234863281,0.3927500247955322,0.00042369523473080297,0.20239153504371643,0.20239153504371643,0.17271876335144043,62,0,0.0,0.0,0.0
2,0.0,0.0,,0.17509996891021729,2.799299955368042,-0.006176496772876351,-0.208332262487493,-0.208332262487493,-0.2360854099194209,13,0,0.0,0.0,0.0
16,0.0,0.0,,0.0,0.6986501216888428,-0.006244504984476763,-0.26855138530079115,-0.26855138530079115,-0.24770916854181602,0,0,0.0,0.0,0.0
17,1.0,0.0,,0.06585001945495605,18.247952222824097,0.0014432945731524792,-0.2101679891347885,-0.2101679891347885,-0.21152502298355103,113,0,0.0,0.0,0.0
10,1.0,0.0,,0.34419989585876465,0.16820001602172852,-0.0016824938222332927,0.1507853554864215,0.1507853554864215,0.14934362967809034,28,0,0.0,0.0,0.0
22,0.0,0.0,,0.030750155448913574,12.01507222652435,-0.0006363019254517775,-0.18266126946506336,-0.18266126946506336,-0.1546064982273308,2,1,9.0,3.462029847048248,19.173646732290063
6,0.0,0.0,,0.31224989891052246,2.0853735327720626,0.0024146295060913136,0.050138633475344405,0.050138633475344405,0.025543452426791236,79,0,0.0,0.0,0.0
21,0.0,0.0,,0.33494997024536133,8.934598956055245,0.0072666616010102075,-0.20256129544005436,-0.20256129544005436,-0.1648904344278016,99,0,0.0,0.0,0.0
19,0.0,0.0,,0.5717501640319824,8.20064115524292,0.005498795080657279,0.023854883387684822,0.023854883387684822,0.032931506633758545,115,0,0.0,0.0,0.0
12,0.0,0.0,,0.5862998962402344,0.6234502792358398,0.0041954602614802375,0.2630641460418701,0.2630641460418701,0.24006247520446777,98,0,0.0,0.0,0.0
4,0.0,0.0,,0.2520003318786621,5.579495906829834,-0.002429936572394182,-0.10885968804359436,-0.10885968804359436,-0.12189987301826477,91,0,0.0,0.0,0.0
23,0.0,0.0,,0.3898496627807617,0.3442502021789551,0.00135822426483356,0.17520174384117126,0.17520174384117126,0.15234380960464478,72,0,0.0,0.0,0.0
18,1.0,0.0,,0.08594989776611328,7.361599445343018,-0.0007157172144024739,-0.09048330783843994,-0.09048330783843994,-0.09828746318817139,36,0,0.0,0.0,0.0
23,0.0,0.0,,0.16950035095214844,0.8109469413757324,7.1185334755519784e-06,0.00819853635934683,0.00819853635934683,0.008795507252216339,100,0,0.0,0.0,0.0
8,1.0,0.0,,0.335050106048584,0.2944498062133789,0.0007824774374699812,0.038992419838905334,0.038992419838905334,0.027881354093551636,83,0,0.0,0.0,0.0
24,1.0,0.0,,0.10944986343383789,38.244850397109985,-0.0273565939438906,-1.4260241985321045,-1.4260241985321045,-1.359662652015686,7,0,0.0,0.0,0.0
23,0.0,0.0,,0.19974994659423828,58.64251136779785,-0.01827728611478008,-1.0960400104522705,-1.0960400104522705,-1.0489940643310547,10,0,0.0,0.0,0.0
17,1.0,0.0,,0.07829999923706055,3.334198236465454,-0.0020497089705778567,-0.12628532946109772,-0.12628532946109772,-0.10961860418319702,9,0,0.0,0.0,0.0
7,0.0,0.0,,0.11350011825561523,1.1323518753051758,0.001649369322256246,-0.10225475579500198,-0.10225475579500198,-0.07388752698898315,104,0,0.0,0.0,0.0
14,0.0,0.0,,0.20099973678588867,6.76875638961792,0.0009934149551774623,-0.12891855835914612,-0.12891855835914612,-0.12302511930465698,111,0,0.0,0.0,0.0
16,1.0,0.0,,0.2319502830505371,0.35794782638549805,0.0015331096716626991,0.06159933656454086,0.06159933656454086,0.05293768644332886,116,0,0.0,0.0,0.0
19,1.0,0.0,,0.0,37.440693855285645,-0.0019538882742374153,-0.45751744508743286,-0.45751744508743286,-0.43892496824264526,0,0,0.0,0.0,0.0
2,1.0,0.0,,0.40470027923583984,0.0002999305725097656,0.0020841360663833167,0.18743135035037994,0.18743135035037994,0.18769389390945435,86,0,0.0,0.0,0.0
1,1.0,0.0,,0.14645004272460938,4.831998825073242,-0.0023057529921262205,-0.07255163043737411,-0.07255163043737411,-0.060712456703186035,38,0,0.0,0.0,0.0
4,0.0,0.0,,0.5222499370574951,7.601160740852356,0.0017152886722326141,0.07627769413157406,0.07627769413157406,0.003843650221824646,100,0,0.0,0.0,0.0
8,1.0,0.0,,0.3695499897003174,3.83784818649292,0.0023302306061169457,0.024030817672610283,0.024030817672610283,-0.004687458276748657,113,0,0.0,0.0,0.0
25,0.0,0.0,,0.5772817351601338,0.15394997596740723,0.001992419518160905,0.19964189305264723,0.19964189305264723,0.18356980410489165,59,0,0.0,0.0,0.0
4,0.0,0.0,,0.07879996299743652,43.20844960212709,-0.002018221162928276,-0.4343299101560544,-0.4343299101560544,-0.42333899063924185,1,0,0.0,0.0,0.0
23,0.0,0.0,,0.05585002899169922,6.141401529312134,-0.0023872074443245074,-0.2014453767711281,-0.2014453767711281,-0.18055786879865643,9,0,0.0,0.0,0.0
23,0.0,0.0,,0.19175004959106445,4.551898837089539,-0.0024850566654896758,-0.050448689705286265,-0.050448689705286265,-0.041588267747391994,49,0,0.0,0.0,0.0
26,0.0,0.0,,0.09000003337860107,6.46390038728714,-0.0013509247005645318,-0.10487094750771156,-0.10487094750771156,-0.09042732450697161,4,0,0.0,0.0,0.0
7,0.0,0.0,,0.3221001625061035,0.009150028228759766,0.0018576599664123156,0.13156495988368988,0.13156495988368988,0.126606285572052,80,0,0.0,0.0,0.0
24,0.0,0.0,,0.12185025215148926,0.4212987422943115,-7.958547691948096e-05,-0.035476403358655095,-0.035476403358655095,-0.012316842659099714,28,0,0.0,0.0,0.0
23,0.0,0.0,,0.05515003204345703,5.78849983215332,-0.0339504585165142,-0.9062622327070969,-0.9062622327070969,-0.9753505165378253,17,0,0.0,0.0,0.0
4,0.0,0.0,,0.08150005340576172,1.8588504791259766,-0.0030388979886865094,-0.25474968552589417,-0.25474968552589417,-0.19325006008148193,32,0,0.0,0.0,0.0
7,1.0,0.0,,0.0717000961303711,0.4440000057220459,-0.002601081817017095,-0.10758376427185844,-0.10758376427185844,-0.11082093288069184,6,0,0.0,0.0,0.0
15,1.0,0.0,,0.541649580001831,0.0,0.003273281538155448,0.35660767555236816,0.35660767555236816,0.3341686427593231,87,0,0.0,0.0,0.0
23,0.0,0.0,,0.052300453186035156,0.9720830917358398,-0.00028860747111202913,0.0002793246821966022,0.0002793246821966022,0.00633770227432251,45,0,0.0,0.0,0.0
22,0.0,0.0,,0.01490020751953125,1.1908998489379883,-0.00024773053444495345,-0.051373887807130814,-0.051373887807130814,-0.041537463665008545,107,0,0.0,0.0,0.0
18,1.0,0.0,,0.4116997718811035,6.123353719711304,0.002390716321322327,-0.10961807519197464,-0.10961807519197464,-0.12940630316734314,110,0,0.0,0.0,0.0
26,0.0,0.0,,0.4288501739501953,0.14800024032592773,-0.000800081277933698,0.19365161657333374,0.19365161657333374,0.20994997024536133,48,0,0.0,0.0,0.0
14,0.0,0.0,,0.2551999092102051,0.0,0.0011561063212445438,0.1438700407743454,0.1438700407743454,0.14883744716644287,96,0,0.0,0.0,0.0
14,0.0,0.0,,0.09514999389648438,6.37695050239563,-0.022656348597724876,-1.256346583366394,-1.256346583366394,-1.1990751028060913,14,0,0.0,0.0,0.0
13,0.0,0.0,,0.046649932861328125,12.490914821624756,-0.00011697842567477115,-0.1108945831656456,-0.1108945831656456,-0.10585016012191772,62,0,0.0,0.0,0.0
14,0.0,0.0,,0.20039987564086914,0.06294989585876465,-9.270052283943798e-05,0.06744037530361077,0.06744037530361077,0.06464158436831302,26,0,0.0,0.0,0.0
14,0.0,0.0,,0.21899986267089844,0.1667490005493164,0.00029975267235433033,0.08343520015478134,0.08343520015478134,0.05511271953582764,83,0,0.0,0.0,0.0
15,1.0,0.0,,0.4877495765686035,0.30260229110717773,-0.0013676053672458614,0.15800945460796356,0.15800945460796356,0.1524558663368225,52,0,0.0,0.0,0.0
19,1.0,0.0,,0.0,1.3347997665405273,-0.006741448296517195,-0.6776242852210999,-0.6776242852210999,-0.6627311706542969,0,0,0.0,0.0,0.0
4,0.0,0.0,,0.08690023422241211,3.909400224685669,-0.010771180342916202,-0.7809996008872986,-0.7809996008872986,-0.7483438849449158,2,0,0.0,0.0,0.0
15,1.0,0.0,,0.54830002784729,0.37925076484680176,0.002597410736673662,0.15605504899962336,0.15605504899962336,0.14945168374320872,94,0,0.0,0.0,0.0
1,1.0,0.0,,0.3211498260498047,0.6653506755828857,0.002532762419191508,0.06266656517982483,0.06266656517982483,0.07271870970726013,99,0,0.0,0.0,0.0
4,0.0,0.0,,0.6196999549865723,0.24870038032531738,0.004098157880260832,0.3181349039077759,0.3181349039077759,0.3048875331878662,94,0,0.0,0.0,0.0
22,0.0,0.0,,0.3358497619628906,2.192403554916382,0.0040163532997907325,0.0996362566947937,0.0996362566947937,0.11541867256164551,112,0,0.0,0.0,0.0
17,1.0,0.0,,0.14164996147155762,0.43815088272094727,0.0004966327478042116,0.04529827833175659,0.04529827833175659,0.02334997057914734,91,0,0.0,0.0,0.0
25,0.0,0.0,,0.6722501516342163,0.0,0.0008299415801726179,0.34181260094683397,0.34181260094683397,0.3250770797548087,77,0,0.0,0.0,0.0
2,0.0,0.0,,0.2680000066757202,0.35584914684295654,6.41117675978019e-05,0.09151720287453415,0.09151720287453415,0.08580686577728819,106,0,0.0,0.0,0.0
16,0.0,0.0,,0.08385038375854492,8.714241027832031,-0.0029472616029008296,-0.20574414730072021,-0.20574414730072021,-0.19084349274635315,4,0,0.0,0.0,0.0
15,1.0,0.0,,0.1441500186920166,5.417249917984009,-0.028388239239086416,-0.8598189323376386,-0.8598189323376386,-0.9611168525048664,6,0,0.0,0.0,0.0
15,1.0,0.0,,0.4064500331878662,5.015100002288818,-0.022405127296611545,-0.33205513465098846,-0.33205513465098846,-0.42978630624269787,63,0,0.0,0.0,0.0
12,0.0,0.0,,0.1426997184753418,4.623700141906738,-0.000589724291190752,-0.06313805282115936,-0.06313805282115936,-0.03465616703033447,53,0,0.0,0.0,0.0
22,0.0,0.0,,0.24064970016479492,5.493250131607056,-0.013749711704504732,-0.21110973704574457,-0.21110973704574457,-0.37761290868123376,101,0,0.0,0.0,0.0
24,1.0,0.0,,0.22465014457702637,0.1307295854989583,-3.9195679977300595e-05,0.12131089838142069,0.12131089838142069,0.095238525139821,114,0,0.0,0.0,0.0
5,0.0,0.0,,0.16305017471313477,13.550394058227539,0.0008463571186280337,-0.15532170236110687,-0.15532170236110687,-0.14404362440109253,115,0,0.0,0.0,0.0
6,0.0,0.0,,0.33029985427856445,0.08489990234375,-0.0015277640312085178,0.10123081505298615,0.10123081505298615,0.055850088596343994,23,0,0.0,0.0,0.0
16,1.0,0.0,,0.06400012969970703,13.127380847930908,0.0013953171850535264,-0.12196218967437744,-0.12196218967437744,-0.11543720960617065,74,0,0.0,0.0,0.0
9,1.0,0.0,,0.06780004501342773,6.402199983596802,-0.056206953727592865,-3.140129884084066,-3.140129884084066,-3.0420554091101106,1,0,0.0,0.0,0.0
4,0.0,0.0,,0.27285003662109375,1.5497994422912598,-0.0016611240863707152,0.02181283012032509,0.02181283012032509,-0.038712501525878906,67,0,0.0,0.0,0.0
7,1.0,0.0,,0.25210022926330566,9.160245418548584,-0.004221451640569156,-0.17079038701505742,-0.17079038701505742,-0.13334408899148298,15,0,0.0,0.0,0.0
4,0.0,0.0,,0.6049501895904541,6.526057457923889,0.0006029886251787239,0.1293612749148638,0.1293612749148638,0.10063141584396362,110,0,0.0,0.0,0.0
13,0.0,0.0,,0.05355024337768555,40.401198863983154,-0.0017709655987814268,-0.38817262649536133,-0.38817262649536133,-0.360712468624115,2,0,0.0,0.0,0.0
19,1.0,0.0,,0.3783998489379883,4.55735170841217,0.004200316849198975,-0.08836543152474949,-0.08836543152474949,-0.0837714842387608,112,0,0.0,0.0,0.0
9,0.0,0.0,,0.038550376892089844,8.9293372631073,-0.0008970388634912414,-0.1972663700580597,-0.1972663700580597,-0.20631220936775208,4,0,0.0,0.0,0.0
25,0.0,0.0,,0.4884803450625874,0.16989994049072266,0.003233560694353932,0.20283869392851478,0.20283869392851478,0.18233385228592414,92,0,0.0,0.0,0.0
21,1.0,0.0,,0.8489999771118164,0.4300495386123657,0.007869791161174545,0.3318316630828075,0.3318316630828075,0.36064380407333374,79,0,0.0,0.0,0.0
17,1.0,0.0,,0.13450002670288086,0.16195011138916016,6.74322319633874e-05,0.029237186536192894,0.029237186536192894,0.03643748164176941,116,0,0.0,0.0,0.0
8,1.0,0.0,,0.0,2.576499819755554,-0.0045617276138846235,-0.3405379087497027,-0.3405379087497027,-0.3888088230575834,0,0,0.0,0.0,0.0
16,1.0,0.0,,0.08990001678466797,9.468994617462158,6.10645400920257e-05,-0.08816573768854141,-0.08816573768854141,-0.0717436671257019,98,0,0.0,0.0,0.0
23,0.0,0.0,,0.22095012664794922,11.227750539779663,-0.0178593511510248,-0.46777912974357605,-0.46777912974357605,-0.46846258640289307,51,0,0.0,0.0,0.0
4,0.0,0.0,,0.4428999423980713,1.2242000102996826,0.003356786640596962,0.09941366314888,0.09941366314888,0.08083122968673706,116,0,0.0,0.0,0.0
8,1.0,0.0,,0.4697498083114624,0.49826281517744064,0.002471241156688925,0.1182811092107724,0.1182811092107724,0.04217022191733122,90,0,0.0,0.0,0.0
16,0.0,0.0,,0.1574997901916504,10.959702968597412,-0.003985485527294568,-0.2473842352628708,-0.2473842352628708,-0.20351874828338623,15,0,0.0,0.0,0.0
24,1.0,0.0,,0.0,7.810789346694946,0.00048801866764127544,-0.15165409445762634,-0.15165409445762634,-0.1383686065673828,0,0,0.0,0.0,0.0
2,1.0,0.0,,0.07629966735839844,1.6966559886932373,0.00027525956074507524,0.0005537098040804267,0.0005537098040804267,-0.012881338596343994,54,0,0.0,0.0,0.0
19,0.0,0.0,,0.14949989318847656,5.7103591650724415,0.0010086738627424056,-0.05162236731276553,-0.05162236731276553,-0.0221478540450335,108,0,0.0,0.0,0.0
3,1.0,0.0,,0.1108999252319336,16.71294116973877,-0.0035936177222610005,-0.22792886197566986,-0.22792886197566986,-0.21972477436065674,25,0,0.0,0.0,0.0
14,0.0,0.0,,0.6921498775482178,0.0,0.0033913439530206826,0.4045120518431704,0.4045120518431704,0.37214339302545263,113,0,0.0,0.0,0.0
9,0.0,0.0,,0.5021500587463379,0.03207787513732896,0.00030912649490547853,0.2688800595764421,0.2688800595764421,0.23705864232519402,75,0,0.0,0.0,0.0
6,0.0,0.0,,0.062200069427490234,17.153444290161133,-0.0024630998503604637,-0.3323233723640442,-0.3323233723640442,-0.3024437427520752,1,0,0.0,0.0,0.0
24,1.0,0.0,,0.2010500431060791,1.2967002391815186,-0.0013938014625808058,0.023259729146957397,0.023259729146957397,0.02733120322227478,18,0,0.0,0.0,0.0
24,0.0,0.0,,0.3023500442504883,5.971404552459717,0.003682435331516248,0.0063131628558039665,0.0063131628558039665,0.020006239414215088,106,0,0.0,0.0,0.0
8,1.0,0.0,,0.5684502124786377,0.048799991607666016,0.0013368666063946217,0.309112548828125,0.309112548828125,0.2890876233577728,69,0,0.0,0.0,0.0
1,1.0,0.0,,0.06625008583068848,7.579221606254577,0.0006597712536621607,-0.08968092743148151,-0.08968092743148151,-0.06468561117733296,102,0,0.0,0.0,0.0
9,1.0,0.0,,0.41649961471557617,2.7501018047332764,0.004847732951774747,0.0707794576883316,0.0707794576883316,0.07223117351531982,108,0,0.0,0.0,0.0
19,0.0,0.0,,0.2195748355653553,1.9406740532981024,0.0005338145249077634,-0.10067520284245157,-0.10067520284245157,-0.08714687161975432,107,1,7.0,3.3419008356073228,17.474278912343628
18,1.0,0.0,,0.18554973602294922,0.27730274200439453,0.0010597098691711895,0.03655412048101425,0.03655412048101425,0.03755605220794678,110,0,0.0,0.0,0.0
3,1.0,0.0,,0.15019989013671875,0.7023000717163086,-0.0041519482830459035,-0.032680582255125046,-0.032680582255125046,-0.0637814998626709,74,0,0.0,0.0,0.0
14,0.0,0.0,,0.1092996597290039,3.16610050201416,0.0008252902294556191,-0.013732930645346642,-0.013732930645346642,-0.00989377498626709,93,0,0.0,0.0,0.0
3,1.0,0.0,,0.021699905395507812,0.5378000736236572,-0.003930416902519686,-0.2628280764971024,-0.2628280764971024,-0.26053688261244035,13,0,0.0,0.0,0.0
16,1.0,0.0,,0.299100399017334,0.3963484764099121,0.0030496150179724927,0.11012634634971619,0.11012634634971619,0.101856529712677,116,0,0.0,0.0,0.0
24,1.0,0.0,,0.0,3.0866498947143555,-0.001795677323579018,-0.11692454570379014,-0.11692454570379014,-0.11359060110238495,0,0,0.0,0.0,0.0
8,1.0,0.0,,0.16100001335144043,11.43520188331604,-0.002966009555275794,-0.14567908644676208,-0.14567908644676208,-0.1444937288761139,8,0,0.0,0.0,0.0
6,0.0,0.0,,0.2894001007080078,2.1029505729675293,-0.0035543888997109072,-0.03205867484211922,-0.03205867484211922,-0.04295629262924194,26,1,8.0,3.529790292440092,15.071271232722228
23,0.0,0.0,,0.3730502128601074,0.8054490089416504,0.004279103315057525,0.1557295322418213,0.1557295322418213,0.14651882648468018,114,0,0.0,0.0,0.0
1,1.0,0.0,,0.1217501163482666,12.810845613479614,-0.003532650043624636,-0.16908836874187502,-0.16908836874187502,-0.192333432180541,23,1,9.5,3.739142382598437,22.339777463902955
26,0.0,0.0,,0.2776501178741455,0.005249977111816406,0.0007407973055338446,0.1556226799630711,0.1556226799630711,0.14964967140140506,53,0,0.0,0.0,0.0
25,0.0,0.0,,0.16225004196166992,0.5250494480133057,0.0001210139358675545,0.04333677142858505,0.04333677142858505,0.045487552881240845,113,0,0.0,0.0,0.0
26,0.0,0.0,,0.45510005950927734,0.25885009765625,-0.0028346592527221256,0.07098199427127838,0.07098199427127838,0.06381869316101074,36,0,0.0,0.0,0.0
3,0.0,0.0,,0.3610498905181885,1.1369022423366326,0.0012191251941039438,0.08461734576103015,0.08461734576103015,0.08755451935642167,83,0,0.0,0.0,0.0
18,1.0,0.0,,0.22999954223632812,0.4620537757873535,0.0019991224391526625,0.10545479506254196,0.10545479506254196,0.10116219520568848,61,0,0.0,0.0,0.0
4,0.0,0.0,,0.548799991607666,1.3603003025054932,0.005044250243606457,0.17197862267494202,0.17197862267494202,0.16548749804496765,114,0,0.0,0.0,0.0
24,0.0,0.0,,0.30935001373291016,0.23019957542419434,0.0007833423975225774,0.1041051596403122,0.1041051596403122,0.1016937792301178,55,0,0.0,0.0,0.0
1,1.0,0.0,,0.20779991149902344,0.6212000846862793,0.0011714315740995241,0.03912227600812912,0.03912227600812912,0.04482501745223999,45,1,8.0,6.897591146580416,17.651311617965664
14,0.0,0.0,,0.05885028839111328,1.502699851989746,-0.00625529790028594,-0.28565701842308044,-0.28565701842308044,-0.2732873558998108,28,0,0.0,0.0,0.0
6,0.0,0.0,,0.4168996810913086,0.026050329208374023,-0.0006370489749777821,0.1757110059261322,0.1757110059261322,0.17723119258880615,33,0,0.0,0.0,0.0
2,1.0,0.0,,0.4996999502182007,3.9114500284194946,-0.004901436275808372,-0.055777594574496284,-0.055777594574496284,-0.15325182037694113,69,0,0.0,0.0,0.0
25,0.0,0.0,,0.04739999771118164,3.914050817489624,-0.002587220927437706,-0.10915690660476685,-0.10915690660476685,-0.1070563793182373,30,0,0.0,0.0,0.0
24,0.0,0.0,,0.2599000930786133,0.0010499954223632812,0.0011569056374939274,0.11989787966012955,0.11989787966012955,0.11517512798309326,116,0,0.0,0.0,0.0
3,0.0,0.0,,0.6538000106811523,0.019999980926513672,0.003842909130396048,0.46321702003479004,0.46321702003479004,0.43965625762939453,90,0,0.0,0.0,0.0
11,0.0,0.0,,0.2128000259399414,0.813554048538208,0.0014236440394743601,0.05573536083102226,0.05573536083102226,0.055268675088882446,80,0,0.0,0.0,0.0
23,0.0,0.0,,0.12764978408813477,0.416900634765625,4.918646138225563e-05,-0.03147445246577263,-0.03147445246577263,-0.05432504415512085,74,0,0.0,0.0,0.0
22,0.0,0.0,,0.0,21.062801361083984,-0.0024908934437863637,-0.3355940878391266,-0.3355940878391266,-0.3135000169277191,0,0,0.0,0.0,0.0
14,0.0,0.0,,0.15675020217895508,0.12225008010864258,0.0012106218839510272,0.07364525645971298,0.07364525645971298,0.07253748178482056,71,0,0.0,0.0,0.0
24,1.0,0.0,,0.07450008392333984,6.488196611404419,0.0006951116879938295,-0.06681063026189804,-0.06681063026189804,-0.07483741641044617,94,0,0.0,0.0,0.0
14,0.0,0.0,,0.20089983940124512,1.5816500186920166,-0.011196033166680348,-0.2672064457184229,-0.2672064457184229,-0.28963000523416615,70,0,0.0,0.0,0.0
12,0.0,0.0,,0.1676499843597412,5.265100002288818,-0.027110416350320167,-0.7134004311683851,-0.7134004311683851,-0.7857872370792471,1,0,0.0,0.0,0.0
3,1.0,0.0,,0.37404918670654297,0.7515087127685547,0.0031480718833421296,0.11292095482349396,0.11292095482349396,0.11199957132339478,102,0,0.0,0.0,0.0
3,0.0,0.0,,0.2147502899169922,6.007497787475586,-0.00991181686714185,-0.43061181902885437,-0.43061181902885437,-0.4226873517036438,9,0,0.0,0.0,0.0
24,0.0,0.0,,0.008800029754638672,6.4644455909729,-0.00015471801372792703,-0.10663837939500809,-0.10663837939500809,-0.09419375658035278,7,0,0.0,0.0,0.0
4,0.0,0.0,,0.2115497589111328,13.403010368347168,0.0022877655610399512,-0.1410505771636963,-0.1410505771636963,-0.14458763599395752,6,0,0.0,0.0,0.0
18,1.0,0.0,,0.11789989471435547,3.199000358581543,-0.01152091735248508,-0.3172450065612793,-0.3172450065612793,-0.32676881551742554,57,0,0.0,0.0,0.0
2,1.0,0.0,,0.15634989738464355,1.9452011585235596,0.0016500711610159106,0.028977940225193642,0.028977940225193642,0.027674668778975786,116,0,0.0,0.0,0.0
15,1.0,0.0,,0.012449979782104492,2.937350034713745,-0.015263389324669922,-0.7060405617086297,-0.7060405617086297,-0.7129711336579141,3,0,0.0,0.0,0.0
23,0.0,0.0,,0.11219978332519531,9.360599040985107,-0.001852083426627032,-0.15809738636016846,-0.15809738636016846,-0.17125621438026428,15,0,0.0,0.0,0.0
13,1.0,0.0,,0.3288002014160156,2.086202621459961,0.002557363805113596,0.01411659736186266,0.01411659736186266,0.02308744192123413,97,0,0.0,0.0,0.0
11,0.0,0.0,,0.1690998077392578,3.022264404283309,6.412550107820196e-06,-0.02273635680858905,-0.02273635680858905,-0.01603737916495329,115,0,0.0,0.0,0.0
23,0.0,0.0,,0.5243499279022217,0.033300161361694336,0.002837544512696196,0.20988407731056213,0.20988407731056213,0.2062685787677765,114,0,0.0,0.0,0.0
1,1.0,0.0,,0.36210012435913086,0.0,0.0019943648078222286,0.18706658482551575,0.18706658482551575,0.1629248857498169,105,0,0.0,0.0,0.0
11,0.0,0.0,,0.04615020751953125,13.862442970275879,0.00039938808382508753,-0.14667214453220367,-0.14667214453220367,-0.12128117680549622,1,0,0.0,0.0,0.0
6,0.0,0.0,,0.0672001838684082,17.2665958404541,-0.003292310450295685,-0.35903578996658325,-0.35903578996658325,-0.3290247917175293,1,0,0.0,0.0,0.0
1,1.0,0.0,,0.25680017471313477,1.6056480407714844,0.0022354171049175243,0.03729921579360962,0.03729921579360962,0.014531433582305908,110,0,0.0,0.0,0.0
3,1.0,0.0,,0.17814970016479492,3.50390625,-0.0005235028332291503,-0.029895463958382607,-0.029895463958382607,0.0007185935974121094,16,1,9.0,2.8992476959414386,19.08318874461412
18,1.0,0.0,,0.3143501281738281,3.887199640274048,0.0014960196690443457,-0.008013240292540975,-0.008013240292540975,0.029768764972686768,111,0,0.0,0.0,0.0
17,1.0,0.0,,0.3928501605987549,0.0,0.0015205752585360094,0.2777937650680542,0.2777937650680542,0.27997514605522156,111,0,0.0,0.0,0.0
25,0.0,0.0,,0.6246500015258789,3.4218499660491943,-0.0036037825052994263,0.05123678588459634,0.05123678588459634,-0.05244927853345871,92,0,0.0,0.0,0.0
23,0.0,0.0,,0.3174004554748535,5.367591857910156,-0.0011136928050792334,-0.05770151689648628,-0.05770151689648628,-0.05684351921081543,48,0,0.0,0.0,0.0
21,1.0,0.0,,0.34110021591186523,31.446932993437116,-0.001879051727651129,-0.214276760052412,-0.214276760052412,-0.12549907287018403,111,0,0.0,0.0,0.0
25,0.0,0.0,,0.3831624388694763,3.7771520614624023,-0.0018128824837120726,0.038503157786833934,0.038503157786833934,0.008568719029426575,10,0,0.0,0.0,0.0
18,1.0,0.0,,0.1417999267578125,1.8491525650024414,0.0005837943324577673,0.0024922159500420094,0.0024922159500420094,0.02240622043609619,111,0,0.0,0.0,0.0
15,0.0,0.0,,0.22620010375976562,0.5717997550964355,-0.001773613990235993,0.07259807016095544,0.07259807016095544,0.0415503427602244,101,0,0.0,0.0,0.0
12,0.0,0.0,,0.20270013809204102,0.29505014419555664,-0.0008999284145638372,-0.04310552403330803,-0.04310552403330803,-0.06366243958473206,63,0,0.0,0.0,0.0
13,0.0,0.0,,0.23129987716674805,2.853550434112549,-0.001372484664260715,-0.005441878595922748,-0.005441878595922748,-0.0324843879789114,44,0,0.0,0.0,0.0
5,0.0,0.0,,0.16269993782043457,0.27249631388434015,-0.00042964725992881086,0.013198534647623697,0.013198534647623697,0.027486398302275616,112,0,0.0,0.0,0.0
25,0.0,0.0,,0.24070024490356445,1.0413498878479004,-0.001982419432825425,0.07625767588615417,0.07625767588615417,0.060624927282333374,8,0,0.0,0.0,0.0
19,0.0,0.0,,0.04304981231689453,2.9424004554748535,0.0005592863145512198,-0.08880086988210678,-0.08880086988210678,-0.09656238555908203,3,0,0.0,0.0,0.0
2,0.0,0.0,,0.039350271224975586,10.804996013641357,-0.003944501322096703,-0.21654725074768066,-0.21654725074768066,-0.24925610423088074,40,0,0.0,0.0,0.0
26,0.0,0.0,,0.0,12.597602844238281,-0.00021629578492451693,-0.17994917929172516,-0.17994917929172516,-0.1550750434398651,0,0,0.0,0.0,0.0
2,0.0,0.0,,0.13645005226135254,3.05344947017956,0.0016527157511622007,0.010124384847461667,0.010124384847461667,0.027600176496389683,68,0,0.0,0.0,0.0
23,0.0,0.0,,0.29905033111572266,1.647749423980713,-0.005029366809544444,0.0056006726808846,0.0056006726808846,-0.010337293148040771,24,0,0.0,0.0,0.0
26,0.0,0.0,,0.154249906539917,3.2315995693206787,5.1567817406383576e-05,-0.05751197412610054,-0.05751197412610054,-0.007543742656707764,80,0,0.0,0.0,0.0
17,1.0,0.0,,0.3939499855041504,0.1220657952288362,0.0005875236708949713,0.12333678435056637,0.12333678435056637,0.11771503514547188,60,0,0.0,0.0,0.0
6,0.0,0.0,,0.2604503631591797,1.0661470890045166,-0.0026605575466168868,-0.010793682187795639,-0.010793682187795639,-0.03556215763092041,6,0,0.0,0.0,0.0
19,1.0,0.0,,0.7452502250671387,0.069000244140625,0.005288721050951942,0.4435828626155853,0.4435828626155853,0.42921870946884155,95,0,0.0,0.0,0.0
9,1.0,0.0,,0.29019975662231445,0.23504996299743652,-0.0014688760231109648,0.0562061071395874,0.0562061071395874,0.045942097902297974,25,0,0.0,0.0,0.0
8,1.0,0.0,,0.2521998882293701,0.25405073165893555,0.00069853854998657,0.10772556066513062,0.10772556066513062,0.08878117799758911,91,0,0.0,0.0,0.0
14,0.0,0.0,,0.22314977645874023,0.5465497970581055,0.0007896896754127362,0.06629317253828049,0.06629317253828049,0.05165618658065796,60,0,0.0,0.0,0.0
18,1.0,0.0,,0.2147998809814453,0.6540508270263672,-0.0001836349424306645,0.04575769603252411,0.04575769603252411,0.036631226539611816,52,1,10.0,3.6091363260601232,23.717521896217676
5,0.0,0.0,,0.5010499954223633,0.17889952659606934,0.002172827726001497,0.19934619963169098,0.19934619963169098,0.1724500060081482,81,0,0.0,0.0,0.0
1,1.0,0.0,,1.3092498779296875,0.0,0.009553379817358336,0.6983637809753418,0.6983637809753418,0.7148250341415405,111,0,0.0,0.0,0.0
24,1.0,0.0,,0.24199998378753662,0.0679999589920044,0.0007044551000787695,0.14980107800573364,0.14980107800573364,0.14930052211675687,26,0,0.0,0.0,0.0
24,1.0,0.0,,0.2621500492095947,6.80115008354187,-0.06259989320668806,-1.848474414939554,-1.848474414939554,-1.8507964863725332,39,0,0.0,0.0,0.0
16,0.0,0.0,,0.8111499547958374,4.8985501527786255,-0.020375316144536523,-0.10189801709264769,-0.10189801709264769,-0.21653109499842027,90,0,0.0,0.0,0.0
9,0.0,0.0,,0.22240018844604492,4.45400595664978,-0.000977590848720387,-0.007398843765258789,-0.007398843765258789,-0.004081308841705322,3,0,0.0,0.0,0.0
12,0.0,0.0,,0.25445008277893066,1.2587506771087646,0.0005243182509235837,0.02558116987347603,0.02558116987347603,0.04129377007484436,83,0,0.0,0.0,0.0
7,0.0,0.0,,0.10715007781982422,0.31099987030029297,-0.0024008562550236535,-0.06284839659929276,-0.06284839659929276,-0.07016879320144653,31,0,0.0,0.0,0.0
6,0.0,0.0,,0.09764957427978516,21.439512014389038,0.0016604835139697363,-0.24422837793827057,-0.24422837793827057,-0.22556251287460327,92,1,8.5,3.4812631437526687,21.765953967164652
14,0.0,0.0,,0.015549659729003906,24.68631649017334,-0.004180898754490487,-0.3958896994590759,-0.3958896994590759,-0.3641316294670105,2,0,0.0,0.0,0.0
13,0.0,0.0,,0.6898000240325928,0.06139981746673584,0.0001355802788288747,0.21078768958393326,0.21078768958393326,0.16359181973615633,57,0,0.0,0.0,0.0
4,0.0,0.0,,0.18790006637573242,1.111649990081787,-0.006446450950948297,-0.05549733340740204,-0.05549733340740204,-0.07336243987083435,80,0,0.0,0.0,0.0
25,0.0,0.0,,0.34254956245422363,0.3782498836517334,0.002610131070308339,0.14159059524536133,0.14159059524536133,0.13952499628067017,67,0,0.0,0.0,0.0
3,0.0,0.0,,0.0,25.025997638702393,-0.008922476061695061,-0.7008755803108215,-0.7008755803108215,-0.6805374026298523,0,0,0.0,0.0,0.0
17,1.0,0.0,,0.09404945373535156,2.4165005683898926,-0.008308217729103914,-0.2139408141374588,-0.2139408141374588,-0.2139376401901245,60,0,0.0,0.0,0.0
9,1.0,0.0,,0.35520005226135254,0.9624502658843994,0.0006380206381437311,0.10863332157461052,0.10863332157461052,0.09799519900936082,13,0,0.0,0.0,0.0
21,1.0,0.0,,0.5520000457763672,0.4832010269165039,0.005823528860064408,0.23951901495456696,0.23951901495456696,0.2256123423576355,115,0,0.0,0.0,0.0
1,1.0,0.0,,0.2641000747680664,0.07275009155273438,7.700823635654748e-05,0.09453623741865158,0.09453623741865158,0.0738937258720398,22,0,0.0,0.0,0.0
24,0.0,0.0,,0.24084997177124023,1.4774558544158936,0.0021057005318324933,0.029782747849822044,0.029782747849822044,0.043087393045425415,116,0,0.0,0.0,0.0
3,0.0,0.0,,0.09005022048950195,2.031050205230713,-0.0033997135629407977,-0.23225180804729462,-0.23225180804729462,-0.20871877670288086,1,0,0.0,0.0,0.0
24,0.0,0.0,,0.19855022430419922,0.6925442218780518,0.0009468818683072892,0.05388311296701431,0.05388311296701431,0.030562669038772583,69,0,0.0,0.0,0.0
16,0.0,0.0,,0.3596501350402832,0.11735010147094727,0.0009979580155034054,0.1924731120085105,0.1924731120085105,0.20565095573151126,60,0,0.0,0.0,0.0
24,0.0,0.0,,0.357200026512146,0.410199910402298,0.002157747424842731,0.16670262966400537,0.16670262966400537,0.12344067357480526,105,1,7.0,4.08260761624911,19.07706036396269
23,0.0,0.0,,0.23580026626586914,0.07429933547973633,0.0005624217498568466,0.08310151100158691,0.08310151100158691,0.08023148775100708,113,0,0.0,0.0,0.0
