participant,study_status,scene_familiarity,recall_status,saccade_count,avg_saccade_duration,avg_saccade_peak_vel,avg_saccade_amplitude
25,0.0,0.0,,2,25.5,14.93481810252861,35.23605420826929
25,0.0,0.0,,3,27.333333333333332,13.210204495152764,120.83884776620302
22,0.0,0.0,,0,0.0,0.0,0.0
19,0.0,0.0,,3,23.666666666666668,28.963479626784245,137.17988697301215
23,0.0,0.0,,4,28.5,25.71145266205368,136.01408254781023
23,0.0,0.0,,4,25.0,17.906131773777354,101.57793670930286
5,0.0,0.0,,2,8.5,10.238542688938303,23.223223051893893
15,1.0,0.0,,3,14.333333333333334,13.74469004123865,63.61529816770963
15,0.0,0.0,,5,10.8,14.753218957607473,78.43060488521692
10,1.0,0.0,,3,15.333333333333334,9.4325795322683,70.06592439263939
17,1.0,0.0,,2,36.0,25.641299429021508,272.32542096165184
14,0.0,0.0,,0,0.0,0.0,0.0
25,0.0,0.0,,2,8.0,17.731966740117002,83.38346898033156
26,0.0,0.0,,1,15.0,3.1495570123821253,44.09379817334919
9,0.0,0.0,,3,10.333333333333334,29.788342601385562,216.59564831567369
23,0.0,0.0,,1,101.0,5.204740625407418,25.907001351020345
17,1.0,0.0,,2,18.0,22.388963977163353,125.68873328986831
1,1.0,0.0,,3,18.0,16.40549178288975,118.85636676301074
23,0.0,0.0,,3,29.666666666666668,23.211902190656236,118.90743021582887
4,0.0,0.0,,3,12.333333333333334,30.931671521674144,123.05988346270821
1,1.0,0.0,,0,0.0,0.0,0.0
5,0.0,0.0,,3,25.0,28.379642026663134,164.59698423361468
4,0.0,0.0,,4,33.0,29.339778617039784,154.3672855308224
5,0.0,0.0,,4,13.5,23.3795967466235,172.81577958301128
9,0.0,0.0,,2,32.5,4.630628944908225,12.686930480486371
25,0.0,0.0,,3,23.0,22.131566990263185,149.58910405729188
14,0.0,0.0,,2,19.5,4.107583359102474,22.136343416383173
14,0.0,0.0,,0,0.0,0.0,0.0
4,0.0,0.0,,1,10.0,14.0982048461248,33.81058295513473
10,1.0,0.0,,2,9.0,14.47999329867267,37.31829187327196
4,0.0,0.0,,5,15.2,14.711137006792708,86.6982694015479
16,1.0,0.0,,2,17.5,24.505836037776504,114.62265244552935
17,1.0,0.0,,1,22.0,17.698662298835654,41.83207240451296
24,1.0,0.0,,3,20.666666666666668,28.537061396264363,181.0894262725732
18,1.0,0.0,,2,53.0,22.01890546111688,369.1325058864337
18,1.0,0.0,,1,61.0,35.64755363845236,150.59859191459503
9,1.0,0.0,,5,17.0,23.19052028416605,95.07911379947029
18,1.0,0.0,,3,22.0,21.714128839529224,165.56699207512105
12,0.0,0.0,,3,7.333333333333333,22.261028751223396,93.45568114481569
13,0.0,0.0,,2,28.0,25.95738890209239,105.42212036915836
12,1.0,0.0,,6,16.166666666666668,18.530752992034877,94.00898904475692
14,0.0,0.0,,2,12.5,4.451654809221241,17.27845340749905
26,0.0,0.0,,3,29.0,25.892142047275104,109.0037175443495
25,0.0,0.0,,2,48.5,35.942725779841794,279.1780911132152
24,1.0,0.0,,3,14.333333333333334,28.537061396264363,175.2140268900247
1,1.0,0.0,,4,17.25,14.405474622038046,118.32074564277822
7,1.0,0.0,,1,155.0,24.230815198430367,77.98956487630083
6,0.0,0.0,,3,24.0,2.6366246542128287,8.186270863577166
19,1.0,0.0,,1,32.0,23.247648194314987,57.26438844244744
15,1.0,0.0,,2,13.0,17.646482501543122,85.32828396515526
13,1.0,0.0,,4,17.25,14.25045180261425,77.64571166215492
7,1.0,0.0,,0,0.0,0.0,0.0
19,0.0,0.0,,3,25.333333333333332,32.642364850810836,234.53944669178736
13,0.0,0.0,,2,9.0,7.651690899831164,24.94144531140311
19,1.0,0.0,,3,39.333333333333336,17.79874894474422,203.22840512836356
15,1.0,0.0,,0,0.0,0.0,0.0
19,0.0,0.0,,4,19.0,18.387700722153635,107.052715724086
22,0.0,0.0,,2,7.5,12.055237021901934,48.45996365459811
23,0.0,0.0,,3,20.333333333333332,15.851046430972517,120.3338809677689
9,0.0,0.0,,1,10.0,5.513125763838909,11.667982728647722
9,0.0,0.0,,2,29.0,19.17665959042215,65.65828025778613
26,0.0,0.0,,1,9.0,27.21828510840537,86.46591414305419
24,1.0,0.0,,3,19.666666666666668,26.411946990772716,128.4866799383127
7,1.0,0.0,,1,110.0,24.230815198430367,77.98956487630083
22,0.0,0.0,,1,236.0,2.453658429354522,9.51865739865793
13,0.0,0.0,,1,7.0,38.154389920425125,173.19234724005557
3,1.0,0.0,,3,24.0,32.81772446545719,169.8766062558541
23,0.0,0.0,,1,14.0,33.84047189768523,166.7608901220949
26,0.0,0.0,,3,55.0,21.076075123321996,137.9840810249141
17,1.0,0.0,,1,9.0,2.6144688410295873,9.5143079680134
3,0.0,0.0,,5,15.8,17.918534712049198,99.3866391931742
15,1.0,0.0,,1,6.0,21.3880399174601,102.16282403931771
4,0.0,0.0,,7,16.285714285714285,21.479397099079033,97.2795898443717
1,1.0,0.0,,2,8.0,7.8179725988931565,25.981692330255385
4,0.0,0.0,,2,17.5,21.73810706324724,98.56117566832256
24,0.0,0.0,,5,16.8,17.36933098299635,124.4195624588579
1,1.0,0.0,,2,11.0,12.576330713525895,67.40759910018201
24,1.0,0.0,,3,19.0,32.65293818727877,145.59628025594085
25,0.0,0.0,,4,26.75,23.122260725725184,131.56704669996367
23,0.0,0.0,,1,75.0,5.204740625407418,25.907001351020345
4,0.0,0.0,,3,26.0,25.427471057716062,141.21556802832467
24,0.0,0.0,,4,11.5,16.949091091818946,56.44726558893048
6,0.0,0.0,,3,27.0,26.226589485801302,168.6121314973723
26,0.0,0.0,,2,7.0,21.52938834194276,60.85208239627736
14,0.0,0.0,,2,30.5,19.899315759833847,99.45134265921689
6,0.0,0.0,,3,32.333333333333336,21.358953928708175,112.5160785120396
5,0.0,0.0,,6,10.166666666666666,24.913202888578557,113.50051449435614
25,0.0,0.0,,2,61.0,30.679654605701394,350.6321978576667
16,1.0,0.0,,0,0.0,0.0,0.0
4,0.0,0.0,,5,11.2,23.692167383001205,102.74084245564636
25,0.0,0.0,,3,28.0,16.159634926880475,149.37250604773666
16,1.0,0.0,,4,20.75,16.140377035662436,66.05800509616455
6,0.0,0.0,,5,21.4,16.513717612852282,97.9810295645718
4,0.0,0.0,,7,24.571428571428573,18.47529719474545,116.69068221608443
23,0.0,0.0,,3,18.333333333333332,24.84659724391355,180.3663360104109
19,1.0,0.0,,2,40.5,24.01744175086636,174.12683170611024
21,1.0,0.0,,4,11.75,18.041480996959702,103.71318199739939
23,0.0,0.0,,3,19.333333333333332,25.55564953914596,140.97150480056413
26,0.0,0.0,,2,30.0,18.76606369812529,111.90647242854894
13,1.0,0.0,,2,44.5,25.49032298145486,194.58661642278463
21,0.0,0.0,,0,0.0,0.0,0.0
11,0.0,0.0,,5,14.0,6.974655646943629,21.920793836179435
8,1.0,0.0,,4,18.5,22.620427378260615,144.7299252152466
2,0.0,0.0,,3,17.333333333333332,1.1764638183051295,19.20816524709498
9,0.0,0.0,,3,15.0,29.788342601385562,221.1940699986237
2,1.0,0.0,,3,9.333333333333334,19.151853485140474,118.1814222502955
19,0.0,0.0,,5,19.0,26.76173925999194,141.3277167469422
17,1.0,0.0,,3,30.0,28.845817155073757,209.11610098569395
1,1.0,0.0,,4,12.75,16.44518981589832,103.24202887279189
23,0.0,0.0,,4,28.0,14.63799878390747,90.65840458448291
24,0.0,0.0,,2,42.0,15.188275347874399,65.34269584873537
23,0.0,0.0,,2,25.5,24.07201502081616,170.79413452539535
1,1.0,0.0,,4,32.0,12.125257415181812,65.43822962171848
24,1.0,0.0,,1,7.0,19.78200779988002,54.623994689842455
23,0.0,0.0,,2,22.0,4.134530522454566,32.20099291053651
12,1.0,0.0,,9,11.666666666666666,18.507397610281764,87.17304408620089
8,1.0,0.0,,2,34.0,19.718732006819145,167.82673863585313
4,0.0,0.0,,4,19.5,28.396389492827325,132.90588587149296
16,1.0,0.0,,3,9.0,6.919498843452295,22.402441534147684
8,1.0,0.0,,4,25.5,25.988997084867485,153.14237832604329
4,0.0,0.0,,6,18.0,24.330240408624732,105.74913864668777
9,1.0,0.0,,3,19.666666666666668,14.861539597930602,101.24578219333914
14,0.0,0.0,,2,18.0,12.68426579724362,86.16708761760019
19,0.0,0.0,,5,21.2,21.831029046437372,136.2608395041989
22,0.0,0.0,,3,22.333333333333332,19.364799612616,118.19477501607723
8,1.0,0.0,,4,28.5,23.408620665724456,167.28567537420957
24,0.0,0.0,,4,6.75,12.338813603235993,48.156825057575894
25,0.0,0.0,,3,32.0,16.59125489891746,109.80383008755702
9,1.0,0.0,,2,10.0,19.842708272084053,93.8360810109125
24,1.0,0.0,,2,33.5,27.81610135099976,170.6591894842249
2,0.0,0.0,,2,11.5,8.503687924423998,27.843276966982085
24,1.0,0.0,,3,15.333333333333334,32.70925387442575,166.1153997386604
4,0.0,0.0,,4,22.75,24.674032986202313,115.41962817762544
6,0.0,0.0,,2,10.5,0.4366904745148825,4.148559507891105
4,0.0,0.0,,4,34.5,30.83964491085924,203.62628310896065
17,1.0,0.0,,3,29.333333333333332,28.845817155073757,208.35231491162824
23,0.0,0.0,,6,24.333333333333332,17.547102190778926,196.7125765956929
1,1.0,0.0,,2,19.0,6.539818631776671,64.27862546639535
9,0.0,0.0,,1,8.0,2.0023781360173407,8.415156883892633
18,1.0,0.0,,0,0.0,0.0,0.0
16,1.0,0.0,,2,30.5,14.984277491987728,90.73356134859448
12,0.0,0.0,,3,10.666666666666666,7.336209999248041,53.34846053211283
17,1.0,0.0,,5,18.4,30.128880865526092,119.6244138043185
3,1.0,0.0,,1,11.0,14.367793991285591,143.67793991285583
16,0.0,0.0,,2,32.5,19.839662134499864,159.03087378923902
22,0.0,0.0,,1,9.0,6.800368863806166,21.828450158365886
24,1.0,0.0,,1,21.0,17.284881441159552,83.83782513579808
6,0.0,0.0,,3,38.0,21.201885772314778,102.75488377529207
6,0.0,0.0,,2,19.0,12.41351557905034,50.989605426645596
10,1.0,0.0,,4,10.25,21.59585942238821,79.93961898550592
23,0.0,0.0,,4,21.5,24.446446703620058,166.4222247384937
8,1.0,0.0,,3,28.0,28.333053578704604,192.834590892224
17,1.0,0.0,,2,18.5,8.525943335145612,28.14054834616342
17,1.0,0.0,,2,28.0,34.31792885102691,257.5779791739389
21,1.0,0.0,,3,34.666666666666664,20.08578839362885,134.93664866302157
14,0.0,0.0,,4,10.75,11.576207308262903,66.21312875918379
2,0.0,0.0,,5,29.2,25.19828876016399,187.7016716732134
12,0.0,0.0,,2,7.0,24.65658378980039,117.6987759318964
7,0.0,0.0,,1,27.0,13.99170789507023,32.115850031089764
23,0.0,0.0,,4,28.0,24.87011761847968,151.00521865375447
23,0.0,0.0,,5,33.8,30.53960175993746,295.2767955263279
22,0.0,0.0,,3,9.0,13.747374241542062,67.15472219235049
2,1.0,0.0,,2,31.5,2.586353113523015,46.64671929920624
18,1.0,0.0,,1,89.0,31.92322419197151,328.0568100796742
3,0.0,0.0,,1,31.0,14.214613600954388,370.3178832292163
14,0.0,0.0,,2,24.5,12.502407372527037,93.35672193297874
19,1.0,0.0,,3,48.333333333333336,22.138752048531956,222.48605627654453
25,0.0,0.0,,5,33.4,11.596616846070424,146.73135202183315
14,0.0,0.0,,2,27.5,12.502407372527037,93.35672193297874
21,0.0,0.0,,2,15.0,21.5214913727251,105.37831872755788
7,1.0,0.0,,2,6.5,2.525479974295034,6.873761637387748
4,0.0,0.0,,5,26.0,30.894976858681808,167.674595678371
19,1.0,0.0,,3,45.666666666666664,16.168867775935073,195.4456214871805
14,0.0,0.0,,2,45.0,19.899315759833847,99.58526229442452
2,0.0,0.0,,5,23.0,13.790249806385035,94.3597751765108
14,0.0,0.0,,2,49.0,19.20033782802991,125.43976845964686
3,0.0,0.0,,1,46.0,21.74317244885718,72.87106754892451
4,0.0,0.0,,4,22.75,24.674032986202313,115.41962817762544
21,1.0,0.0,,4,21.25,22.378616070474692,150.3559365342134
5,0.0,0.0,,1,27.0,47.4053106112724,367.70917191783536
8,1.0,0.0,,4,29.5,26.511619882795255,191.33661944578336
24,1.0,0.0,,4,14.25,15.80094101681735,121.948053186683
21,1.0,0.0,,3,29.333333333333332,28.07243701514815,192.55413884465477
24,1.0,0.0,,2,53.5,6.276511808929753,47.38941731295242
6,0.0,0.0,,3,23.333333333333332,24.416820000448055,174.03922016286594
26,0.0,0.0,,3,37.333333333333336,24.29046828641704,176.86678670913264
7,0.0,0.0,,1,14.0,29.022285448267915,137.99368126419537
4,0.0,0.0,,2,17.5,21.73810706324724,98.56117566832256
23,0.0,0.0,,5,23.2,24.987713926825485,122.66590075208546
18,1.0,0.0,,4,34.25,33.910622214313705,220.15618452020317
6,0.0,0.0,,2,31.5,19.610036728680875,74.53574613028418
4,0.0,0.0,,4,21.25,22.30544087943494,132.2359743871233
12,1.0,0.0,,0,0.0,0.0,0.0
2,1.0,0.0,,1,65.0,18.01057433636681,69.97142525033412
13,1.0,0.0,,1,19.0,14.689327924921225,221.24825355660823
17,1.0,0.0,,1,19.0,24.429719161727522,85.82658399682582
14,0.0,0.0,,4,17.5,3.125118668327004,12.621843849530496
18,1.0,0.0,,3,33.0,34.07676471461583,206.51402818941074
14,0.0,0.0,,1,17.0,4.755415869718536,18.07222359016248
7,0.0,0.0,,1,8.0,2.3318390894877394,10.496679626854384
23,0.0,0.0,,1,43.0,5.204740625407418,24.21238706741622
3,1.0,0.0,,3,9.0,19.085607642716578,65.86558303473602
18,1.0,0.0,,3,49.333333333333336,28.296077611102998,278.6600352429486
9,0.0,0.0,,4,12.5,24.38567989934895,193.12970280107234
14,0.0,0.0,,2,44.0,17.45878878030948,111.07537505627832
24,1.0,0.0,,4,11.25,10.859046492137217,32.59090237166855
17,1.0,0.0,,5,17.8,16.633110569493457,74.94323583277041
11,0.0,0.0,,1,41.0,31.13068989785015,183.35045170272787
13,1.0,0.0,,3,31.666666666666668,11.21192902868151,111.75125895892906
7,0.0,0.0,,1,32.0,27.097767378896346,137.9819099814405
3,1.0,0.0,,2,28.5,17.99285939110063,101.0258240737497
17,1.0,0.0,,3,16.0,28.353356412214964,157.08175845854728
24,0.0,0.0,,2,29.0,15.188275347874399,64.09163409116576
24,1.0,0.0,,4,13.75,23.184304915635547,147.21648235208414
24,0.0,0.0,,1,23.0,1.3820277138260995,10.752167732148145
6,0.0,0.0,,3,16.666666666666668,27.34691998915012,98.37863151371363
4,0.0,0.0,,5,14.4,10.592541602398214,84.55134627148702
16,0.0,0.0,,4,29.5,12.56856033885965,85.3805459879392
5,0.0,0.0,,3,22.333333333333332,34.05859946811334,194.74118731579824
6,0.0,0.0,,2,19.5,5.508084824608687,46.995514217853355
24,0.0,0.0,,1,15.0,2.3726623532424407,20.279888697007582
19,0.0,0.0,,3,39.0,26.54109097361996,206.82747698934872
21,0.0,0.0,,1,80.0,13.135282481826438,84.6849462817949
25,0.0,0.0,,3,42.333333333333336,32.41835433619112,276.0007042097138
14,0.0,0.0,,4,17.5,0.7707397715469215,8.381969601025695
26,0.0,0.0,,2,30.0,18.190157789462262,113.14829936706525
3,1.0,0.0,,2,18.5,17.99285939110063,100.98512011534449
3,1.0,0.0,,3,12.333333333333334,1.0874647133506687,12.324600084640444
21,0.0,0.0,,1,28.0,14.366358855799849,52.17394583626011
24,1.0,0.0,,2,39.0,33.51737863435109,155.817561471825
22,0.0,0.0,,4,7.0,18.45652451145002,79.06099110044127
6,0.0,0.0,,2,16.5,8.168622124919157,40.89865912660606
22,0.0,0.0,,3,8.0,9.404362080959542,60.182000352758045
6,0.0,0.0,,4,24.75,21.469760309116737,182.5308793396873
9,1.0,0.0,,3,16.666666666666668,14.861539597930602,99.92363076342103
13,0.0,0.0,,1,46.0,7.309560414768631,162.97678440646456
3,1.0,0.0,,2,28.5,10.661571974019639,119.28920940574
3,1.0,0.0,,2,21.5,7.976012603152235,38.76627131598863
6,0.0,0.0,,4,19.25,21.967367409267037,122.86770881199803
2,0.0,0.0,,2,13.5,3.6252552833839116,45.315691042298596
12,0.0,0.0,,2,7.0,24.65658378980039,117.6987759318964
16,1.0,0.0,,2,44.5,25.825375633644576,177.74277075015274
2,1.0,0.0,,2,15.5,3.50503739414901,50.44924542821384
6,0.0,0.0,,4,21.5,19.83854444461655,107.1721815055205
13,0.0,0.0,,2,26.5,25.95738890209239,105.42212036915836
1,1.0,0.0,,1,51.0,9.440484525192364,21.978156795181068
24,1.0,0.0,,2,9.5,33.51737863435109,155.20812725420424
18,1.0,0.0,,3,48.0,30.247753328203302,311.0235863548
13,1.0,0.0,,1,9.0,7.19013195768202,30.805214033106257
14,0.0,0.0,,1,63.0,2.2744782533258543,23.646359514709687
19,1.0,0.0,,4,19.75,20.665882442194736,113.13494230580943
7,1.0,0.0,,1,79.0,24.230815198430367,77.76998061130719
14,0.0,0.0,,1,28.0,22.53682786834066,159.60753138613376
19,0.0,0.0,,4,40.75,27.356100740553813,199.14805173467602
26,0.0,0.0,,2,12.0,2.004170575084319,20.749841283572692
24,0.0,0.0,,3,10.0,12.656629332481144,47.81478060675738
18,1.0,0.0,,5,12.2,24.429290674739665,141.18919552414863
16,0.0,0.0,,1,91.0,40.63643169540903,395.32382413205386
13,1.0,0.0,,2,41.0,12.780034243733008,159.4117085207673
14,0.0,0.0,,1,12.0,9.831455619278097,24.665105452219557
3,1.0,0.0,,3,15.0,31.031743153360704,139.82289413915646
24,0.0,0.0,,5,10.8,19.97464279400716,114.83342841589324
14,0.0,0.0,,2,36.0,19.899315759833847,99.55789880925303
13,1.0,0.0,,2,38.5,16.300982563666444,94.06818171440335
7,0.0,0.0,,1,11.0,3.1349081207469967,22.992299928464814
22,0.0,0.0,,4,17.0,25.271175312494513,107.31669435020149
5,0.0,0.0,,4,13.75,21.78695808342572,132.18849839675465
23,0.0,0.0,,5,32.4,22.79453131010178,147.94577983980517
2,1.0,0.0,,1,24.0,3.525394377860747,81.0840706907967
4,0.0,0.0,,4,21.25,22.30544087943494,130.03275345916606
23,0.0,0.0,,4,26.0,26.20967544617882,235.25075023295025
7,0.0,0.0,,2,24.0,14.170104665256376,68.67987675735624
3,0.0,0.0,,4,17.25,0.5018197573654803,8.154571057188274
9,0.0,0.0,,1,39.0,3.1734102313275248,19.569225754421243
14,0.0,0.0,,2,7.0,4.36908099249542,20.284573432522134
1,1.0,0.0,,3,17.0,22.828529122494775,83.79882343579212
23,0.0,0.0,,2,25.5,24.07201502081616,170.79413452539535
1,1.0,0.0,,3,22.333333333333332,16.13466396194692,123.84024901669794
21,0.0,0.0,,2,48.0,17.8629277522208,144.63782440193353
17,1.0,0.0,,5,23.6,20.621389382812314,123.02543328790678
12,0.0,0.0,,1,6.0,23.297992041079475,112.76377467230635
10,1.0,0.0,,5,12.0,19.856319259261237,101.95146606547033
3,1.0,0.0,,3,15.0,31.031743153360704,139.45753371769675
23,0.0,0.0,,3,22.666666666666668,25.518487188849516,171.15103581830462
3,0.0,0.0,,1,41.0,21.74317244885718,72.87106754892451
7,0.0,0.0,,1,34.0,12.7023325238673,27.903493613873554
13,0.0,0.0,,2,38.5,25.95738890209239,105.42212036915836
17,1.0,0.0,,2,8.0,27.369862212456752,111.43342602559045
14,0.0,0.0,,3,37.666666666666664,11.929116060745026,61.51401229898983
4,0.0,0.0,,4,23.25,20.80001506766212,188.80711588764962
14,0.0,0.0,,2,13.0,19.291431672248397,87.40639424378804
23,0.0,0.0,,3,37.0,14.546911701959173,94.35214172368127
24,0.0,0.0,,3,16.666666666666668,17.823170873424356,91.52348680352638
14,0.0,0.0,,1,236.0,2.9054709864642603,26.865358928875633
7,0.0,0.0,,3,9.333333333333334,2.126750229415212,17.742026623444602
17,1.0,0.0,,2,20.5,27.369862212456752,113.30792685742804
12,1.0,0.0,,1,18.0,0.7127398493095517,12.116577438261952
22,0.0,0.0,,4,28.5,17.829315566602663,168.53845752206354
2,1.0,0.0,,1,76.0,18.01057433636681,69.97142525033412
5,0.0,0.0,,1,8.0,0.6399943232536316,2.5961928677012214
4,0.0,0.0,,7,21.285714285714285,22.95650821086779,113.44529184378244
3,0.0,0.0,,7,11.857142857142858,13.402460736368207,63.643975440034076
6,0.0,0.0,,3,25.666666666666668,8.20811287147786,68.30611421868896
14,0.0,0.0,,3,16.0,16.107295467520515,78.23169655628455
24,0.0,0.0,,3,7.0,15.543034492282189,60.10373862313438
3,1.0,0.0,,2,12.5,7.940344996246337,98.16623301513528
2,1.0,0.0,,1,9.0,8.986697921707652,25.154345535372244
19,1.0,0.0,,1,64.0,24.808260968505287,284.4332557136412
24,1.0,0.0,,2,26.0,18.44838816117888,52.182411825316024
6,0.0,0.0,,2,12.5,2.7947300487991567,29.717997589499365
2,1.0,0.0,,2,15.5,6.191428593054051,55.657514902820814
14,0.0,0.0,,1,10.0,0.07729015411173042,0.6956113870052393
12,0.0,0.0,,3,8.333333333333334,22.599924027933394,91.2470754073088
19,1.0,0.0,,3,48.333333333333336,16.168867775935073,205.09658435557085
26,0.0,0.0,,3,35.666666666666664,30.755404132705717,199.04300786798527
3,0.0,0.0,,2,11.5,16.705867258438044,197.0433212636386
7,1.0,0.0,,1,57.0,18.58759927218168,43.1505063766818
5,0.0,0.0,,1,30.0,2.981231937387255,20.447912224131326
8,1.0,0.0,,2,17.0,22.83052784799956,106.30701794116345
18,1.0,0.0,,1,86.0,35.64755363845236,151.20410515953728
21,0.0,0.0,,2,16.0,32.483163589082224,106.18786173366163
17,1.0,0.0,,3,11.333333333333334,20.1655707525742,68.2292823297799
22,0.0,0.0,,2,17.0,5.6350496541468456,60.83299145096023
4,0.0,0.0,,3,45.0,35.283444681557114,303.1954360488135
4,0.0,0.0,,4,21.25,22.30544087943494,132.2359743871233
23,0.0,0.0,,4,38.25,24.506802101409797,177.805978751339
23,0.0,0.0,,4,21.75,24.446446703620058,166.4222247384937
15,1.0,0.0,,5,12.2,16.52750206339974,90.93107283306267
23,0.0,0.0,,1,41.0,5.204740625407418,24.10979681455679
5,0.0,0.0,,1,79.0,5.126795245419089,24.452910200674673
15,0.0,0.0,,4,15.75,11.492296244736941,72.75436247364638
19,1.0,0.0,,1,216.0,5.235187759658249,24.31535404556197
15,0.0,0.0,,3,11.666666666666666,32.29437533379428,218.34926967199155
22,0.0,0.0,,1,18.0,13.323850054471082,30.584825536945303
24,0.0,0.0,,4,7.5,26.56450960718099,149.18716987871647
22,0.0,0.0,,4,11.0,11.755747738610458,55.54354404200591
25,0.0,0.0,,3,30.666666666666668,18.676918103983844,205.20864174281905
24,0.0,0.0,,2,13.5,29.888800059626234,129.71289559750704
23,0.0,0.0,,4,18.0,24.446446703620058,165.39943004581485
8,1.0,0.0,,1,8.0,28.061984359413383,65.81618574899659
24,1.0,0.0,,3,11.333333333333334,25.319140084172698,81.46708289023559
9,1.0,0.0,,4,28.75,11.935585421960239,37.172227717679895
26,0.0,0.0,,1,13.0,16.52946670864287,34.81235835901147
23,0.0,0.0,,1,42.0,33.13364724672643,237.90902380965417
24,0.0,0.0,,3,16.0,14.533230973703107,81.90484431121621
4,0.0,0.0,,6,22.5,23.755521645728646,147.10456870401816
13,1.0,0.0,,3,27.0,21.940828972587436,174.5104902010506
8,1.0,0.0,,1,58.0,5.052107859143018,27.41747892088683
4,0.0,0.0,,3,39.333333333333336,29.80498408476016,197.7636159040196
26,0.0,0.0,,4,32.75,16.208594627304862,101.08254448134078
15,0.0,0.0,,2,16.5,7.698227130124804,29.62517961463454
26,0.0,0.0,,1,236.0,7.110689128790779,33.42360000948239
15,1.0,0.0,,3,7.666666666666667,18.133878620147495,86.33326625498461
13,1.0,0.0,,2,44.5,12.780034243733008,159.4117085207673
13,0.0,0.0,,3,24.666666666666668,5.884451333371512,73.84636244239407
24,0.0,0.0,,3,16.666666666666668,28.28653806846593,189.3505116351902
5,0.0,0.0,,4,10.0,34.88412934004519,193.4613467742607
24,0.0,0.0,,6,11.0,16.262246867842347,82.37632897573955
18,1.0,0.0,,1,90.0,38.07132977379384,173.16564703905226
16,0.0,0.0,,4,21.25,26.94679962068373,164.2676731808171
14,0.0,0.0,,1,19.0,14.49337372138222,260.88072698487974
6,0.0,0.0,,3,11.666666666666666,16.32703344331689,156.15894756248608
10,1.0,0.0,,4,17.5,14.581410443966833,45.194274712840006
18,1.0,0.0,,3,35.666666666666664,35.990183195512856,241.4655325297007
23,0.0,0.0,,4,19.5,20.32096526106048,120.5832616751809
5,0.0,0.0,,3,9.666666666666666,19.890243011113004,108.32403615691315
21,1.0,0.0,,4,18.25,20.176877363184065,153.76808320755086
23,0.0,0.0,,3,13.333333333333334,14.72339373317398,49.92401464665442
7,1.0,0.0,,2,18.0,2.631399218398733,34.81048473994896
2,1.0,0.0,,2,78.0,5.0163172313163615,16.391453684070214
6,0.0,0.0,,2,17.5,0.9596398673615228,6.424247546005446
22,0.0,0.0,,3,27.0,19.364799612616,118.3380780759933
25,0.0,0.0,,4,38.5,12.795678841636489,171.38916165446804
12,1.0,0.0,,2,15.0,1.8162068071406132,20.111166314439892
21,0.0,0.0,,2,29.5,21.5214913727251,109.27859661310076
26,0.0,0.0,,4,37.0,20.776732781898758,214.84872552667784
17,1.0,0.0,,4,25.25,27.572470796004254,156.05630846309296
18,1.0,0.0,,5,31.6,29.83278523820122,214.034244221652
4,0.0,0.0,,7,24.571428571428573,19.386603652878932,120.33121398036016
24,0.0,0.0,,6,8.333333333333334,16.831602894897888,71.19413069452031
3,0.0,0.0,,4,15.25,1.3076728523692496,18.634338146261012
15,0.0,0.0,,3,16.0,14.034179029398246,85.98063567006949
24,1.0,0.0,,2,20.0,26.984129963658898,147.30238076755683
14,0.0,0.0,,2,29.5,6.744564643115503,102.69753453043248
1,1.0,0.0,,2,13.0,17.012975357099457,135.73695332044855
16,0.0,0.0,,1,86.0,40.63643169540903,395.32382413205386
3,0.0,0.0,,5,21.6,20.153961104948284,166.70661530379317
23,0.0,0.0,,4,13.75,22.374905674293547,114.93360238199882
23,0.0,0.0,,1,124.0,5.204740625407418,25.907001351020345
13,0.0,0.0,,4,34.0,33.290665520944074,174.60368285930087
14,0.0,0.0,,3,6.0,18.61198274620252,61.724421605045286
24,1.0,0.0,,1,9.0,18.248295618192298,43.79007964033334
4,0.0,0.0,,5,20.6,19.971731294070167,146.82194200134234
4,0.0,0.0,,4,26.75,34.68455997628621,160.76467930044066
2,0.0,0.0,,3,37.0,29.71872389583757,285.6077723783358
14,0.0,0.0,,3,9.333333333333334,13.401382033821235,84.20169216017884
23,0.0,0.0,,5,24.4,18.974381848915648,92.49811605236637
21,1.0,0.0,,6,14.833333333333334,16.134267581432415,93.52950419323862
8,1.0,0.0,,2,23.0,19.6704154408186,123.31198788258071
23,0.0,0.0,,3,17.666666666666668,15.851046430972517,116.91063972876456
16,0.0,0.0,,2,46.0,24.003287758941728,139.16046294628353
6,0.0,0.0,,5,23.4,16.513717612852282,98.03225139631036
19,0.0,0.0,,3,25.333333333333332,30.56599017920263,250.57032867214528
3,0.0,0.0,,3,14.0,30.35722231783306,152.512039545063
14,0.0,0.0,,1,23.0,5.497351925024175,13.843320461175605
14,0.0,0.0,,2,10.5,7.1249961438244895,17.053693456139758
25,0.0,0.0,,3,39.333333333333336,34.16769819430188,261.0775252683796
1,1.0,0.0,,5,8.6,8.538070398978482,47.66157333238673
9,1.0,0.0,,2,17.5,13.185019803545948,144.43621599582468
17,1.0,0.0,,3,25.666666666666668,22.046617123261655,76.62708915174876
3,0.0,0.0,,6,11.5,21.92821665278946,111.46668578014425
8,1.0,0.0,,1,40.0,19.83263917690444,349.6555630578291
10,1.0,0.0,,3,10.666666666666666,20.939211945089497,55.42037803820227
3,0.0,0.0,,6,18.833333333333332,19.956816336794578,148.85118171048626
17,1.0,0.0,,2,37.5,34.883809334703294,272.32542096165184
3,1.0,0.0,,2,12.5,9.129287205792082,56.7239637879432
2,1.0,0.0,,3,8.0,18.90725850702312,125.22543198088961
4,0.0,0.0,,4,23.5,19.91403241510045,88.39953078211786
5,0.0,0.0,,1,7.0,11.053036535557906,25.463373758979394
9,0.0,0.0,,5,10.6,10.789720123518439,44.87532412949817
19,0.0,0.0,,1,10.0,23.514710140511692,56.33549093308976
3,1.0,0.0,,3,16.0,21.965672673022116,93.07736987957104
19,1.0,0.0,,1,204.0,5.235187759658249,24.31535404556197
24,1.0,0.0,,2,34.0,33.51737863435109,155.817561471825
25,0.0,0.0,,4,27.25,10.78939129787724,85.96522657781617
16,1.0,0.0,,1,24.0,15.660470978660085,46.295756159461654
1,1.0,0.0,,4,31.25,9.925153391778974,78.074883121861
10,1.0,0.0,,6,15.0,2.3622097971047284,33.07093715946567
24,0.0,0.0,,0,0.0,0.0,0.0
24,0.0,0.0,,2,20.5,12.631376068782991,69.50290067093326
17,1.0,0.0,,3,35.0,18.94941944271046,149.80350746990544
6,0.0,0.0,,4,25.5,16.64648821424103,154.60559421508373
8,1.0,0.0,,1,51.0,25.407622280283967,201.4595142165296
6,0.0,0.0,,3,17.666666666666668,4.891851113551389,14.282175888903238
19,0.0,0.0,,3,23.666666666666668,28.963479626784245,137.17988697301215
9,1.0,0.0,,2,18.0,20.438778197079273,96.03868880324985
6,0.0,0.0,,2,8.5,26.52910052497749,143.66799103303663
18,1.0,0.0,,1,88.0,38.07132977379384,173.06095221071394
9,1.0,0.0,,4,8.25,16.67506444625078,52.26771008395298
18,1.0,0.0,,2,41.5,39.76887657886326,273.89546064405715
18,1.0,0.0,,4,34.5,35.114590483414034,248.17333568990145
17,1.0,0.0,,4,32.0,22.962413844859665,147.16778673870252
9,1.0,0.0,,3,23.666666666666668,14.80732930080164,99.48942782633651
25,0.0,0.0,,1,8.0,19.25944044590869,43.34190005533863
3,0.0,0.0,,3,9.0,23.529377964799423,121.28021105792851
14,0.0,0.0,,1,37.0,7.98878063387426,20.122445387608728
18,1.0,0.0,,3,35.666666666666664,35.990186583914316,263.87773747855357
4,0.0,0.0,,5,22.4,27.79617016837728,138.45676995313178
3,0.0,0.0,,6,12.333333333333334,22.384690724004233,104.20736940764812
19,1.0,0.0,,1,19.0,17.200949733585706,206.41139680302808
13,1.0,0.0,,1,120.0,5.073430506998872,25.071005211042266
25,0.0,0.0,,3,39.333333333333336,32.4403455965972,230.8224239333546
24,1.0,0.0,,3,13.333333333333334,22.657791390624226,107.47691157826621
24,0.0,0.0,,6,9.5,19.8303186114987,101.75596833253591
22,0.0,0.0,,3,24.333333333333332,22.92245399733675,206.98453017824832
6,0.0,0.0,,2,48.0,13.724395435484706,211.03254678907754
1,1.0,0.0,,3,30.333333333333332,6.342438532672968,63.10613596600333
22,0.0,0.0,,3,20.666666666666668,14.752154084127625,85.38403502710935
13,0.0,0.0,,2,8.0,4.198897803417779,15.718437958801335
22,0.0,0.0,,1,8.0,22.220774618039492,116.14347720331033
12,1.0,0.0,,6,12.833333333333334,17.75580332561236,91.80428955376551
9,0.0,0.0,,1,51.0,2.693766610557056,11.83579306191491
1,1.0,0.0,,2,13.0,17.012975357099457,135.73695332044855
9,0.0,0.0,,3,24.666666666666668,32.367846698852425,226.20401562749507
25,0.0,0.0,,3,42.0,18.42732751640041,238.9664769902846
16,0.0,0.0,,2,41.5,28.932644596723904,230.24697091446697
4,0.0,0.0,,4,14.0,11.27830573373339,46.029922343960514
17,1.0,0.0,,4,25.25,27.303295536979284,153.00369384278187
25,0.0,0.0,,1,8.0,19.25944044590869,43.34190005533863
18,1.0,0.0,,1,14.0,5.162993287308079,11.76345120000861
23,0.0,0.0,,4,27.25,25.71145266205368,135.92499688152316
19,0.0,0.0,,2,36.0,5.001823599701552,82.67541106006408
18,1.0,0.0,,2,9.5,31.128879082317745,95.1923168055809
17,1.0,0.0,,4,13.25,25.769223092315887,89.91250863416833
5,0.0,0.0,,2,22.0,31.20060191256345,212.14402093293597
8,1.0,0.0,,3,17.666666666666668,27.159971863629554,163.86527247051785
7,1.0,0.0,,3,17.333333333333332,9.211147311280595,44.13717997592153
3,0.0,0.0,,4,24.25,19.28065196038578,180.80579309747355
7,0.0,0.0,,2,22.5,22.667241020359448,100.46039623708121
6,0.0,0.0,,3,32.666666666666664,1.9491388746049367,21.00541935763681
19,0.0,0.0,,4,28.75,22.119743812814622,191.80923890816976
4,0.0,0.0,,6,15.333333333333334,13.148921695467074,75.84710215701983
4,0.0,0.0,,6,19.833333333333332,21.623374990022143,105.6493863948096
18,1.0,0.0,,4,34.25,33.910622214313705,211.36463326808155
18,1.0,0.0,,5,20.8,15.337047156635663,73.4244468960523
6,0.0,0.0,,2,17.0,4.689613843852449,58.25177094618262
24,1.0,0.0,,2,33.5,18.44838816117888,53.55371850561124
19,1.0,0.0,,2,52.0,14.759236332725525,238.8315240301876
13,0.0,0.0,,5,18.6,13.741116840728418,75.42869226119524
25,0.0,0.0,,4,21.25,6.925611912269337,36.33614667995208
4,0.0,0.0,,6,18.666666666666668,23.85257380465018,103.11064504079805
23,0.0,0.0,,3,22.666666666666668,17.39565861392111,122.65135497114062
24,1.0,0.0,,2,15.5,33.51737863435109,155.20812725420424
17,1.0,0.0,,0,0.0,0.0,0.0
24,1.0,0.0,,2,50.5,4.286415216365461,47.34605461415741
1,1.0,0.0,,4,25.0,20.924567997809483,125.08272208608292
19,0.0,0.0,,4,25.5,22.099512589757662,186.88132034646364
6,0.0,0.0,,5,25.0,16.513717612852282,101.83001423765577
13,0.0,0.0,,3,27.0,35.117889936981406,208.70784594634293
1,1.0,0.0,,2,18.0,25.625045555230393,92.41755708733808
21,1.0,0.0,,4,22.5,21.32351708060072,160.69268177941026
6,0.0,0.0,,4,18.25,12.617028721700258,126.05673131864302
23,0.0,0.0,,4,23.5,25.00007316387398,151.14609261237464
6,0.0,0.0,,2,15.0,3.7779505350022666,15.31720101636001
7,0.0,0.0,,1,9.0,5.797206202142647,11.626378067594414
14,0.0,0.0,,1,7.0,2.1259742708462683,11.280226999384903
1,1.0,0.0,,3,13.666666666666666,14.5017185773362,61.93990022669838
21,0.0,0.0,,4,11.75,19.004282942829782,148.78847173360637
23,0.0,0.0,,1,129.0,5.685066628180629,30.015328587585607
19,1.0,0.0,,3,19.333333333333332,18.762873538477848,154.7446464920448
9,1.0,0.0,,5,13.8,23.19052028416605,96.46982048236192
23,0.0,0.0,,2,23.5,22.680639103073137,171.01665446545445
25,0.0,0.0,,3,30.333333333333332,34.16769822381158,197.71086206288192
18,1.0,0.0,,2,9.0,33.927758606454006,130.138677690556
24,1.0,0.0,,2,30.5,18.462821098396816,207.63602307352733
2,0.0,0.0,,5,14.0,7.593221097019848,64.45560407340523
22,0.0,0.0,,2,22.5,16.914841676470743,105.22759631522476
7,1.0,0.0,,2,17.5,0.749352533947911,2.8472490953682152
15,0.0,0.0,,3,23.0,17.169732504739176,118.67747586243745
15,1.0,0.0,,2,13.0,6.566718853220467,55.36324723320856
16,1.0,0.0,,1,78.0,31.052639485865093,104.10289418962985
12,0.0,0.0,,3,12.333333333333334,29.441149548492604,146.68467984465644
13,1.0,0.0,,2,34.0,15.297809004631558,91.23395291197653
15,0.0,0.0,,2,32.0,22.323419432664174,145.6981476096455
16,1.0,0.0,,3,22.666666666666668,6.919498843452295,23.86731323014521
8,1.0,0.0,,1,58.0,31.416849607066656,248.89285151151466
16,1.0,0.0,,2,6.5,7.056119645296226,23.91941112339044
9,1.0,0.0,,4,16.0,11.815018945455602,33.36142235846872
22,0.0,0.0,,2,13.5,5.6929517592210575,66.92012756158087
16,1.0,0.0,,2,81.0,11.487824355437072,94.72767340080745
23,0.0,0.0,,4,27.75,25.71145266205368,127.90520052694745
8,1.0,0.0,,5,10.6,15.978330079580308,87.37020704323598
14,0.0,0.0,,1,236.0,1.5170201586590804,15.127360061776985
25,0.0,0.0,,3,40.0,24.68792020854733,176.95944677016965
24,0.0,0.0,,4,22.25,11.11176042425864,81.62455916495091
9,1.0,0.0,,4,14.5,25.09841827161471,105.56516384182693
6,0.0,0.0,,1,37.0,53.394068224720904,264.9478679630957
25,0.0,0.0,,3,36.666666666666664,24.177776376071098,240.63928945817125
9,0.0,0.0,,2,30.5,42.23184646331245,249.36846310635693
9,1.0,0.0,,3,16.666666666666668,14.80732930080164,98.59940243492086
21,1.0,0.0,,4,20.0,20.298933846148373,148.05602247277753
9,0.0,0.0,,3,24.666666666666668,14.148978311930982,140.40434202202758
13,1.0,0.0,,3,18.666666666666668,10.821127649808185,72.77252540005495
3,0.0,0.0,,2,20.0,21.62865805005664,70.63393645406083
13,0.0,0.0,,2,36.5,21.39738555095201,107.84783369572581
18,1.0,0.0,,1,92.0,31.98028555805415,324.5901781880845
3,1.0,0.0,,1,104.0,6.955349956753685,82.61256015942587
24,0.0,0.0,,5,16.2,11.107636472084447,74.58014994351258
1,1.0,0.0,,2,12.5,8.398078314423929,44.8692288625592
19,0.0,0.0,,5,24.2,26.572733526125766,165.9728806101269
25,0.0,0.0,,3,23.0,22.131566990263185,129.93151035842678
18,1.0,0.0,,3,52.0,35.712450454405754,318.91559666588677
8,1.0,0.0,,3,8.666666666666666,20.186049655265087,59.56706018714369
16,0.0,0.0,,5,14.4,23.922334693754173,145.95313751468143
14,0.0,0.0,,1,236.0,1.5170201586590804,15.127360061776985
23,0.0,0.0,,1,162.0,5.685066628180629,30.015328587585607
3,0.0,0.0,,6,20.166666666666668,17.283805077558487,151.41777785161
15,0.0,0.0,,2,34.5,22.323419432664174,145.6981476096455
6,0.0,0.0,,2,27.5,3.5672478690469593,34.99912079508772
11,0.0,0.0,,5,17.4,21.692519867563,113.21491417978375
24,1.0,0.0,,2,16.5,6.346682422509057,116.82243931614778
15,1.0,0.0,,0,0.0,0.0,0.0
2,0.0,0.0,,6,21.5,13.495311110090507,119.21819006907282
14,0.0,0.0,,2,19.0,3.308250413800163,22.143746888252625
8,1.0,0.0,,2,34.0,19.718732006819145,167.82673863585313
3,0.0,0.0,,1,32.0,14.27614872476804,371.9177918942756
7,1.0,0.0,,1,16.0,9.226264097869745,18.513471887942842
24,0.0,0.0,,5,20.0,22.992934278282853,160.01544618490072
12,0.0,0.0,,5,10.2,26.426042339214156,125.66519591352497
18,1.0,0.0,,1,27.0,31.98028555805415,311.0204843004379
4,0.0,0.0,,5,19.4,23.796878560937074,153.5007977430392
18,1.0,0.0,,3,32.0,27.87301959902725,165.72894418402782
22,0.0,0.0,,3,7.333333333333333,13.163980522356615,55.92551354818526
1,1.0,0.0,,4,18.5,15.642626334368963,71.51460734183419
18,1.0,0.0,,1,88.0,31.98028555805415,322.0499580974185
9,1.0,0.0,,5,9.0,18.795189116562895,101.3668877708525
7,1.0,0.0,,2,32.5,8.559248114310464,20.731409314180063
15,0.0,0.0,,5,26.8,19.731208445671932,158.0740787346849
19,0.0,0.0,,4,40.75,27.356100740553813,199.14455257951585
24,0.0,0.0,,4,9.5,15.859190575451475,66.63097964829468
4,0.0,0.0,,2,8.0,9.352109909054326,35.43094581427131
13,0.0,0.0,,1,7.0,7.285693034449126,15.995974975186892
4,0.0,0.0,,3,15.333333333333334,23.27295734186268,106.90146449586585
11,0.0,0.0,,5,16.4,22.767993162681265,116.4984711109128
18,1.0,0.0,,2,16.5,11.309716975730792,101.16014744036475
22,0.0,0.0,,1,32.0,7.3904838913981585,25.889582863503367
8,1.0,0.0,,4,24.0,20.77600819743736,171.8040999838252
26,0.0,0.0,,3,47.0,28.98035700599617,228.23155033365654
19,1.0,0.0,,4,37.75,23.327373905281526,221.03780801445345
22,0.0,0.0,,2,29.5,20.891386594609504,190.13079285987652
17,1.0,0.0,,1,39.0,11.953672075062741,24.149718934701266
15,0.0,0.0,,4,19.0,11.492296244736941,98.75737129417213
16,0.0,0.0,,3,44.0,30.998501039123354,202.46674061218002
12,0.0,0.0,,3,28.0,22.75450794313768,99.84001208225054
16,1.0,0.0,,3,29.0,6.919498843452295,24.352424711177616
17,1.0,0.0,,2,18.0,22.388963977163353,125.68873328986831
24,0.0,0.0,,6,13.166666666666666,15.549731310721121,73.19123129037662
17,1.0,0.0,,1,21.0,9.401955532600407,22.503046971965382
21,1.0,0.0,,4,25.75,16.8096728441159,99.69529348173921
24,1.0,0.0,,3,16.0,28.537061396264363,179.87166432075355
17,1.0,0.0,,0,0.0,0.0,0.0
26,0.0,0.0,,3,34.333333333333336,21.076075123321996,118.64220798084477
18,1.0,0.0,,5,16.4,25.417689594385116,156.0912903098656
21,0.0,0.0,,1,6.0,26.288472451409547,131.44236225704753
24,0.0,0.0,,6,9.166666666666666,23.712137864663827,140.17406985750898
22,0.0,0.0,,4,28.5,17.71307276223924,146.5465825275472
5,0.0,0.0,,3,9.666666666666666,18.530778146244952,98.24778582524043
4,0.0,0.0,,6,17.333333333333332,18.393254196787442,92.27375761066095
6,0.0,0.0,,3,15.333333333333334,3.3601640513281326,43.12455567627038
14,0.0,0.0,,2,23.0,10.310085962971234,30.711147197638272
9,1.0,0.0,,4,14.5,25.09841827161471,105.56516384182693
18,1.0,0.0,,1,15.0,40.16360386584227,172.62567055333596
1,1.0,0.0,,2,29.5,2.6142237231559977,39.31850956444446
4,0.0,0.0,,5,14.0,13.803791578585201,72.89787066143808
14,0.0,0.0,,2,28.0,13.462004230343057,50.05223516560334
26,0.0,0.0,,4,43.75,24.71815075090702,192.93672669405709
2,1.0,0.0,,2,66.5,5.0163172313163615,16.314377607766424
7,1.0,0.0,,1,50.0,17.64890121403371,39.54537423291928
14,0.0,0.0,,4,8.5,14.475610741501713,67.00688500176915
24,0.0,0.0,,0,0.0,0.0,0.0
4,0.0,0.0,,2,14.5,7.382331691012349,20.73497876586364
3,1.0,0.0,,3,13.0,19.502747928492056,111.30230141935829
23,0.0,0.0,,1,104.0,5.204740625407418,25.907001351020345
25,0.0,0.0,,4,25.5,23.28577509314299,208.40038752795456
24,1.0,0.0,,2,26.0,27.81610135099976,170.6591894842249
1,1.0,0.0,,1,14.0,2.72979309146248,35.48731018901197
24,0.0,0.0,,1,20.0,12.695109794073042,241.20708608738715
4,0.0,0.0,,3,24.666666666666668,31.83580051349105,161.42154318968753
4,0.0,0.0,,5,10.8,24.052845594646282,93.58123127317761
7,1.0,0.0,,1,16.0,2.300118986504227,12.307561959662925
21,1.0,0.0,,3,20.666666666666668,22.69197455572926,123.44478821352858
23,0.0,0.0,,3,33.666666666666664,24.714227491622452,123.20903150649576
9,1.0,0.0,,2,19.5,20.438778197079273,96.03868880324985
5,0.0,0.0,,1,14.0,2.1945301177109173,10.92099728164757
25,0.0,0.0,,4,26.25,17.477172467546776,128.42033819002853
2,1.0,0.0,,2,20.0,8.295656684756372,70.69464683375382
23,0.0,0.0,,1,21.0,33.84047189768523,166.7608901220949
9,0.0,0.0,,1,13.0,46.536375176371905,558.4365021164625
22,0.0,0.0,,3,7.666666666666667,6.030472384408536,15.321112667289249
18,1.0,0.0,,2,37.0,43.32388992772291,310.87016967355316
23,0.0,0.0,,0,0.0,0.0,0.0
4,0.0,0.0,,6,25.833333333333332,30.11443192120637,167.15492725221844
16,0.0,0.0,,3,18.0,15.528216828932523,98.05553414633846
24,0.0,0.0,,6,16.0,10.335480558106905,71.77237086179568
17,1.0,0.0,,1,6.0,37.61813194167768,100.0925978099604
2,0.0,0.0,,5,28.6,14.253229030500894,134.9158680708973
