participant,study_status,scene_familiarity,recall_status,peak_pupil,pupil_AUC,pupil_slope,pupil_mean,avg_pupil_size,avg_pupil_size_downsample,time_to_peak,blink_cnt,peak_blink_duration,avg_blink_duration
18,1.0,0.0,,0.9359999895095825,0.12840008735656738,0.002088718198572646,0.30471683363629204,0.30471683363629204,0.29253119230270386,52,1,5,5.0
23,0.0,0.0,,0.23180007934570312,2.3438501358032227,0.0019984883962958595,0.027284573763608932,0.027284573763608932,0.01797497272491455,70,0,0,0.0
19,1.0,0.0,,1.073699951171875,0.22510099411010742,0.009177409063883833,0.44999000430107117,0.44999000430107117,0.3804624080657959,106,0,0,0.0
7,1.0,0.0,,0.05364990234375,7.374744892120361,-0.0014857248428240225,-0.09656909853219986,-0.09656909853219986,-0.04968106746673584,35,0,0,0.0
3,1.0,0.0,,0.11955022811889648,1.6475000381469727,-0.005821645528720761,-0.103251613676548,-0.103251613676548,-0.10698747634887695,68,0,0,0.0
13,1.0,0.0,,0.04719996452331543,16.930267356336117,0.00037555550036871794,-0.17374205691182715,-0.17374205691182715,-0.1418892518317294,109,1,31,31.0
18,1.0,0.0,,0.10914993286132812,1.99299955368042,-0.003974689673637129,-0.12204008549451828,-0.12204008549451828,-0.1347561478614807,46,0,0,0.0
9,1.0,0.0,,0.24214982986450195,2.0947036743164062,0.00339206502103486,0.08337542414665222,0.08337542414665222,0.09709984064102173,111,0,0,0.0
19,0.0,0.0,,0.5268001556396484,0.0,0.003112544478058707,0.23801559209823608,0.23801559209823608,0.21093755960464478,116,0,0,0.0
1,1.0,0.0,,0.3771998882293701,2.2043979167938232,0.003466704606734772,-0.03451321471450675,-0.03451321471450675,-0.015374559164047286,112,1,14,14.0
24,1.0,0.0,,0.2172999382019043,0.07130002975463867,0.0006716795260799024,0.08427051091805482,0.08427051091805482,0.05962804045856096,99,1,71,71.0
14,0.0,0.0,,0.2572002410888672,1.1483488082885742,0.0015992791683871192,0.04128766804933548,0.04128766804933548,0.054743826389312744,109,0,0,0.0
22,0.0,0.0,,0.2921004295349121,0.19389963150024414,0.0020840357186334125,0.10372879356145859,0.10372879356145859,0.10037517547607422,104,0,0,0.0
26,0.0,0.0,,0.24454975128173828,0.04455089569091797,0.0014145483808645082,0.08455751836299896,0.08455751836299896,0.07318735122680664,111,0,0,0.0
16,1.0,0.0,,0.14339110430549162,2.654200792312622,-0.00015824371449976062,-0.23269902895658445,-0.23269902895658445,-0.16164417133903974,49,1,16,16.0
22,0.0,0.0,,0.5184495449066162,0.18214988708496094,0.004527151869567049,0.18958503007888794,0.18958503007888794,0.19326242804527283,90,0,0,0.0
3,1.0,0.0,,0.0,21.574405193328857,-0.007581335799858308,-0.669416069984436,-0.669416069984436,-0.6339377164840698,0,0,0,0.0
12,1.0,0.0,,0.05820012092590332,22.165892839431763,-0.0024249935252332513,-0.19241447746753693,-0.19241447746753693,-0.1593811810016632,7,0,0,0.0
5,0.0,0.0,,0.31644999980926514,5.038148999214172,0.0028692758955676323,0.006586758499471554,0.006586758499471554,0.017680931248162945,79,1,17,17.0
9,0.0,0.0,,0.18935000896453857,13.692641936937969,0.0009460982521429209,-0.13635471335843077,-0.13635471335843077,-0.125059529542923,116,1,23,23.0
21,1.0,0.0,,1.2895498275756836,0.1110999584197998,0.006527544788301771,0.4347328543663025,0.4347328543663025,0.46970611810684204,115,0,0,0.0
5,0.0,0.0,,0.3187999725341797,0.7745494842529297,0.0034147364880748573,0.177366241812706,0.177366241812706,0.18173128366470337,114,0,0,0.0
7,0.0,0.0,,0.33694982528686523,0.15505218505859375,0.0022371261822889533,0.15608783066272736,0.15608783066272736,0.1591935157775879,115,0,0,0.0
24,0.0,0.0,,0.4597001075744629,0.009900093078613281,0.004046611825619742,0.27016371488571167,0.27016371488571167,0.2686437964439392,96,0,0,0.0
12,1.0,0.0,,0.2857499122619629,7.6785272598266605,-0.0025804072114253623,0.016112334707863316,0.016112334707863316,-0.04134832419253681,35,1,39,39.0
3,1.0,0.0,,0.16479992866516113,4.819397211074828,-0.0008428364259242816,-0.030611877767448743,-0.030611877767448743,0.007056325674057007,4,1,8,8.0
15,0.0,0.0,,0.17235016822814941,3.46394419670105,0.0014133562057914264,0.011870655231177807,0.011870655231177807,0.007225066423416138,77,0,0,0.0
12,1.0,0.0,,0.2714998722076416,1.3566999435424805,0.0005126020727529322,-0.02248844876885414,-0.02248844876885414,-0.058462440967559814,76,0,0,0.0
26,0.0,0.0,,0.3800499439239502,0.020050525665283203,0.0022136042732343922,0.19631608938559508,0.19631608938559508,0.15566989429304579,87,1,28,28.0
18,1.0,0.0,,0.5625,0.18729948997497559,0.0029511451596138587,0.190098375082016,0.190098375082016,0.148706316947937,109,0,0,0.0
15,0.0,0.0,,0.27997086509581504,0.02390003204345703,0.0009722364233049238,0.14722714719609317,0.14722714719609317,0.13305687730968824,79,1,30,30.0
25,0.0,0.0,,0.2620999813079834,1.2788994312286377,-7.037345486518744e-05,0.025665806606411934,0.025665806606411934,0.026643753051757812,30,0,0,0.0
14,0.0,0.0,,0.5137498378753662,0.22420048713684082,0.0016679529322867202,0.17085638005509335,0.17085638005509335,0.19233724339441816,62,1,21,21.0
7,1.0,0.0,,1.0682001113891602,0.0,0.009210600610935487,0.5806937217712402,0.5806937217712402,0.5454937815666199,103,0,0,0.0
9,0.0,0.0,,0.42929983139038086,0.11007818222045884,0.00017289729550601222,0.2155358159643972,0.2155358159643972,0.20694467010705364,68,1,22,22.0
18,1.0,0.0,,0.22624969482421875,1.3130078315734863,0.0010303210964910895,0.030952828004956245,0.030952828004956245,0.04921233654022217,103,0,0,0.0
21,1.0,0.0,,0.06790018081665039,5.520447254180908,-0.0010788059293215324,-0.14600121974945068,-0.14600121974945068,-0.11504369974136353,6,0,0,0.0
5,0.0,0.0,,0.28675007820129395,4.524649977684021,-0.026306607353085664,-0.6245437987849245,-0.6245437987849245,-0.6828410242930119,26,1,65,65.0
17,1.0,0.0,,0.23634982109069824,5.905951448108839,0.0035273731161273997,0.061703423149565347,0.061703423149565347,0.07095626968404523,70,1,22,22.0
14,0.0,0.0,,0.02299976348876953,11.77240514755249,-0.004320694214058356,-0.22902067005634308,-0.22902067005634308,-0.22667503356933594,5,0,0,0.0
19,1.0,0.0,,0.16411244869232178,0.17770004272460938,0.0009526376320215338,0.025751700768103965,0.025751700768103965,0.03846591309859204,101,1,12,12.0
9,0.0,0.0,,0.20770001411437988,0.7205500602722168,-0.0003934744909345638,0.02255599945783615,0.02255599945783615,0.006012558937072754,6,0,0,0.0
6,0.0,0.0,,0.38555002212524414,0.020450115203857422,-4.953666468576582e-05,0.1647123545408249,0.1647123545408249,0.15786868333816528,30,0,0,0.0
13,1.0,0.0,,0.42600011825561523,6.163399934768677,-0.029520076352240226,-0.5837868869814098,-0.5837868869814098,-0.7378357621756467,55,1,10,10.0
12,1.0,0.0,,0.5871002674102783,0.3784499168395996,0.0008832888314588517,0.22321334659543812,0.22321334659543812,0.19413622362273075,115,1,27,27.0
14,0.0,0.0,,0.5733001232147217,0.34364962577819824,0.003340093899320568,0.17383463158566728,0.17383463158566728,0.1581666873347375,106,1,30,30.0
4,0.0,0.0,,0.2285001277923584,1.3633983135223389,0.0010709589946743224,0.042453523725271225,0.042453523725271225,0.03306880593299866,104,0,0,0.0
4,0.0,0.0,,0.3891000747680664,1.1253483295440674,0.0003180598009995558,0.07832448184490204,0.07832448184490204,0.08683761954307556,35,0,0,0.0
18,1.0,0.0,,0.5537500381469727,0.0894007682800293,0.001949898233253486,0.18127082288265228,0.18127082288265228,0.16486239433288574,115,0,0,0.0
22,0.0,0.0,,0.0,28.697749853134155,-0.004321008137749519,-0.5593316555023193,-0.5593316555023193,-0.5203249454498291,0,0,0,0.0
18,1.0,0.0,,0.6919999122619629,3.7481513023376465,-0.0022648767572437147,0.03829646416199513,0.03829646416199513,0.02609712878863013,45,1,17,17.0
2,0.0,0.0,,0.019350051879882812,6.815749406814575,-0.0029386630042782026,-0.48687427268069017,-0.48687427268069017,-0.4695332561220442,1,1,48,48.0
3,0.0,0.0,,0.17534995079040527,0.17425036430358887,-0.0007074584027781373,0.06942022050547804,0.06942022050547804,0.0627861837546031,12,1,14,14.0
8,1.0,0.0,,0.36869990825653076,10.2387121245265,-0.0033754489880573994,-0.031000846980983376,-0.031000846980983376,-0.08906095195561647,42,1,15,15.0
4,0.0,0.0,,0.24685001373291016,1.5657253723878126,-0.00029556887540940313,0.039662453863355845,0.039662453863355845,0.037390420070061325,69,1,12,12.0
8,1.0,0.0,,0.6080503463745117,0.05149984359741211,0.0030122389995838657,0.29962649941444397,0.29962649941444397,0.29138126969337463,80,0,0,0.0
7,0.0,0.0,,0.17589998245239258,0.0,0.0008520752843158143,0.07222560048103333,0.07222560048103333,0.06456869840621948,70,0,0,0.0
7,1.0,0.0,,0.11280012130737305,19.34399652481079,0.004984585927193703,-0.3157179057598114,-0.3157179057598114,-0.280462384223938,116,0,0,0.0
15,1.0,0.0,,0.3474998474121094,0.1518380455672741,0.0025576277264308324,0.14437213718381703,0.14437213718381703,0.1484873965382576,84,1,63,63.0
15,0.0,0.0,,0.005700111389160156,14.704299688339233,-0.009896878240120246,-0.6351731419563293,-0.6351731419563293,-0.6151686906814575,10,0,0,0.0
9,1.0,0.0,,0.0,10.55899453163147,0.0004884519658703729,-0.1809016221608871,-0.1809016221608871,-0.15330595719186868,0,1,18,18.0
2,0.0,0.0,,0.0,5.562751650810242,-0.0009821355919001243,-0.23249322226923755,-0.23249322226923755,-0.23146245846537505,0,1,48,48.0
25,0.0,0.0,,0.0022499561309814453,33.27234947681427,-0.01035361718757383,-0.5866281797743251,-0.5866281797743251,-0.5462300534311093,23,1,18,18.0
4,0.0,0.0,,0.33245015144348145,6.2469000816345215,-0.0037576658918784377,-0.0909166932106018,-0.0909166932106018,-0.06002497673034668,12,0,0,0.0
14,0.0,0.0,,0.3832998275756836,0.0,0.0017741712065891667,0.21232762932777405,0.21232762932777405,0.19806241989135742,62,0,0,0.0
14,0.0,0.0,,0.28694987297058105,1.8772995471954346,0.002480906179938859,0.059736098998632185,0.059736098998632185,0.07098527690943546,90,1,17,17.0
22,0.0,0.0,,0.09094977378845215,6.79065203666687,-0.0046971616755856855,-0.2019791603088379,-0.2019791603088379,-0.1988125443458557,4,0,0,0.0
15,0.0,0.0,,0.1614999771118164,9.936028139994427,0.001520902097951389,-0.10300689426242796,-0.10300689426242796,-0.09375409606625051,88,1,16,16.0
24,1.0,0.0,,0.1392500400543213,1.5638997554779053,-0.001450472603786922,-0.0034260544925928116,-0.0034260544925928116,0.008362531661987305,12,0,0,0.0
24,1.0,0.0,,0.003300189971923828,6.1412951946258545,-0.0012542928652717704,-0.1428024023771286,-0.1428024023771286,-0.13589978218078613,4,0,0,0.0
19,1.0,0.0,,0.8889002799987793,0.6891489028930664,0.00923702505631028,0.34818047285079956,0.34818047285079956,0.3386375904083252,116,0,0,0.0
17,1.0,0.0,,0.6486499309539795,0.4770514965057373,0.004390261235381682,0.18484394252300262,0.18484394252300262,0.1617749035358429,116,0,0,0.0
14,0.0,0.0,,0.5435500144958496,0.3574502468109131,-0.002526835241693003,0.23710955106295073,0.23710955106295073,0.19424840514407016,19,1,21,21.0
3,1.0,0.0,,0.11955022811889648,1.6475000381469727,-0.005821645528720761,-0.103251613676548,-0.103251613676548,-0.10698747634887695,68,0,0,0.0
16,1.0,0.0,,0.16350007057189941,21.93994304112026,0.0005175646585252589,-0.1900139853485629,-0.1900139853485629,-0.18871070870331352,9,1,27,27.0
14,0.0,0.0,,0.14419984817504883,4.604996204376221,-0.0013407540593965268,-0.02032346837222576,-0.02032346837222576,-0.01344364881515503,25,0,0,0.0
21,1.0,0.0,,0.0,7.747753143310547,-0.002637244487102115,-0.291293740272522,-0.291293740272522,-0.26556265354156494,0,0,0,0.0
2,0.0,0.0,,0.49510014057159424,2.574497938156128,0.005479187590163118,0.11255457054855478,0.11255457054855478,0.07823757827281952,110,1,9,9.0
4,0.0,0.0,,0.40794992446899414,0.245100736618042,0.0030180239095397607,0.22026188671588898,0.22026188671588898,0.2431374192237854,99,0,0,0.0
9,1.0,0.0,,0.15125012397766113,6.5490498542785645,-0.055421153302369845,-1.5973169620220475,-1.5973169620220475,-1.6529686152935028,59,1,55,55.0
23,0.0,0.0,,0.32399988174438477,0.9265501499176025,-6.323418703499254e-05,0.07656279951334,0.07656279951334,0.07191240787506104,116,0,0,0.0
13,0.0,0.0,,0.2915501594543457,0.8991003036499023,0.0013020979466497106,0.04383585602045059,0.04383585602045059,0.045387446880340576,72,0,0,0.0
19,1.0,0.0,,0.7902998924255371,0.17154979705810547,0.0060984575881892844,0.3671105206012726,0.3671105206012726,0.37081241607666016,114,0,0,0.0
7,0.0,0.0,,0.2767000198364258,0.016900062561035156,0.0018324723828460412,0.13749870657920837,0.13749870657920837,0.13243752717971802,98,0,0,0.0
14,0.0,0.0,,0.10994982719421387,1.5622501373291016,-0.0030876753879712842,-0.07905070394532293,-0.07905070394532293,-0.09487096527043515,10,1,17,17.0
26,0.0,0.0,,0.21990013122558594,0.7143466472625732,0.0004810734389274143,0.0644116997718811,0.0644116997718811,0.07391884922981262,95,0,0,0.0
6,0.0,0.0,,0.08174991607666016,0.6740503311157227,-0.005887339974755972,-0.3385644257068634,-0.3385644257068634,-0.33375656604766846,1,0,0,0.0
22,0.0,0.0,,0.0489501953125,0.017600536346435547,-5.744055911040438e-05,0.016083313152194023,0.016083313152194023,0.01553112268447876,13,0,0,0.0
4,0.0,0.0,,0.42980003356933594,0.024399995803833008,-0.0001429929514469645,0.2072201818227768,0.2072201818227768,0.20583757758140564,73,0,0,0.0
4,0.0,0.0,,0.122650146484375,2.17799973487854,-0.005965864703553378,-0.30520081520080566,-0.30520081520080566,-0.30818748474121094,9,0,0,0.0
25,0.0,0.0,,0.24490010738372803,0.3244867843130361,-0.00012175513917377346,0.04387820989657672,0.04387820989657672,0.05116047463488815,54,1,38,38.0
12,1.0,0.0,,0.23180007934570312,4.805856704711914,0.0023958804422348897,0.008826814591884613,0.008826814591884613,0.003537476062774658,105,0,0,0.0
17,1.0,0.0,,0.2761499881744385,5.829350233078003,0.002169188227750187,-0.047740593552589417,-0.047740593552589417,-0.03961247205734253,109,0,0,0.0
24,0.0,0.0,,0.1461501121520996,1.59419846534729,-0.0020649128936045895,-0.023306310176849365,-0.023306310176849365,-0.03501865267753601,26,0,0,0.0
22,0.0,0.0,,0.37614965438842773,0.4130988121032715,0.0028474952414662886,0.17373129725456238,0.17373129725456238,0.17391255497932434,50,0,0,0.0
17,1.0,0.0,,0.17604970932006836,0.1602003574371338,0.0012791045203810107,0.01727595366537571,0.01727595366537571,0.0180874764919281,108,0,0,0.0
6,0.0,0.0,,0.46949994564056396,0.004650115966796875,-2.696658392964886e-05,0.30524559510059845,0.30524559510059845,0.2940456387318465,40,1,20,20.0
5,0.0,0.0,,0.5302999019622803,1.2098495960235596,0.003959408021344433,0.22528629004955292,0.22528629004955292,0.2236061990261078,97,0,0,0.0
6,0.0,0.0,,0.8161501884460449,0.0,0.006532644115770363,0.4263608753681183,0.4263608753681183,0.42560014128685,98,0,0,0.0
3,0.0,0.0,,0.2439599990844723,3.468950033187866,-0.0277478172489711,-0.7358140079384177,-0.7358140079384177,-0.7725643883360194,68,1,46,46.0
1,1.0,0.0,,0.9192001819610596,0.4657999277114868,0.0013589276762814297,0.4158347019782433,0.4158347019782433,0.4109625369310379,83,1,19,19.0
3,0.0,0.0,,0.5697500705718994,7.756394147872925,0.006904173503666444,0.0758710743015648,0.0758710743015648,0.06148836462892948,88,1,16,16.0
1,1.0,0.0,,0.1914501190185547,0.3771510124206543,0.00013256725059229954,0.04233451932668686,0.04233451932668686,0.05135607719421387,63,0,0,0.0
26,0.0,0.0,,0.2180497646331787,1.196601152420044,-0.0022001267336997305,0.0490405336022377,0.0490405336022377,0.050762444734573364,29,0,0,0.0
19,1.0,0.0,,0.5520496368408203,0.42795276641845703,0.005396992130276968,0.20882758498191833,0.20882758498191833,0.1984434723854065,102,0,0,0.0
2,1.0,0.0,,0.6200601180394489,1.1096111352627096,0.002786753279912218,0.10012272484282143,0.10012272484282143,0.1243716116134937,98,1,12,12.0
17,1.0,0.0,,0.1807999610900879,5.401045799255371,0.0007069237298772085,-0.022516172379255295,-0.022516172379255295,-0.025406181812286377,55,0,0,0.0
23,0.0,0.0,,0.3530001640319824,0.34145021438598633,0.002494213855451113,0.14551497995853424,0.14551497995853424,0.1336999535560608,62,0,0,0.0
22,0.0,0.0,,0.4291999340057373,0.0,0.0035716625095944766,0.27725669741630554,0.27725669741630554,0.2592748701572418,109,0,0,0.0
23,0.0,0.0,,0.2803499698638916,1.6793500185012817,-0.012792253968927508,-0.3220683855888171,-0.3220683855888171,-0.35926007667291227,59,1,52,52.0
7,1.0,0.0,,0.0718998908996582,0.9875016212463379,0.0005091355815184811,-0.05281594768166542,-0.05281594768166542,-0.04491269588470459,116,0,0,0.0
26,0.0,0.0,,0.008350014686584473,9.737101137638094,-0.0015955417169987204,-0.18554489887677705,-0.18554489887677705,-0.17175559302171073,6,1,29,29.0
24,0.0,0.0,,0.24831256696156068,1.8739980459213257,-0.0015825615496367384,0.04610881744286951,0.04610881744286951,0.04507881445544104,27,1,27,27.0
17,1.0,0.0,,0.12080001831054688,0.13135290145874023,0.00028754835224967674,0.04240711033344269,0.04240711033344269,0.035593628883361816,68,0,0,0.0
7,1.0,0.0,,1.13670015335083,0.100250244140625,0.009679695773466624,0.49479910731315613,0.49479910731315613,0.4745124578475952,116,0,0,0.0
13,1.0,0.0,,0.0,6.174849987030029,-0.05254885438595132,-3.078147384855483,-3.078147384855483,-2.950436391823464,0,1,115,115.0
17,1.0,0.0,,0.1425001621246338,3.9912493228912354,0.0009276190662868522,-0.03606238588690758,-0.03606238588690758,-0.019743770360946655,97,0,0,0.0
14,0.0,0.0,,0.027699947357177734,5.740750074386597,-0.052571157152587825,-2.659190699585482,-2.659190699585482,-2.591768372358766,1,1,107,107.0
1,1.0,0.0,,0.10509991645812988,6.636749982833862,-0.012401718419573837,-0.2431495546275734,-0.2431495546275734,-0.36353468232684666,42,1,5,5.0
5,0.0,0.0,,0.059350013732910156,17.46860361099243,-0.00204614408956352,-0.2303137332201004,-0.2303137332201004,-0.21422505378723145,1,0,0,0.0
6,0.0,0.0,,0.08130002021789551,11.201020956039429,0.0014077183243180148,-0.1844838990105523,-0.1844838990105523,-0.12820711284875874,102,1,14,14.0
25,0.0,0.0,,0.4971001148223877,0.08322912454605103,0.0024725820204696746,0.2591079086320013,0.2591079086320013,0.25474133990381076,102,1,23,23.0
21,0.0,0.0,,0.7346999645233154,5.364766581491991,0.009060402719867104,0.310501912720183,0.310501912720183,0.2569086409427903,91,1,23,23.0
23,0.0,0.0,,0.055750370025634766,0.5726995468139648,-0.0017043575846587412,-0.042359866201877594,-0.042359866201877594,-0.03467458486557007,19,0,0,0.0
7,0.0,0.0,,0.29654979705810547,2.650599956512451,-0.0016666231112663166,0.04299445077776909,0.04299445077776909,0.04064995050430298,116,0,0,0.0
22,0.0,0.0,,0.06019997596740723,3.1988492012023926,-0.0024139500458332562,-0.17000718707712287,-0.17000718707712287,-0.15816033052073586,6,1,26,26.0
2,0.0,0.0,,0.29820001125335693,1.8444715177311615,0.0020527928510679994,0.07267928938580374,0.07267928938580374,0.09648568402318397,75,1,33,33.0
2,1.0,0.0,,0.0,49.65353798866272,-1.9376412516158103e-05,-0.5361960530281067,-0.5361960530281067,-0.516243577003479,0,0,0,0.0
3,0.0,0.0,,0.22440004348754883,0.20929956436157227,0.0021646102312365824,0.027977214919196244,0.027977214919196244,0.025515224843744133,113,1,80,80.0
23,0.0,0.0,,0.2718501091003418,0.010300159454345703,-0.0005707143138353902,0.11644570529460907,0.11644570529460907,0.10878747701644897,15,0,0,0.0
7,0.0,0.0,,0.06565046310424805,1.9005498886108398,-0.019490428776154995,-0.8191223740577698,-0.8191223740577698,-0.8015936017036438,29,0,0,0.0
4,0.0,0.0,,0.34404993057250977,2.7474985122680664,0.003071048694240097,0.0712624192237854,0.0712624192237854,0.04021251201629639,106,0,0,0.0
16,0.0,0.0,,0.12475013732910156,0.4405498504638672,-0.0018567091039981074,-0.10913880169391632,-0.10913880169391632,-0.0953248143196106,62,0,0,0.0
4,0.0,0.0,,0.19975018501281738,15.604650020599365,-0.0019062170226112785,-0.2377512902021408,-0.2377512902021408,-0.24889373779296875,67,0,0,0.0
9,1.0,0.0,,0.16334962844848633,13.757004737854004,-0.004696932050006976,-0.4362698793411255,-0.4362698793411255,-0.38683760166168213,5,0,0,0.0
25,0.0,0.0,,0.31648029451784865,3.63123832837395,0.0024651648280850274,0.0071924873906323,0.0071924873906323,0.042097552638986846,106,1,23,23.0
14,0.0,0.0,,0.14025020599365234,0.31889820098876953,0.0015440657608701543,0.03461696580052376,0.03461696580052376,0.04086273908615112,73,0,0,0.0
2,1.0,0.0,,0.5822600444157917,1.3287022553957426,0.003891040810760415,0.18910897898877788,0.18910897898877788,0.16934998333454132,63,1,12,12.0
2,1.0,0.0,,0.12505006790161133,8.321249604225159,-0.01689820400444353,-0.5115131618630173,-0.5115131618630173,-0.578687459230423,41,1,6,6.0
25,0.0,0.0,,0.1789001226425171,4.41064989566803,-0.004162030661926755,-0.024753747332809325,-0.024753747332809325,0.06916257739067078,112,1,2,2.0
23,0.0,0.0,,0.010950088500976562,17.193800926208496,-0.02111957288981395,-0.7278932332992554,-0.7278932332992554,-0.7129813432693481,19,0,0,0.0
12,0.0,0.0,,0.11889982223510742,4.668244361877441,-0.000847535787995515,-0.07342980802059174,-0.07342980802059174,-0.06394988298416138,62,0,0,0.0
19,0.0,0.0,,0.051850080490112305,3.9688491821289062,-0.0019077495307466745,-0.13152109557746822,-0.13152109557746822,-0.12150426022708416,12,1,79,79.0
6,0.0,0.0,,0.0872502326965332,1.6172494888305664,-0.00713139709442129,-0.290653795003891,-0.290653795003891,-0.2684812545776367,12,0,0,0.0
19,0.0,0.0,,0.4377002716064453,0.7945230669445458,0.0019364108449152562,0.15863221017723408,0.15863221017723408,0.14200011226865983,65,1,17,17.0
19,1.0,0.0,,0.8606996536254883,0.22790098190307617,0.006439196571988424,0.3282467722892761,0.3282467722892761,0.30406856536865234,116,0,0,0.0
4,0.0,0.0,,0.0,44.34185743331909,-0.007831299709954678,-1.0035091638565063,-1.0035091638565063,-0.9492689371109009,0,0,0,0.0
9,0.0,0.0,,0.0457000732421875,29.598633527755737,-0.005282355953033562,-0.3179638087749481,-0.3179638087749481,-0.30828097462654114,13,0,0,0.0
18,1.0,0.0,,0.0,10.932897567749023,0.0010394192507981264,-0.24258370697498322,-0.24258370697498322,-0.19586867094039917,0,0,0,0.0
13,1.0,0.0,,0.06804990768432617,10.503279469907284,-0.0014255169324796698,-0.11015290378505348,-0.11015290378505348,-0.1188371984319665,42,1,31,31.0
22,0.0,0.0,,0.4940497875213623,0.16494989395141602,0.0033194368422137703,0.2948833107948303,0.2948833107948303,0.2933875024318695,88,0,0,0.0
6,0.0,0.0,,0.2090001106262207,3.947950839996338,0.00022709373053714924,-0.04996325075626373,-0.04996325075626373,-0.05281251668930054,108,0,0,0.0
5,0.0,0.0,,0.7103497982025146,0.03520011901855469,0.005164853454173897,0.4288652085850381,0.4288652085850381,0.4026665439362127,92,1,16,16.0
18,1.0,0.0,,0.4322996139526367,0.6243495941162109,-0.0050643998595547015,0.0939580649137497,0.0939580649137497,0.06778126955032349,2,0,0,0.0
12,0.0,0.0,,0.27520012855529785,0.200700044631958,-0.0003648867173576403,0.036258142441511154,0.036258142441511154,0.02845621109008789,68,0,0,0.0
24,1.0,0.0,,0.0,4.03154993057251,-0.002583596807111503,-0.20573973655700684,-0.20573973655700684,-0.1970062553882599,0,0,0,0.0
24,0.0,0.0,,0.12234997749328613,0.033899784088134766,0.0002559559307622324,0.07045687735080719,0.07045687735080719,0.060112565755844116,38,0,0,0.0
6,0.0,0.0,,0.013750076293945312,3.9630448818206787,-0.0014997661371883783,-0.11199893057346344,-0.11199893057346344,-0.09963729977607727,53,0,0,0.0
12,0.0,0.0,,0.45674991607666016,0.2599499225616455,0.004115548886167921,0.20693516731262207,0.20693516731262207,0.2080376148223877,105,0,0,0.0
13,0.0,0.0,,0.34955012798309326,1.396405492510115,0.002528149884277337,0.13495990863213173,0.13495990863213173,0.1231242028020677,104,1,20,20.0
18,1.0,0.0,,0.5649499893188477,1.7004499435424805,0.0042721915772779085,0.0810132771730423,0.0810132771730423,0.06593126058578491,109,0,0,0.0
2,0.0,0.0,,0.27435004711151123,3.3745501041412354,-0.011099121226596597,-0.305494709402068,-0.305494709402068,-0.3202261332166838,44,1,50,50.0
14,0.0,0.0,,0.0051500797271728516,5.760349988937378,-0.05160813564273726,-2.753046600227682,-2.753046600227682,-2.6752475527965665,4,0,0,0.0
3,1.0,0.0,,0.08104991912841797,1.7148504257202148,-0.0033278445798484045,-0.14284935593605042,-0.14284935593605042,-0.13978731632232666,70,0,0,0.0
15,0.0,0.0,,0.5072106953823203,4.22885000705719,-0.02318306635460209,-0.3156038410643227,-0.3156038410643227,-0.41955281855248994,85,0,0,0.0
19,1.0,0.0,,0.11350011825561523,0.049948692321777344,0.0009344803470361809,0.05223551765084267,0.05223551765084267,0.051856279373168945,107,0,0,0.0
21,1.0,0.0,,0.9550502300262451,3.213049064664281,0.0023765329038216037,0.3305628788776887,0.3305628788776887,0.25455005802944597,56,1,35,35.0
25,0.0,0.0,,0.0,4.734099984169006,-0.01046730392264588,-0.6855004103774698,-0.6855004103774698,-0.7582256918152174,0,1,7,7.0
6,0.0,0.0,,0.14515018463134766,6.511238098144531,0.0004033017425406769,-0.07354550808668137,-0.07354550808668137,-0.06528103351593018,68,0,0,0.0
4,0.0,0.0,,0.3997502326965332,0.3876490592956543,0.003189790547032525,0.125981867313385,0.125981867313385,0.12781888246536255,109,0,0,0.0
3,0.0,0.0,,0.27300024032592773,0.1773996353149414,-0.0003564296481681839,0.05663767084479332,0.05663767084479332,0.028074979782104492,72,0,0,0.0
24,1.0,0.0,,0.23325014114379883,2.6788437366485596,0.0019698147024926334,-0.01002336386591196,-0.01002336386591196,-0.009206116199493408,116,0,0,0.0
16,1.0,0.0,,0.11934995651245117,3.5403499603271484,-0.033356889418313905,-1.5623402789107759,-1.5623402789107759,-1.5268043119544736,11,1,101,101.0
24,1.0,0.0,,0.3037996292114258,0.04105043411254883,0.0009092200184524401,0.1661408692598343,0.1661408692598343,0.15983110666275024,34,0,0,0.0
9,0.0,0.0,,0.42280030250549316,0.17475032806396484,0.002939030791796028,0.15381236374378204,0.15381236374378204,0.11263129115104675,115,0,0,0.0
24,0.0,0.0,,0.10339999198913574,4.813001394271851,-0.0004931005859695136,-0.05862011760473251,-0.05862011760473251,-0.07145002484321594,5,0,0,0.0
21,0.0,0.0,,0.22820019721984863,7.094448566436768,-0.0040050861101086155,-0.03773539698022044,-0.03773539698022044,-0.061412423849105835,50,1,8,8.0
3,0.0,0.0,,0.2646000385284424,0.0214998722076416,0.0005039240405729221,0.1423662625826322,0.1423662625826322,0.106618732213974,76,0,0,0.0
4,0.0,0.0,,0.7070999145507812,0.04675006866455078,0.003417611826000132,0.46273159980773926,0.46273159980773926,0.40990620851516724,101,0,0,0.0
24,0.0,0.0,,0.0616002082824707,4.4962427616119385,0.0007822333825812013,-0.1061442419886589,-0.1061442419886589,-0.09421858191490173,94,0,0,0.0
18,1.0,0.0,,0.02050018310546875,12.361546516418457,-0.001562896403535477,-0.3045058846473694,-0.3045058846473694,-0.2583436369895935,14,0,0,0.0
24,1.0,0.0,,0.016350269317626953,4.005096197128296,-0.0007970658058075382,-0.11344005167484283,-0.11344005167484283,-0.1035999059677124,99,0,0,0.0
14,0.0,0.0,,0.20099997520446777,0.21384978294372559,0.00017738987021816456,0.006772746387709919,0.006772746387709919,0.00907020662960245,103,1,18,18.0
17,1.0,0.0,,0.2897000312805176,5.2276999950408936,-0.01086994981445612,-0.16571923402639535,-0.16571923402639535,-0.323565090786327,103,1,9,9.0
24,1.0,0.0,,0.22394990921020508,1.6120507717132568,-0.0015639365858264853,0.019551683217287064,0.019551683217287064,0.021956205368041992,35,0,0,0.0
24,1.0,0.0,,0.7746000289916992,0.3264501094818115,0.006898982037272978,0.238929882645607,0.238929882645607,0.24547496438026428,115,0,0,0.0
18,1.0,0.0,,0.29489994049072266,20.92910599708557,0.0021632334531763967,-0.3915565311908722,-0.3915565311908722,-0.34768760204315186,101,0,0,0.0
14,0.0,0.0,,0.0,13.919329166412354,0.0010340557938886606,-0.1600823849439621,-0.1600823849439621,-0.1512002944946289,0,0,0,0.0
13,0.0,0.0,,0.17274999618530273,1.5959534645080566,-0.0012025355356614857,0.004341781605035067,0.004341781605035067,0.008249938488006592,42,0,0,0.0
16,0.0,0.0,,0.44299983978271484,8.823904037475586,0.005559387941127092,-0.13949796557426453,-0.13949796557426453,-0.13321876525878906,115,0,0,0.0
10,1.0,0.0,,0.24359989166259766,0.050699710845947266,-0.00031919432135876953,0.11818011850118637,0.11818011850118637,0.10158765316009521,29,0,0,0.0
3,0.0,0.0,,0.0077495574951171875,4.174802303314209,-0.0014629670428833856,-0.10295227915048599,-0.10295227915048599,-0.09185010194778442,10,0,0,0.0
25,0.0,0.0,,0.189500093460083,1.5059008598327637,-0.0010549492901669136,0.01066917646676302,0.01066917646676302,0.0008687376976013184,35,0,0,0.0
5,0.0,0.0,,0.3664999008178711,0.07739925384521484,-0.0003032209625630589,0.1334371268749237,0.1334371268749237,0.1155310869216919,54,0,0,0.0
22,0.0,0.0,,0.0,5.448850631713867,-0.01589279669549411,-1.1197739839553833,-1.1197739839553833,-1.0691251754760742,0,0,0,0.0
22,0.0,0.0,,0.30299997329711914,1.188147783279419,0.0029064036528262307,0.06868349015712738,0.06868349015712738,0.04785639047622681,101,0,0,0.0
21,1.0,0.0,,0.7215003967285156,17.048845767974854,-0.01199639062200182,-0.36277979612350464,-0.36277979612350464,-0.34195610880851746,19,0,0,0.0
11,0.0,0.0,,0.0,35.930604696273804,-0.008290240289738732,-1.0568338632583618,-1.0568338632583618,-1.0190564393997192,0,0,0,0.0
13,0.0,0.0,,0.30339980125427246,5.437450170516968,-0.013095541846366469,-0.1053236712757339,-0.1053236712757339,-0.2691922296177257,90,1,10,10.0
19,0.0,0.0,,0.06634950637817383,22.355724811553955,-0.0037159367183909452,-0.24834869801998138,-0.24834869801998138,-0.2162441611289978,8,0,0,0.0
7,1.0,0.0,,0.14029979705810547,0.0,-8.623213307024913e-05,0.09477066248655319,0.09477066248655319,0.08771276473999023,53,0,0,0.0
23,0.0,0.0,,1.1862499713897705,0.16875004768371582,0.011238248678661387,0.6086436214610043,0.6086436214610043,0.6180592016740278,115,1,56,56.0
25,0.0,0.0,,0.7050000429153442,0.7334989309310913,0.005061915748215954,0.20017568576030242,0.20017568576030242,0.19817952166872416,116,1,18,18.0
17,1.0,0.0,,0.1091001033782959,5.597802639007568,0.0009226467281802834,-0.06838124245405197,-0.06838124245405197,-0.05369383096694946,98,0,0,0.0
18,1.0,0.0,,0.33080005645751953,0.19044995307922363,-0.0001336953182255045,0.0031428541988134384,0.0031428541988134384,-0.009518623352050781,67,0,0,0.0
8,1.0,0.0,,0.0,15.662041187286377,-0.00041052755764779155,-0.1782999187707901,-0.1782999187707901,-0.1622811257839203,0,0,0,0.0
25,0.0,0.0,,0.38430023193359375,0.010449886322021484,0.0012693148793066441,0.19986800849437714,0.19986800849437714,0.19630634784698486,80,0,0,0.0
24,0.0,0.0,,0.3126497268676758,6.354550123214722,-0.0173092387656495,-0.3066894437512781,-0.3066894437512781,-0.4745715388229915,92,0,0,0.0
14,0.0,0.0,,0.07229995727539062,13.384202003479004,-0.004198244137552388,-0.20792104303836823,-0.20792104303836823,-0.18727511167526245,13,0,0,0.0
14,0.0,0.0,,0.30989980697631836,0.01750016212463379,0.0016978501998443348,0.1356997102753729,0.1356997102753729,0.12099034996593705,63,1,17,17.0
21,0.0,0.0,,0.35940003395080566,0.03984999656677246,0.002716595186266306,0.1881316751241684,0.1881316751241684,0.18428751826286316,95,0,0,0.0
17,1.0,0.0,,0.05970001220703125,16.880512475967407,-0.0006095026842412947,-0.19745872914791107,-0.19745872914791107,-0.1568126678466797,115,0,0,0.0
1,1.0,0.0,,0.238800048828125,0.08985042572021484,0.001022339910485393,0.08064983040094376,0.08064983040094376,0.06485617160797119,85,0,0,0.0
23,0.0,0.0,,0.4629993438720703,0.07565069198608398,0.0019377491293325225,0.2414911687374115,0.2414911687374115,0.22733724117279053,77,0,0,0.0
4,0.0,0.0,,0.35940003395080566,0.6840500831604004,0.003143261149220826,0.16547565162181854,0.16547565162181854,0.15853750705718994,102,0,0,0.0
22,0.0,0.0,,0.4057002067565918,0.08209991455078125,0.0015552204893516041,0.1796496957540512,0.1796496957540512,0.1808314025402069,115,0,0,0.0
24,1.0,0.0,,0.26329994201660156,0.0675501823425293,-2.890613307060212e-05,0.11243489384651184,0.11243489384651184,0.08991232514381409,63,0,0,0.0
24,1.0,0.0,,0.0,11.417243480682373,0.0006749898319872937,-0.1973700076341629,-0.1973700076341629,-0.1794186532497406,0,0,0,0.0
10,1.0,0.0,,0.4184999465942383,0.06269979476928711,-0.00024331704492872958,0.17879480123519897,0.17879480123519897,0.14384359121322632,5,0,0,0.0
13,0.0,0.0,,0.1105499267578125,5.519051551818848,-0.002797339263360582,-0.08266456310565655,-0.08266456310565655,-0.08418482366730184,46,1,16,16.0
17,1.0,0.0,,0.19800019264221191,6.51954550328462,0.0022602100780272512,-0.004612030127109625,-0.004612030127109625,0.027928130134292295,101,1,22,22.0
4,0.0,0.0,,0.29565000534057617,3.4176483154296875,-0.001649806744549018,0.046024829149246216,0.046024829149246216,0.07831883430480957,57,0,0,0.0
6,0.0,0.0,,0.23710012435913086,0.4636995792388916,0.0011323990460828724,0.07366631479344816,0.07366631479344816,0.06307239987348257,114,1,18,18.0
4,0.0,0.0,,0.3267500400543213,7.019970211115752,0.004750860413753402,0.008857217609372886,0.008857217609372886,-0.017387501322306154,99,1,21,21.0
5,0.0,0.0,,0.11545038223266602,11.024570941925049,0.0007900625222107547,-0.13294710218906403,-0.13294710218906403,-0.15957480669021606,107,0,0,0.0
14,0.0,0.0,,0.37544989585876465,5.439500093460083,-0.005003061831603973,0.035458457775605016,0.035458457775605016,-0.015937966108322155,65,1,5,5.0
14,0.0,0.0,,0.37419986724853516,0.08740043640136719,0.0014528376422032522,0.051416151225566864,0.051416151225566864,0.06026864051818848,115,0,0,0.0
16,1.0,0.0,,0.2090001106262207,2.859401226043701,-0.0019537119372423496,-0.01654922403395176,-0.01654922403395176,-0.018812596797943115,81,0,0,0.0
18,1.0,0.0,,0.006850242614746094,15.056186199188232,-0.001860115518066734,-0.24773818254470825,-0.24773818254470825,-0.23984971642494202,13,0,0,0.0
2,0.0,0.0,,0.5644502639770508,0.23599982261657715,0.0005547581337255332,0.20287536084651947,0.20287536084651947,0.13280630111694336,38,0,0,0.0
14,0.0,0.0,,0.15854978561401367,0.07430028915405273,0.00012641438697696375,0.05528940632939339,0.05528940632939339,0.05289345979690552,30,0,0,0.0
23,0.0,0.0,,0.010950088500976562,17.193800926208496,-0.02111957288981395,-0.7278932332992554,-0.7278932332992554,-0.7129813432693481,19,0,0,0.0
4,0.0,0.0,,0.18755006790161133,5.974299907684326,-0.017272528435629434,-0.5925905704498291,-0.5925905704498291,-0.584718644618988,22,0,0,0.0
15,0.0,0.0,,0.4323247733869051,0.09354972839355469,0.003097943327535492,0.23405948255816075,0.23405948255816075,0.21784693430485336,89,1,56,56.0
19,0.0,0.0,,0.19714975357055664,0.16065025329589844,0.00018515653524050222,0.07981844991445541,0.07981844991445541,0.04795628786087036,42,0,0,0.0
24,1.0,0.0,,0.08540010452270508,11.354304075241089,-0.0016290967668711887,-0.1381239891052246,-0.1381239891052246,-0.127437561750412,11,0,0,0.0
24,0.0,0.0,,0.355100154876709,0.19504952430725098,0.0033612392645029836,0.19902873039245605,0.19902873039245605,0.19488760828971863,86,0,0,0.0
7,1.0,0.0,,0.24660015106201172,0.5635504722595215,0.0009135475180700705,-0.013780785724520683,-0.013780785724520683,0.014600038528442383,112,0,0,0.0
24,0.0,0.0,,0.3069000244140625,0.32129907608032227,0.0024361337493729327,0.10108087956905365,0.10108087956905365,0.08126255869865417,90,0,0,0.0
18,1.0,0.0,,0.7190499305725098,2.0390536785125732,0.004008003605129227,0.16216206958151272,0.16216206958151272,0.13074365258216858,89,1,5,5.0
16,1.0,0.0,,0.5633499622344971,0.11239993572235107,0.002498895038413856,0.2739075269454565,0.2739075269454565,0.25235943496227264,64,1,5,5.0
6,0.0,0.0,,0.2581501007080078,8.96114730834961,0.002050358850482299,-0.0947127640247345,-0.0947127640247345,-0.08633747696876526,112,0,0,0.0
21,0.0,0.0,,0.22035002708435059,1.5502500534057617,-0.004981673332457544,-0.11764965607569768,-0.11764965607569768,-0.11219933985368069,13,1,31,31.0
4,0.0,0.0,,0.36875009536743164,6.324850082397461,0.0031107886880960014,-0.04075556620955467,-0.04075556620955467,-0.015350013971328735,96,0,0,0.0
10,1.0,0.0,,0.263700008392334,8.052180886268616,0.0006755711320267301,-0.08393065847902216,-0.08393065847902216,-0.09570904616471165,107,1,25,25.0
4,0.0,0.0,,0.04849982261657715,17.246204137802124,-0.00525214646041905,-0.26384836435317993,-0.26384836435317993,-0.21791884303092957,6,0,0,0.0
14,0.0,0.0,,0.17399978637695312,5.099562168121338,0.0027822781256547223,-0.07390622049570084,-0.07390622049570084,-0.05281895399093628,99,0,0,0.0
6,0.0,0.0,,0.057000160217285156,47.69495511054993,-0.014593641004325277,-1.0522056818008423,-1.0522056818008423,-0.9862501621246338,12,0,0,0.0
22,0.0,0.0,,0.27609968185424805,3.019606351852417,0.0036516823521582794,0.06384816020727158,0.06384816020727158,0.07063117623329163,106,0,0,0.0
7,1.0,0.0,,0.0,15.521004676818848,-0.0007794725305214561,-0.19366075098514557,-0.19366075098514557,-0.1916375756263733,0,0,0,0.0
24,1.0,0.0,,0.1689000129699707,0.951249361038208,0.0009470920981921225,0.027033811435103416,0.027033811435103416,0.0287000834941864,58,0,0,0.0
10,1.0,0.0,,0.2909998893737793,6.372200012207031,-0.047654647608949115,-1.2836617863076365,-1.2836617863076365,-1.349042560480365,33,0,0,0.0
19,0.0,0.0,,0.3843998908996582,2.6433000564575195,-0.003686173763527254,-0.056832116893214046,-0.056832116893214046,-0.14292455964036038,92,1,13,13.0
9,0.0,0.0,,0.24310016632080078,0.9359982013702393,-0.001213785897401163,0.015009470283985138,0.015009470283985138,0.006368815898895264,10,0,0,0.0
14,0.0,0.0,,0.4521501064300537,0.46635007858276367,0.0050899046699933136,0.008318758569657803,0.008318758569657803,0.03246241807937622,110,0,0,0.0
7,0.0,0.0,,0.1905503273010254,2.2970452308654785,-0.001004604668081236,-0.020956488326191902,-0.020956488326191902,-0.02354341745376587,65,0,0,0.0
15,1.0,0.0,,0.07339954376220703,18.506202936172485,-0.019352021690617557,-0.665672242641449,-0.665672242641449,-0.6366815567016602,54,0,0,0.0
16,0.0,0.0,,0.38339996337890625,0.05605030059814453,0.0028710471268750927,0.2307768017053604,0.2307768017053604,0.2061312198638916,116,0,0,0.0
21,0.0,0.0,,0.7159501314163208,0.15289998054504395,-0.0009366615372485575,0.3988696795243483,0.3988696795243483,0.3823684350303982,28,1,31,31.0
17,1.0,0.0,,0.7412500381469727,0.0,0.0046875806637199325,0.2932141423225403,0.2932141423225403,0.314543753862381,113,0,0,0.0
6,0.0,0.0,,0.08444976806640625,2.080514907836914,0.0003761241182647606,-0.01998870074748993,-0.01998870074748993,-0.0017440319061279297,17,0,0,0.0
4,0.0,0.0,,0.0,19.154186964035034,-0.0009029431846076823,-0.2049686461687088,-0.2049686461687088,-0.19844365119934082,0,0,0,0.0
24,0.0,0.0,,0.3737001419067383,0.1179497241973877,0.0032160796477298053,0.22731804847717285,0.22731804847717285,0.2117750644683838,83,0,0,0.0
25,0.0,0.0,,0.43779993057250977,0.3312000036239624,-0.005164589179433544,-0.05333291669177194,-0.05333291669177194,-0.06602632813983489,7,1,24,24.0
17,1.0,0.0,,0.10420012474060059,1.7545983791351318,-0.0010321662795758225,-0.008110969327390194,-0.008110969327390194,-0.013656079769134521,50,0,0,0.0
23,0.0,0.0,,0.01979970932006836,0.2958502769470215,-0.0013306560183931272,-0.06909727305173874,-0.06909727305173874,-0.0676189661026001,21,0,0,0.0
7,1.0,0.0,,0.1401996612548828,3.122403621673584,-0.0018647729534971285,0.0005464594578370452,0.0005464594578370452,0.0389561653137207,51,0,0,0.0
4,0.0,0.0,,0.4845001697540283,2.6675496101379395,0.004716132564999442,0.108339324593544,0.108339324593544,0.06421253085136414,114,0,0,0.0
6,0.0,0.0,,0.4699997901916504,1.3036036491394043,-0.002640317674682088,0.07920917868614197,0.07920917868614197,0.056874752044677734,39,0,0,0.0
3,0.0,0.0,,0.3174001543145426,0.6371501119513256,9.170473787588737e-05,0.09689143580249232,0.09689143580249232,0.05659371143893188,27,1,18,18.0
17,1.0,0.0,,0.009099960327148438,1.5133004188537598,-0.013481091944931148,-1.0323032140731812,-1.0323032140731812,-0.9787002205848694,12,0,0,0.0
21,1.0,0.0,,0.3816499710083008,28.328632567210356,-0.006402909802154982,-0.17335522276723486,-0.17335522276723486,-0.13090112402632437,42,1,36,36.0
21,0.0,0.0,,0.2337503433227539,0.7967989444732666,-0.0006710836603632613,-0.0053642080165445805,-0.0053642080165445805,-0.021299660205841064,74,0,0,0.0
9,0.0,0.0,,0.01835012435913086,6.591998815536499,-0.0040634255555088055,-0.41218194365501404,-0.41218194365501404,-0.3828061819076538,3,0,0,0.0
15,0.0,0.0,,0.31329989433288574,5.881799936294556,-0.04285756536035232,-0.9476886050313966,-0.9476886050313966,-1.0329450923973107,68,1,43,43.0
22,0.0,0.0,,0.0016499757766723633,4.755600094795227,-0.011707793594587535,-0.36877851608471995,-0.36877851608471995,-0.4798816492160161,6,0,0,0.0
21,0.0,0.0,,0.4050004482269287,0.0966496467590332,0.0038401446660959954,0.19106288254261017,0.19106288254261017,0.18379390239715576,116,0,0,0.0
21,0.0,0.0,,0.1300499439239502,2.2204001426696776,-0.0017543566016632282,-0.044479452646695665,-0.044479452646695665,-0.042324965198834774,110,1,21,21.0
13,1.0,0.0,,0.04369997978210449,1.356600046157837,-6.017696155548693e-05,-0.18880699944292378,-0.18880699944292378,-0.17618016598714592,108,1,31,31.0
6,0.0,0.0,,0.05664992332458496,4.829900026321411,-0.04400473253642889,-2.255153907669915,-2.255153907669915,-2.1967790692771247,6,1,108,108.0
13,0.0,0.0,,0.4320499897003174,0.7619497776031494,0.0015213064692279057,0.10410581796597211,0.10410581796597211,0.12833588576724397,73,1,26,26.0
23,0.0,0.0,,0.46304988861083984,0.0,0.0031605597446597547,0.2262699156999588,0.2262699156999588,0.2080935835838318,101,0,0,0.0
10,1.0,0.0,,0.042349815368652344,7.486849784851074,-0.008577512675403975,-0.4908998906612396,-0.4908998906612396,-0.46953123807907104,6,0,0,0.0
23,0.0,0.0,,0.42639970779418945,0.19805002212524414,0.002842884904504471,0.17574453353881836,0.17574453353881836,0.14712506532669067,89,0,0,0.0
14,0.0,0.0,,0.14189958572387695,2.6793036460876465,-0.0024663946387004213,-0.04923906549811363,-0.04923906549811363,-0.06049388647079468,5,0,0,0.0
24,1.0,0.0,,0.22789978981018066,5.687608242034912,0.0011158138422008527,-0.0491090752184391,-0.0491090752184391,-0.050150066614151,115,0,0,0.0
17,1.0,0.0,,0.1582498550415039,3.9702506065368652,-0.007669047272173734,-0.30034664273262024,-0.30034664273262024,-0.31956881284713745,2,0,0,0.0
9,1.0,0.0,,0.15470004081726074,0.49974966049194336,0.00026636847427275096,0.04497762521107992,0.04497762521107992,0.03792782686650753,96,1,15,15.0
1,1.0,0.0,,0.5451498031616211,0.0952005386352539,0.0027734539763891635,0.3266615867614746,0.3266615867614746,0.30366837978363037,51,0,0,0.0
19,0.0,0.0,,0.021249771118164062,3.065950870513916,-0.004159474362502249,-0.29191163182258606,-0.29191163182258606,-0.29011887311935425,2,0,0,0.0
24,1.0,0.0,,0.09560012817382812,5.057249069213867,0.00031148895901998686,-0.04433714970946312,-0.04433714970946312,-0.04723113775253296,113,0,0,0.0
13,1.0,0.0,,0.370800256729126,6.218599796295166,-0.02852368096205976,-0.613216024178725,-0.613216024178725,-0.7469449655954228,56,1,9,9.0
14,0.0,0.0,,0.23460006713867188,0.0,0.0018928285486793299,0.1370326280593872,0.1370326280593872,0.11735635995864868,114,0,0,0.0
18,1.0,0.0,,0.29504966735839844,1.0610504150390625,-0.006176523060469862,-0.06503643095493317,-0.06503643095493317,-0.10143131017684937,67,0,0,0.0
25,0.0,0.0,,0.19930028915405273,1.71864914894104,-0.0019499151671930875,0.03489532694220543,0.03489532694220543,0.025681346654891968,9,0,0,0.0
23,0.0,0.0,,0.5990500450134277,0.10684871673583984,0.004754880086005313,0.21583127975463867,0.21583127975463867,0.22262513637542725,114,0,0,0.0
22,0.0,0.0,,0.13635015487670898,0.06349992752075195,0.0006043246806781741,0.05396721301934658,0.05396721301934658,0.046336305516583076,53,1,21,21.0
24,1.0,0.0,,0.05285024642944336,7.661397933959961,-0.002280626911328028,-0.14146573841571808,-0.14146573841571808,-0.1228812038898468,41,0,0,0.0
18,1.0,0.0,,0.5340495109558105,0.13770055770874023,0.0017838856176676957,0.2989575266838074,0.2989575266838074,0.25750619173049927,66,0,0,0.0
16,1.0,0.0,,0.25804996490478516,2.069749355316162,0.0020976464328812455,0.06789404898881912,0.06789404898881912,0.08348757028579712,64,0,0,0.0
22,0.0,0.0,,0.20100009441375732,4.434999942779541,-0.02643396453254977,-0.5448969510885385,-0.5448969510885385,-0.6132512512532147,80,1,32,32.0
21,1.0,0.0,,0.2568998336791992,0.06230020523071289,0.001325507143206966,0.12052542716264725,0.12052542716264725,0.10834985971450806,79,0,0,0.0
24,1.0,0.0,,0.17400002479553223,0.272499680519104,0.0017379006172520263,0.03772419894862379,0.03772419894862379,0.03656028407615619,58,1,27,27.0
24,0.0,0.0,,0.2816498279571533,0.05345010757446289,0.0013048095243216424,0.1371260198772463,0.1371260198772463,0.13936242365068008,100,1,30,30.0
3,0.0,0.0,,0.3827497959136963,0.8880034977535027,0.0006930321040987643,0.11784289637182513,0.11784289637182513,0.13660230124896433,71,1,52,52.0
19,1.0,0.0,,0.8933000564575195,3.6701016426086426,0.008792698650408414,0.24546363949775696,0.24546363949775696,0.24657493829727173,110,0,0,0.0
14,0.0,0.0,,0.3056502342224121,2.9961886405944824,0.002697901233489647,-0.008307395502924919,-0.008307395502924919,-0.01491844654083252,94,0,0,0.0
4,0.0,0.0,,0.26345014572143555,1.8453447818756104,-0.001011883494869301,0.03938140347599983,0.03938140347599983,0.06366264820098877,61,0,0,0.0
23,0.0,0.0,,0.22265005111694336,1.537703275680542,-0.00016570937497921412,0.029289618134498596,0.029289618134498596,0.010381102561950684,113,0,0,0.0
2,0.0,0.0,,0.04686562435047037,0.06930005550384521,0.0005296082656460581,0.008493494274269825,0.008493494274269825,0.012576035953856701,112,1,110,110.0
24,0.0,0.0,,0.02414989471435547,19.713051557540894,-0.0032365829470231617,-0.26597052812576294,-0.26597052812576294,-0.2497999668121338,3,0,0,0.0
25,0.0,0.0,,0.5190502405166626,1.1167222831560215,0.003713721223954314,0.12216696015789978,0.12216696015789978,0.11683373425317845,114,1,19,19.0
24,0.0,0.0,,0.0,7.933274582028389,-0.0008521835715805484,-0.4148738878404992,-0.4148738878404992,-0.3791812062263489,0,1,7,7.0
8,1.0,0.0,,0.18575000762939453,0.05514955520629883,0.0008015997497822021,0.11733720451593399,0.11733720451593399,0.10561245679855347,54,0,0,0.0
18,1.0,0.0,,0.6414003372192383,0.413698673248291,0.004849114617614101,0.2777908146381378,0.2777908146381378,0.25906890630722046,109,0,0,0.0
4,0.0,0.0,,0.22210001945495605,4.49674654006958,-0.00205396262471312,-0.008790949359536171,-0.008790949359536171,-0.009168654680252075,43,0,0,0.0
19,1.0,0.0,,0.0,5.427850008010864,-0.010519028614807486,-0.4488008501183273,-0.4488008501183273,-0.5445878658588831,0,1,10,10.0
14,0.0,0.0,,0.3688998222351074,2.8310999870300293,-0.0017696535730764248,0.08760985757550623,0.08760985757550623,0.09171655796736866,67,1,33,33.0
4,0.0,0.0,,0.6690499782562256,0.11170029640197754,0.004560500834907116,0.3343106508255005,0.3343106508255005,0.3506186902523041,101,0,0,0.0
13,0.0,0.0,,0.53125,4.19264817237854,0.003549611055079288,-0.03676748275756836,-0.03676748275756836,-0.06511244177818298,102,0,0,0.0
26,0.0,0.0,,0.03380012512207031,5.692795276641846,-0.003165717643300808,-0.17761553823947906,-0.17761553823947906,-0.17209970951080322,11,0,0,0.0
15,0.0,0.0,,0.09710001945495605,2.8814995288848877,-0.0015132069844363562,-0.0708880506010137,-0.0708880506010137,-0.06016307517334263,14,1,28,28.0
24,0.0,0.0,,0.08335018157958984,3.7367947101593018,0.0003035023153515114,-0.08561691641807556,-0.08561691641807556,-0.0780310332775116,99,0,0,0.0
7,0.0,0.0,,0.07535028457641602,47.71245098114014,-0.01708365526776585,-1.2718091011047363,-1.2718091011047363,-1.2221813201904297,1,0,0,0.0
25,0.0,0.0,,0.44579994678497314,1.2674912494771622,0.0024183418973392707,0.14826451815091646,0.14826451815091646,0.14830658716313982,72,1,16,16.0
25,0.0,0.0,,0.2605501413345337,0.04824995994567871,0.00038489359443320516,0.11325504229618953,0.11325504229618953,0.0840689425551614,43,1,42,42.0
18,1.0,0.0,,1.1897001266479492,0.0,0.004313030888525997,0.42700132039877087,0.42700132039877087,0.43994097908337904,115,1,17,17.0
13,0.0,0.0,,0.5326000452041626,0.2686500549316406,0.0024613025288643137,0.3116563069514739,0.3116563069514739,0.281344542191142,51,1,20,20.0
25,0.0,0.0,,0.3839995861053467,0.12114953994750977,0.002539333998982771,0.19692650437355042,0.19692650437355042,0.20178121328353882,61,0,0,0.0
5,0.0,0.0,,0.454700231552124,0.43869972229003906,-0.000748309070609625,0.15695197052425808,0.15695197052425808,0.15805497480956565,43,1,25,25.0
1,1.0,0.0,,0.24790000915527344,0.23550105094909668,0.001878216863348454,0.07826356589794159,0.07826356589794159,0.07662498950958252,78,0,0,0.0
24,1.0,0.0,,0.018449783325195312,5.344605445861816,-0.0006224650585209605,-0.10528301447629929,-0.10528301447629929,-0.08953765034675598,4,0,0,0.0
9,0.0,0.0,,0.006799936294555664,0.4120500087738037,-0.0020671074868005997,-0.11547732353210449,-0.11547732353210449,-0.11398118734359741,3,0,0,0.0
13,1.0,0.0,,0.0,3.1626498699188232,-0.029765898958640923,-1.4095744434584916,-1.4095744434584916,-1.3509935628949552,0,1,23,23.0
23,0.0,0.0,,0.24304986000061035,1.1304008960723877,-0.002091557415881313,-0.03572240471839905,-0.03572240471839905,-0.04653763771057129,56,0,0,0.0
9,1.0,0.0,,0.1756000518798828,0.724998950958252,0.0010579807056356172,0.037412876756782204,0.037412876756782204,0.04719019563574545,56,1,18,18.0
2,1.0,0.0,,0.12599945068359375,0.4270005226135254,-0.00015183086009672205,0.01273901853710413,0.01273901853710413,-0.0084189772605896,105,0,0,0.0
24,0.0,0.0,,0.2698497772216797,0.1755506992340088,0.0019108991738402159,0.1173490509390831,0.1173490509390831,0.10814359784126282,116,0,0,0.0
24,1.0,0.0,,0.1490001678466797,0.46954989433288574,-0.000895433701448298,-0.01931237429380417,-0.01931237429380417,-0.029737472534179688,25,0,0,0.0
16,1.0,0.0,,0.151749849319458,0.5013000965118408,-0.0029337403702052395,-0.09632566189154601,-0.09632566189154601,-0.09271781453927919,25,1,25,25.0
8,1.0,0.0,,0.29775023460388184,0.1714482307434082,0.001335215190882935,0.12928950786590576,0.12928950786590576,0.13096892833709717,84,0,0,0.0
4,0.0,0.0,,0.44785022735595703,0.6325497627258301,-0.0020122140984070096,0.13420140743255615,0.13420140743255615,0.09761255979537964,25,0,0,0.0
4,0.0,0.0,,0.0,34.05770802497865,0.00118383612968822,-0.30996332107446134,-0.30996332107446134,-0.272147634639145,0,1,46,46.0
25,0.0,0.0,,0.5717998743057251,0.0,0.00380765901100441,0.3249224139074994,0.3249224139074994,0.2884225821041543,93,1,23,23.0
10,1.0,0.0,,0.10509967803955078,6.932450532913208,-0.02227417684690768,-1.226608029797546,-1.226608029797546,-1.1827765068837575,14,1,13,13.0
9,1.0,0.0,,0.5092501640319824,0.051999568939208984,0.004646651937316698,0.30507758259773254,0.30507758259773254,0.3045564889907837,113,0,0,0.0
3,1.0,0.0,,0.4290499687194824,0.08004951477050781,0.0019493873424233045,0.25492024421691895,0.25492024421691895,0.24010628461837769,67,0,0,0.0
3,1.0,0.0,,0.20910000801086426,0.1676475587098496,0.0016619036978670865,0.07639791007734771,0.07639791007734771,0.0795783128427423,113,1,22,22.0
25,0.0,0.0,,1.000622001412797,0.21363932877654745,0.005934502915808645,0.5190919230126927,0.5190919230126927,0.49319512528844933,73,1,68,68.0
8,1.0,0.0,,0.06920003890991211,1.642199993133545,-0.009288365091773958,-0.532836091824067,-0.532836091824067,-0.5426873831187976,7,1,67,67.0
1,1.0,0.0,,0.011600017547607422,3.699899911880493,-0.0026457288017302104,-0.3059179484844208,-0.3059179484844208,-0.26753127574920654,3,0,0,0.0
3,1.0,0.0,,0.49849987030029297,1.5255722999572754,0.003957693657811249,0.10921875387430191,0.10921875387430191,0.10123080015182495,116,0,0,0.0
4,0.0,0.0,,0.2825002670288086,4.690593957901001,0.004086950722487324,0.05139933526515961,0.05139933526515961,0.0459064245223999,103,0,0,0.0
8,1.0,0.0,,0.006349802017211914,20.709158897399902,-0.0019815965012424,-0.265229195356369,-0.265229195356369,-0.24986258149147034,1,0,0,0.0
25,0.0,0.0,,0.33104991912841797,2.0698641713927772,-0.0021625297612528948,0.04590849998669747,0.04590849998669747,0.05759069915203485,31,1,16,16.0
15,1.0,0.0,,0.1697998046875,1.1598501205444336,-0.006193797007996071,-0.11724454909563065,-0.11724454909563065,-0.1344563364982605,86,0,0,0.0
23,0.0,0.0,,0.3414499759674072,2.3020012378692627,0.0030643318030607993,0.07342344522476196,0.07342344522476196,0.07357493042945862,94,0,0,0.0
4,0.0,0.0,,0.1754000186920166,8.944445610046387,-0.0025170597872666684,-0.07260334491729736,-0.07260334491729736,-0.058074951171875,29,0,0,0.0
15,1.0,0.0,,0.08090019226074219,4.432945489883423,0.0008943569376316842,-0.16857843101024628,-0.16857843101024628,-0.15961867570877075,116,0,0,0.0
19,1.0,0.0,,0.04355001449584961,7.063000679016113,-0.011762276820418744,-0.8661454916000366,-0.8661454916000366,-0.8533188104629517,1,0,0,0.0
12,0.0,0.0,,0.35435009002685547,5.982399940490723,-0.015038344112225255,-0.19050976557609361,-0.19050976557609361,-0.36980490396906446,79,0,0,0.0
6,0.0,0.0,,0.046199798583984375,26.403001070022583,0.00040862673855915474,-0.30484065413475037,-0.30484065413475037,-0.26587504148483276,1,0,0,0.0
18,1.0,0.0,,0.5625,0.18729948997497559,0.0029511451596138587,0.190098375082016,0.190098375082016,0.148706316947937,109,0,0,0.0
9,1.0,0.0,,0.1705000400543213,5.077798366546631,-0.005970679948508896,-0.19510540697309706,-0.19510540697309706,-0.2174141101146999,37,1,18,18.0
6,0.0,0.0,,0.3688502311706543,0.5107982158660889,0.0031450140421263113,0.16987922252752843,0.16987922252752843,0.18180164836701884,115,1,20,20.0
2,1.0,0.0,,0.4640498161315918,3.588555335998535,-0.0014103629037454915,0.047175485640764236,0.047175485640764236,-0.004137635231018066,60,0,0,0.0
14,0.0,0.0,,0.6097500324249268,3.957072615623474,0.005038406339978184,0.12770845237960163,0.12770845237960163,0.1261515757616829,116,1,16,16.0
18,1.0,0.0,,0.12649965286254883,5.562067985534668,-0.0006482377142559543,-0.055919449776411057,-0.055919449776411057,-0.051062703132629395,26,0,0,0.0
6,0.0,0.0,,0.2801499366760254,0.23069965839385986,-0.00022782639184186978,0.07008383518610245,0.07008383518610245,0.07554907704654501,58,1,18,18.0
4,0.0,0.0,,0.6593501567840576,0.06079983711242676,0.005468596439055443,0.3818809390068054,0.3818809390068054,0.3852938711643219,98,0,0,0.0
14,0.0,0.0,,0.1020498275756836,1.3071022033691406,-0.001379109634464356,-0.10267876833677292,-0.10267876833677292,-0.09302514791488647,109,0,0,0.0
19,0.0,0.0,,0.42239999771118164,2.361398696899414,-0.0014616195486229619,0.1303453892469406,0.1303453892469406,0.07961887121200562,49,0,0,0.0
16,1.0,0.0,,0.18240022659301758,0.5653958320617676,0.0016806244405327914,0.031719788908958435,0.031719788908958435,0.031568944454193115,107,0,0,0.0
8,1.0,0.0,,0.42565011978149414,1.4919483661651611,0.004010030295250295,0.05232142790769919,0.05232142790769919,0.06174239171178719,115,1,14,14.0
2,0.0,0.0,,0.18100011348724365,1.5172695794405362,0.0016386352643478041,0.05675564260564299,0.05675564260564299,0.063169048777942,65,1,33,33.0
7,1.0,0.0,,1.0430502891540527,0.03614950180053711,0.009145151014767759,0.5642685890197754,0.5642685890197754,0.5422438979148865,102,0,0,0.0
5,0.0,0.0,,0.02734994888305664,23.86554193496704,-0.0008232513931318549,-0.3047853708267212,-0.3047853708267212,-0.2879936695098877,1,0,0,0.0
23,0.0,0.0,,0.2458503246307373,0.06834959983825684,0.0002609168741740631,0.08499338076664852,0.08499338076664852,0.05852087891914626,105,1,47,47.0
4,0.0,0.0,,0.17784976959228516,2.2666015625,-0.0026183930999588247,-0.1428382247686386,-0.1428382247686386,-0.12049391865730286,2,0,0,0.0
17,1.0,0.0,,0.11045002937316895,1.4458997249603271,-0.003444422639956763,-0.09505080431699753,-0.09505080431699753,-0.08446252346038818,9,0,0,0.0
1,1.0,0.0,,0.2357501983642578,0.10055017471313477,0.0014581625667629704,0.10041826218366623,0.10041826218366623,0.10921239852905273,114,0,0,0.0
8,1.0,0.0,,0.05560004711151123,5.638823688030243,-0.0018051531308811584,-0.17226253972094283,-0.17226253972094283,-0.17099343965712344,14,1,19,19.0
1,1.0,0.0,,0.051199913024902344,3.988058090209961,0.0007395195163161483,-0.13161559402942657,-0.13161559402942657,-0.11845025420188904,5,0,0,0.0
6,0.0,0.0,,0.2348499298095703,0.5632977485656738,0.001418642528329106,0.08142416924238205,0.08142416924238205,0.0656377375125885,47,0,0,0.0
9,1.0,0.0,,0.1322002410888672,1.516050100326538,-0.01049181129489276,-0.2648672415659978,-0.2648672415659978,-0.2846719811742122,53,1,11,11.0
3,1.0,0.0,,0.1746501922607422,12.026343822479248,0.0005207896441621854,-0.13140156865119934,-0.13140156865119934,-0.12958741188049316,114,0,0,0.0
17,1.0,0.0,,0.17474985122680664,0.16409993171691895,0.0013218507753289383,0.018979512155056,0.018979512155056,0.0028125345706939697,104,0,0,0.0
22,0.0,0.0,,0.11819982528686523,17.518605709075928,-0.006138167231723436,-0.21076421439647675,-0.21076421439647675,-0.19571256637573242,8,0,0,0.0
7,1.0,0.0,,0.08144998550415039,0.5421528816223145,0.0002910195722675568,-0.015624066814780235,-0.015624066814780235,-0.01735633611679077,115,0,0,0.0
26,0.0,0.0,,0.7294502258300781,0.28654932975769043,0.00526957332790474,0.2648513615131378,0.2648513615131378,0.24361881613731384,106,0,0,0.0
3,1.0,0.0,,0.04520010948181152,9.08597993850708,0.0007632630112434534,-0.09954487360440768,-0.09954487360440768,-0.10299939342907494,43,1,13,13.0
3,0.0,0.0,,0.03285026550292969,7.050149917602539,-0.06390771836183386,-3.3138097361621695,-3.3138097361621695,-3.2251737927584436,4,1,108,108.0
9,1.0,0.0,,0.1856999397277832,5.433149933815002,-0.0045596482765222785,-0.1338700850804647,-0.1338700850804647,-0.13360002636909485,36,1,14,14.0
22,0.0,0.0,,0.3852996826171875,3.6490447521209717,0.0033110230913244994,0.015105679631233215,0.015105679631233215,0.01645633578300476,104,0,0,0.0
18,1.0,0.0,,0.3222999572753906,0.1856999397277832,-0.0010301505601608507,0.1565992534160614,0.1565992534160614,0.12705641984939575,78,0,0,0.0
14,0.0,0.0,,0.010200023651123047,6.3986499309539795,-0.033912636483810175,-1.019446527856028,-1.019446527856028,-1.1181908862487129,5,0,0,0.0
26,0.0,0.0,,0.29239988327026367,0.2944011688232422,-0.0004315760676271881,0.07791531085968018,0.07791531085968018,0.06623122096061707,44,0,0,0.0
14,0.0,0.0,,0.30359935760498047,1.8068122863769531,0.002221947201942326,0.043032195419073105,0.043032195419073105,0.04157477617263794,114,0,0,0.0
18,1.0,0.0,,0.34745025634765625,0.0657968521118164,0.0010604743635669275,0.12475621700286865,0.12475621700286865,0.08383136987686157,56,0,0,0.0
19,1.0,0.0,,0.13014984130859375,30.88501739501953,-0.008070081978414195,-0.4452008605003357,-0.4452008605003357,-0.4354941248893738,13,0,0,0.0
19,0.0,0.0,,0.04465007781982422,11.581816960374514,4.912629727494004e-05,-0.12406183002341507,-0.12406183002341507,-0.13546186350286005,2,1,15,15.0
17,1.0,0.0,,0.13505005836486816,0.15744996070861816,3.3994379072019685e-05,0.0289799515157938,0.0289799515157938,0.032750099897384644,116,0,0,0.0
8,1.0,0.0,,0.010300159454345703,31.334151029586792,-0.005742992483214872,-0.4963504374027252,-0.4963504374027252,-0.46518751978874207,3,0,0,0.0
14,0.0,0.0,,0.7717001438140869,5.261699914932251,-0.0065496895887993825,0.13425905072790945,0.13425905072790945,-0.056341450744205046,85,1,9,9.0
6,0.0,0.0,,0.4472501277923584,0.9369532763957977,0.0029901749596923546,0.04653602889460376,0.04653602889460376,0.07480695098638535,114,1,15,15.0
15,0.0,0.0,,0.07144999504089355,23.564651012420654,-0.0035053769352606534,-0.4096606969833374,-0.4096606969833374,-0.37626877427101135,1,0,0,0.0
13,1.0,0.0,,0.01699995994567871,6.203700065612793,-0.054473347977571446,-2.9851397438945932,-2.9851397438945932,-2.8718462282365507,4,0,0,0.0
4,0.0,0.0,,0.46140003204345703,0.07789969444274902,0.0034827219680482924,0.2192111760377884,0.2192111760377884,0.20039379596710205,103,0,0,0.0
17,1.0,0.0,,0.5544998645782471,0.1282503604888916,0.004344490942188765,0.13880163431167603,0.13880163431167603,0.15154996514320374,107,0,0,0.0
1,1.0,0.0,,0.20044994354248047,2.3035503668418755,0.0015448738069980255,0.02307212658417529,0.02307212658417529,0.025281483504675517,103,1,56,56.0
23,0.0,0.0,,0.4631500244140625,2.8254032135009766,0.0050449794605989555,0.14760884642601013,0.14760884642601013,0.16330617666244507,77,0,0,0.0
26,0.0,0.0,,0.24994993209838867,2.924145221710205,0.0006971165045885269,0.009021858684718609,0.009021858684718609,0.013350099325180054,81,0,0,0.0
6,0.0,0.0,,0.4192999601364136,1.6813572444368852,0.0035310443411748207,0.1328421556032621,0.1328421556032621,0.12627160762800538,101,1,30,30.0
7,1.0,0.0,,0.2827005386352539,0.29924726486206055,0.0008142651789720288,0.021832844242453575,0.021832844242453575,0.02951902151107788,82,0,0,0.0
6,0.0,0.0,,0.13649988174438477,9.595223733272505,0.0037153905590898706,-0.0466778400616768,-0.0466778400616768,-0.02536659214734094,101,1,92,92.0
24,0.0,0.0,,0.3166499137878418,0.3753504753112793,0.0028413260673890305,0.1785525530576706,0.1785525530576706,0.1701563000679016,94,0,0,0.0
19,0.0,0.0,,0.5008997917175293,1.3894052505493164,0.0035074069410681763,0.15689508731548601,0.15689508731548601,0.16171629334750925,101,1,18,18.0
6,0.0,0.0,,0.09864997863769531,2.6975996494293213,-0.002673737346678496,-0.17492611706256866,-0.17492611706256866,-0.17665639519691467,4,0,0,0.0
9,0.0,0.0,,0.2765004634857178,0.8593990802764893,-0.0021541688273194527,0.04898380860686302,0.04898380860686302,0.03935012221336365,38,0,0,0.0
2,1.0,0.0,,0.2953000068664551,0.9002010822296143,-0.0022079478467240906,0.06407126039266586,0.06407126039266586,0.028881222009658813,21,0,0,0.0
13,0.0,0.0,,0.13789987564086914,1.5169501304626465,-0.0010511882012628829,-9.484576003160328e-05,-9.484576003160328e-05,0.003175020217895508,77,0,0,0.0
21,1.0,0.0,,0.04250001907348633,5.971553325653076,-0.0002872193203902234,-0.1518317312002182,-0.1518317312002182,-0.11761254072189331,112,0,0,0.0
6,0.0,0.0,,0.5260999202728271,2.255445271730423,0.002289830958584729,0.03767920049846682,0.03767920049846682,0.051730141043663025,100,1,15,15.0
19,1.0,0.0,,0.8482000827789307,1.0362976789474487,0.008876380762152821,0.3949232437671759,0.3949232437671759,0.39111047908663743,88,1,44,44.0
26,0.0,0.0,,0.1462998390197754,3.43160080909729,0.000783426927876002,-0.021224787458777428,-0.021224787458777428,-0.0006687641143798828,114,0,0,0.0
15,0.0,0.0,,0.0,1.332749843597412,-0.012075833220704036,-0.8595507144927979,-0.8595507144927979,-0.8060435056686401,0,0,0,0.0
24,1.0,0.0,,0.08699989318847656,5.6904590129852295,0.000986393319184696,-0.05185398831963539,-0.05185398831963539,-0.045325130224227905,88,0,0,0.0
22,0.0,0.0,,0.2704496383666992,3.285158395767212,0.003534328030182915,0.05309896916151047,0.05309896916151047,0.05276861786842346,109,0,0,0.0
14,0.0,0.0,,0.40980005264282227,5.413150072097778,-0.010836027188018037,-0.11295434654268444,-0.11295434654268444,-0.26894723962653766,70,0,0,0.0
23,0.0,0.0,,0.3312501907348633,6.296549081802368,0.0031824225182746136,-0.040697429329156876,-0.040697429329156876,-0.011162489652633667,104,0,0,0.0
3,1.0,0.0,,0.054199934005737305,10.199402093887329,-0.0038695497659117285,-0.22742592218594673,-0.22742592218594673,-0.2120066343082323,8,1,17,17.0
18,1.0,0.0,,0.9997999668121338,0.020150184631347656,0.004550409748032021,0.337472582474733,0.337472582474733,0.33034750570853555,100,1,17,17.0
18,1.0,0.0,,0.5021500587463379,0.13839983940124512,-0.0003096779043411844,0.25533077553806144,0.25533077553806144,0.21764373779296875,15,1,8,8.0
2,1.0,0.0,,0.21185016632080078,2.224498748779297,-0.0011475554124117306,0.012020555324852467,0.012020555324852467,-0.0052874088287353516,53,0,0,0.0
1,1.0,0.0,,0.30064988136291504,1.2273499965667725,-0.009223697261584207,-0.1405534601619101,-0.1405534601619101,-0.14246208392656767,48,1,12,12.0
6,0.0,0.0,,0.23710012435913086,0.4636995792388916,0.0011323990460828724,0.07366631479344816,0.07366631479344816,0.06307239987348257,114,1,18,18.0
14,0.0,0.0,,0.03964996337890625,6.662049770355225,-0.0022113975630146804,-0.15070858597755432,-0.15070858597755432,-0.14108127355575562,4,0,0,0.0
3,0.0,0.0,,0.0,7.019749879837036,-0.06051508517100893,-3.5098749399185185,-3.5098749399185185,-3.3888447695765,0,1,115,115.0
3,0.0,0.0,,0.2969503402709961,0.34314966201782227,-0.0010767639166558956,0.01699747145175934,0.01699747145175934,0.005056321620941162,26,0,0,0.0
16,0.0,0.0,,0.04054975509643555,27.58935570716858,0.0016837476438852112,-0.40744748711586,-0.40744748711586,-0.3861125707626343,110,0,0,0.0
9,1.0,0.0,,0.17419958114624023,2.6147594451904297,0.0016417097899930544,-0.07619472593069077,-0.07619472593069077,-0.0643128752708435,96,0,0,0.0
3,0.0,0.0,,0.07815003395080566,7.5722505648930865,-0.002216606005925258,-0.1287709372675317,-0.1287709372675317,-0.14735000332196546,3,1,17,17.0
22,0.0,0.0,,0.6892499923706055,0.0,0.0038918431654958153,0.31635305285453796,0.31635305285453796,0.27592504024505615,110,0,0,0.0
26,0.0,0.0,,0.07264995574951172,3.4636000394821167,-0.019716935580168606,-0.842102967775785,-0.842102967775785,-0.8084336181773859,15,1,19,19.0
17,1.0,0.0,,0.17440009117126465,2.5345516204833984,-0.001271033123050486,0.013340114615857601,0.013340114615857601,0.010899960994720459,45,0,0,0.0
17,1.0,0.0,,0.019099950790405273,11.916653633117676,-0.0015261637694500268,-0.23563167452812195,-0.23563167452812195,-0.2059500813484192,1,0,0,0.0
12,0.0,0.0,,0.10645008087158203,8.373252868652344,0.0014941432296003356,-0.0683508962392807,-0.0683508962392807,-0.06976252794265747,90,0,0,0.0
17,1.0,0.0,,0.038649797439575195,6.8592565059661865,-0.002343528868724067,-0.15108352899551392,-0.15108352899551392,-0.1375688910484314,2,0,0,0.0
23,0.0,0.0,,0.23379993438720703,0.13155269622802734,0.002133179669199468,0.131499245762825,0.131499245762825,0.13564980030059814,68,0,0,0.0
23,0.0,0.0,,0.07725048065185547,15.026041269302368,-0.0005666011065330872,-0.16216017305850983,-0.16216017305850983,-0.1711874008178711,5,0,0,0.0
24,0.0,0.0,,0.3314124090330939,1.4997029304504395,0.0032435077644355228,0.028112514406187897,0.028112514406187897,0.020732403653008546,115,1,27,27.0
14,0.0,0.0,,0.27124977111816406,0.020550251007080078,0.0006196562576333962,0.14173650741577148,0.14173650741577148,0.12802475690841675,113,0,0,0.0
9,0.0,0.0,,0.11385035514831543,8.119767665863037,-0.0026214642063024196,-0.1420278182396522,-0.1420278182396522,-0.1394708247288413,12,1,22,22.0
9,1.0,0.0,,0.024799823760986328,2.444999933242798,-0.004245373838967455,-0.2660151842312935,-0.2660151842312935,-0.2727199196815491,2,1,15,15.0
24,0.0,0.0,,0.22555017471313477,0.03139972686767578,0.0011286899925544863,0.10958292335271835,0.10958292335271835,0.10466873645782471,101,0,0,0.0
4,0.0,0.0,,0.3671000003814697,6.958959555625915,-0.0029148647630085527,0.0077358963143112315,0.0077358963143112315,0.0784749835729599,95,1,4,4.0
8,1.0,0.0,,0.40275049209594727,0.37189769744873047,-0.0020979462809832014,0.12274375557899475,0.12274375557899475,0.08675640821456909,44,0,0,0.0
18,1.0,0.0,,0.9507002830505371,0.579916583167182,0.005574370208608789,0.4025672062849387,0.4025672062849387,0.4029460680562179,116,1,62,62.0
24,0.0,0.0,,0.1691499948501587,0.26904916763305664,0.00016381720612232244,0.021718885654058214,0.021718885654058214,0.03686508205201888,94,1,21,21.0
24,0.0,0.0,,0.08885002136230469,0.8325996398925781,-0.0009145156663582721,-0.005265248008072376,-0.005265248008072376,-0.019593656063079834,69,0,0,0.0
25,0.0,0.0,,0.5323002338409424,0.8633229110551914,0.0038144425758862934,0.13950413363611597,0.13950413363611597,0.1348872729293678,113,1,19,19.0
26,0.0,0.0,,0.7970502376556396,0.0,0.0052849053782742465,0.4600047171115875,0.4600047171115875,0.412893682718277,94,0,0,0.0
2,0.0,0.0,,0.028799772262573242,11.613752841949463,-0.00265948949540956,-0.262554794549942,-0.262554794549942,-0.2613125443458557,28,0,0,0.0
16,0.0,0.0,,0.04054975509643555,27.58935570716858,0.0016837476438852112,-0.40744748711586,-0.40744748711586,-0.3861125707626343,110,0,0,0.0
17,1.0,0.0,,0.04850006103515625,11.061736106872559,0.0007386309570081317,-0.12763060629367828,-0.12763060629367828,-0.12275612354278564,73,0,0,0.0
10,1.0,0.0,,0.06984996795654297,17.169501781463623,-0.001744275496534771,-0.18056840163010818,-0.18056840163010818,-0.19183126091957092,7,1,4,4.0
22,0.0,0.0,,0.0,3.920599937438965,-0.017363910178124612,-1.3143482208251953,-1.3143482208251953,-1.2641123533248901,0,0,0,0.0
6,0.0,0.0,,0.0471501350402832,4.940197944641113,-0.004064325533926636,-0.33000195026397705,-0.33000195026397705,-0.315431147813797,1,0,0,0.0
21,0.0,0.0,,0.2146000862121582,5.34570050239563,-0.007161012032885148,-0.17158166567484537,-0.17158166567484537,-0.20486317409409416,19,1,8,8.0
19,0.0,0.0,,0.010849952697753906,32.939541816711426,-0.008354802246629975,-0.7777668833732605,-0.7777668833732605,-0.7283934950828552,2,0,0,0.0
12,0.0,0.0,,0.4470996856689453,0.26960015296936035,0.003075133586008832,0.2499157190322876,0.2499157190322876,0.2292187213897705,90,0,0,0.0
4,0.0,0.0,,0.18675017356872559,0.9333996772766113,-0.001177806535113226,-0.02792811580002308,-0.02792811580002308,-0.024249941110610962,5,0,0,0.0
23,0.0,0.0,,0.2246999740600586,2.527552604675293,0.0016148073998492837,0.012617368251085281,0.012617368251085281,0.0026060938835144043,79,0,0,0.0
18,1.0,0.0,,0.4741997718811035,0.04089975357055664,0.0036012364479994135,0.27038586139678955,0.27038586139678955,0.25745606422424316,116,0,0,0.0
23,0.0,0.0,,0.12275028228759766,8.737147331237793,-0.006397785977730298,-0.21700580418109894,-0.21700580418109894,-0.21313101053237915,13,0,0,0.0
8,1.0,0.0,,0.01874995231628418,4.997200012207031,-0.009282564495727055,-0.42636518294994646,-0.42636518294994646,-0.37927499413490295,8,0,0,0.0
24,1.0,0.0,,0.23530006408691406,1.6609997749328613,-0.012051453156852774,-0.24043573439121246,-0.24043573439121246,-0.26720625162124634,63,0,0,0.0
23,0.0,0.0,,0.29940032958984375,0.0,-0.00027083012520660426,0.1258108764886856,0.1258108764886856,0.11578136682510376,30,0,0,0.0
17,1.0,0.0,,0.35975003242492676,0.030150413513183594,0.0020553111390473403,0.19919739663600922,0.19919739663600922,0.18764370679855347,109,0,0,0.0
7,0.0,0.0,,0.2863502502441406,0.0,0.0017164395459290057,0.1562536358833313,0.1562536358833313,0.14880651235580444,93,0,0,0.0
14,0.0,0.0,,0.017349720001220703,0.5216503143310547,-0.0035769209542834933,-0.31056317687034607,-0.31056317687034607,-0.2792503833770752,2,0,0,0.0
16,1.0,0.0,,0.0,39.17494865826198,0.0019099388895885295,-0.3584076420873658,-0.3584076420873658,-0.33111873269081116,0,1,27,27.0
19,1.0,0.0,,0.08241236209869385,1.6807000637054443,-0.015758983572143684,-0.9649009378547342,-0.9649009378547342,-0.9189153949801738,5,1,12,12.0
2,1.0,0.0,,0.3603997230529785,0.012950420379638672,0.001951494804167033,0.19357596337795258,0.19357596337795258,0.18994373083114624,114,0,0,0.0
1,1.0,0.0,,0.12250018119812012,13.565448760986328,-0.013741886733302832,-0.8146270330135639,-0.8146270330135639,-0.7455097224031175,12,1,41,41.0
4,0.0,0.0,,0.29890012741088867,4.726448059082031,0.0020033703801600813,-0.028936031537178244,-0.028936031537178244,-0.0008014801415530126,64,1,21,21.0
8,1.0,0.0,,9.989738464355469e-05,3.1139025688171387,-0.0010459361128305495,-0.1749407947063446,-0.1749407947063446,-0.1534501314163208,5,0,0,0.0
25,0.0,0.0,,0.34905004501342773,0.6144495010375977,0.0011445106046782084,0.07046326994895935,0.07046326994895935,0.058600038290023804,110,0,0,0.0
4,0.0,0.0,,0.4046001434326172,0.6916990280151367,0.0036535959266355386,0.1527094841003418,0.1527094841003418,0.1295875608921051,109,0,0,0.0
23,0.0,0.0,,0.24844980239868164,2.002047061920166,-0.0015141139110275979,0.02949322573840618,0.02949322573840618,0.021893799304962158,11,0,0,0.0
23,0.0,0.0,,0.10400009155273438,19.241108417510986,-0.0016817599452364216,-0.1804911345243454,-0.1804911345243454,-0.17599374055862427,11,0,0,0.0
26,0.0,0.0,,0.0993502140045166,2.127089500427246,0.0002459098438501383,-0.00023738951131235808,-0.00023738951131235808,0.008681386709213257,75,0,0,0.0
7,0.0,0.0,,0.5573997497558594,0.0,0.004720657889261205,0.25221526622772217,0.25221526622772217,0.2413623332977295,100,0,0,0.0
24,0.0,0.0,,0.005450248718261719,21.6833393573761,-0.0022022029751113063,-0.28225407004356384,-0.28225407004356384,-0.26553115248680115,1,0,0,0.0
23,0.0,0.0,,0.1998004913330078,5.389899253845215,-0.020236963386414453,-0.6204501986503601,-0.6204501986503601,-0.615418553352356,42,0,0,0.0
4,0.0,0.0,,0.2113499641418457,5.307049989700317,-0.04039089112853541,-1.1972480329692874,-1.1972480329692874,-1.2311595313468966,12,1,70,70.0
7,1.0,0.0,,0.37980031967163086,0.989055564326625,0.0024964847299799643,0.05395428849081709,0.05395428849081709,0.04998366651447139,98,1,30,30.0
15,1.0,0.0,,0.1526498794555664,5.255000114440918,-0.015266235985599402,-0.30262426025847083,-0.30262426025847083,-0.4510754774778317,66,0,0,0.0
23,0.0,0.0,,0.3703000545501709,0.5956499576568604,-0.0006366208691208177,0.11070172488689423,0.11070172488689423,0.09841880202293396,25,0,0,0.0
22,0.0,0.0,,0.3781999349594116,4.42645001411438,-0.001322063227730074,0.14092435031874567,0.14092435031874567,0.20399373769760132,80,1,1,1.0
18,1.0,0.0,,0.2325000762939453,0.6022467613220215,-0.0007294960353827138,0.04788210988044739,0.04788210988044739,0.06818753480911255,18,0,0,0.0
26,0.0,0.0,,0.18324995040893555,0.0,0.0005557032258448886,0.07504104822874069,0.07504104822874069,0.06833744049072266,55,0,0,0.0
14,0.0,0.0,,0.1452503204345703,0.8588988780975342,0.0011407766093629518,0.04728822782635689,0.04728822782635689,0.040181487798690796,41,0,0,0.0
14,0.0,0.0,,0.4456501007080078,0.5012001991271973,0.005259947641808838,0.005306357983499765,0.005306357983499765,0.0268000066280365,109,0,0,0.0
13,0.0,0.0,,0.4617499113082886,1.0719003677368164,0.001559328955365195,0.02167260952484913,0.02167260952484913,0.0268312235993724,90,1,30,30.0
14,0.0,0.0,,0.0,2.456399440765381,-0.0047714452376661,-0.5123653411865234,-0.5123653411865234,-0.47178101539611816,0,0,0,0.0
14,0.0,0.0,,0.3818497657775879,0.34080076217651367,-4.368348660370656e-05,0.11641264706850052,0.11641264706850052,0.07344979047775269,43,0,0,0.0
15,1.0,0.0,,0.06615018844604492,8.940811952879262,0.00012146109143890026,-0.09021983391199355,-0.09021983391199355,-0.08079280568119696,12,1,42,42.0
19,1.0,0.0,,0.9493999481201172,0.22565031051635742,0.006873142839140868,0.3600601553916931,0.3600601553916931,0.3807185888290405,116,0,0,0.0
4,0.0,0.0,,0.12639999389648438,13.833302021026611,-0.005996228359509789,-0.3753513693809509,-0.3753513693809509,-0.3703062832355499,2,0,0,0.0
15,1.0,0.0,,0.35489988327026367,4.687855005264282,0.0015962521931871024,0.014821702614426613,0.014821702614426613,0.045887291431427,93,0,0,0.0
1,1.0,0.0,,0.30929994583129883,1.703250527381897,-0.0001699414244516895,0.018533951196915064,0.018533951196915064,0.019881252944469407,94,1,14,14.0
4,0.0,0.0,,0.18619990348815918,13.706001043319702,-0.00041959636562865176,-0.18815086781978607,-0.18815086781978607,-0.1949000060558319,37,0,0,0.0
22,0.0,0.0,,0.03659987449645996,1.177250623703003,-0.0025050829150350196,-0.13307572901248932,-0.13307572901248932,-0.12239384651184082,7,0,0,0.0
17,1.0,0.0,,0.11439990997314453,4.0133490562438965,-0.0021391928613093887,-0.10052813589572906,-0.10052813589572906,-0.11911866068840027,4,0,0,0.0
25,0.0,0.0,,0.6535500288009644,0.0,-0.0007079732781785391,0.23471218245661157,0.23471218245661157,0.23942501842975616,16,1,15,15.0
2,0.0,0.0,,0.3027501106262207,4.535699963569641,-0.03705542728641241,-1.1062099943813095,-1.1062099943813095,-1.1387819656820009,19,1,65,65.0
16,0.0,0.0,,0.0,32.97360110282898,0.0012777152531160828,-0.4863474369049072,-0.4863474369049072,-0.44074371457099915,0,0,0,0.0
15,1.0,0.0,,0.37094974517822266,0.019249916076660156,0.0020045783976402076,0.20181339979171753,0.20181339979171753,0.18982481956481934,46,0,0,0.0
15,1.0,0.0,,0.0,6.209200143814087,-0.01759701790557596,-1.6278915863770704,-1.6278915863770704,-1.4873663425445556,0,0,0,0.0
12,0.0,0.0,,0.21634960174560547,0.712500810623169,0.0010150385616827112,0.11019256711006165,0.11019256711006165,0.0957874059677124,59,0,0,0.0
22,0.0,0.0,,0.0003497600555419922,9.551060438156128,0.000924095877885915,-0.17555485665798187,-0.17555485665798187,-0.1637251377105713,115,0,0,0.0
24,1.0,0.0,,0.10200023651123047,1.0896496772766113,-0.006577284818663002,-0.27064086025596684,-0.27064086025596684,-0.3093702336152393,58,1,49,49.0
5,0.0,0.0,,0.28793907165527344,8.774443507194519,0.0013106506490973937,-0.10209498649988419,-0.10209498649988419,-0.10858121514320374,59,1,3,3.0
6,0.0,0.0,,0.15034985542297363,1.5710394866649926,0.0007786614200037692,0.013389329624991123,0.013389329624991123,0.016649951384617667,84,1,25,25.0
16,1.0,0.0,,0.6917500495910645,0.12125015258789062,0.006117926652346917,0.31984999775886536,0.31984999775886536,0.2866251468658447,111,0,0,0.0
9,1.0,0.0,,0.21420001983642578,11.341106653213501,-0.003491184770016753,-0.16546550393104553,-0.16546550393104553,-0.16655641794204712,7,0,0,0.0
4,0.0,0.0,,0.4388999938964844,0.23425030708312988,-0.0016164284561068732,0.18344390392303467,0.18344390392303467,0.2005937099456787,18,0,0,0.0
7,1.0,0.0,,0.10125017166137695,4.19843223931328,-0.00041604213375599243,-0.038689002012595154,-0.038689002012595154,-0.042110402377382394,114,1,31,31.0
4,0.0,0.0,,0.2519500255584717,0.21950006484985352,0.0016328610464088436,0.010648643597960472,0.010648643597960472,0.020887404680252075,74,0,0,0.0
13,0.0,0.0,,0.0008502006530761719,5.843999862670898,-0.030072662506192033,-1.4092310391939604,-1.4092310391939604,-1.3329368078190347,3,1,1,1.0
19,1.0,0.0,,0.1208500862121582,1.8532004356384277,-0.002903244568244051,-0.04497436434030533,-0.04497436434030533,-0.047431349754333496,26,0,0,0.0
9,0.0,0.0,,0.023400068283081055,5.245800018310547,-0.04765885939450378,-1.4879264750032344,-1.4879264750032344,-1.499743918272165,32,1,64,64.0
25,0.0,0.0,,0.3801610933409796,0.24575018882751465,0.0011492253540535103,0.0993343800561041,0.0993343800561041,0.11348993910683525,79,1,17,17.0
21,1.0,0.0,,0.0,8.586349964141846,-0.003934208000381018,-0.28075048327445984,-0.28075048327445984,-0.273187518119812,0,0,0,0.0
17,1.0,0.0,,0.3722500801086426,0.24355006217956543,-0.00026312237435877555,0.16725079715251923,0.16725079715251923,0.14935627579689026,60,0,0,0.0
8,1.0,0.0,,0.025350093841552734,18.294562816619873,-0.002098631057772986,-0.2629134953022003,-0.2629134953022003,-0.2457440197467804,13,0,0,0.0
16,1.0,0.0,,0.0,30.573772192001343,0.0004015683816962012,-0.2697044312953949,-0.2697044312953949,-0.2634184956550598,0,0,0,0.0
23,0.0,0.0,,0.3213496208190918,0.22300338745117188,0.0013393616461596996,0.061977360397577286,0.061977360397577286,0.06148707866668701,71,0,0,0.0
4,0.0,0.0,,0.3824005126953125,1.2908473014831543,0.003450449586091472,0.12446894496679306,0.12446894496679306,0.10547512769699097,106,0,0,0.0
8,1.0,0.0,,0.4659004211425781,0.025099754333496094,0.0004812812106309111,0.17863981425762177,0.17863981425762177,0.17170009016990662,65,0,0,0.0
16,0.0,0.0,,0.24755001068115234,3.3240151405334473,-0.0005187782908774362,-0.008129339665174484,-0.008129339665174484,0.02713721990585327,112,0,0,0.0
24,1.0,0.0,,0.2677001953125,5.140725612640381,0.002678521064029193,0.0005244190106168389,0.0005244190106168389,-0.01206207275390625,89,0,0,0.0
2,1.0,0.0,,0.02155005931854248,4.568750023841858,-0.004581272932280317,-0.23350980546739367,-0.23350980546739367,-0.23215622206528985,8,1,23,23.0
19,0.0,0.0,,0.2613496780395508,0.13995051383972168,0.0010223816161995648,0.062495367139832586,0.062495367139832586,0.05058436157802748,88,1,15,15.0
3,1.0,0.0,,0.11250019073486328,3.4817991256713867,-0.007491466869677871,-0.15304525196552277,-0.15304525196552277,-0.1724311113357544,62,0,0,0.0
14,0.0,0.0,,0.5540997982025146,0.10119986534118652,0.004005215133663334,0.21824567019939423,0.21824567019939423,0.2499249279499054,114,0,0,0.0
9,0.0,0.0,,0.522149920463562,2.672907477930972,0.006526142571816335,0.18104875087738037,0.18104875087738037,0.17950084344152323,75,1,16,16.0
6,0.0,0.0,,0.044300079345703125,7.553101539611816,-0.0027957005442840396,-0.14932139217853546,-0.14932139217853546,-0.11369374394416809,26,0,0,0.0
24,1.0,0.0,,0.2003002166748047,1.2266459465026855,-0.0009307009325332023,0.04433474317193031,0.04433474317193031,0.06400635838508606,43,0,0,0.0
24,0.0,0.0,,0.15394973754882812,1.1507004499435425,-0.0033325719223413963,-0.07648008858036791,-0.07648008858036791,-0.07256857057412469,48,1,21,21.0
8,1.0,0.0,,0.34545016288757324,0.2816503047943115,-0.0010533294862240896,0.09493289142847061,0.09493289142847061,0.12623122334480286,31,0,0,0.0
1,1.0,0.0,,0.006799936294555664,0.9288501739501953,-0.0008009130721894054,-0.23355558489122957,-0.23355558489122957,-0.21406790602542614,2,1,73,73.0
9,1.0,0.0,,0.27804994583129883,4.322349309921265,-0.00597461643651177,-0.09352302041828123,-0.09352302041828123,-0.1373491765637147,35,1,18,18.0
19,0.0,0.0,,0.49500012397766113,1.4898972511291504,0.003965229284157902,0.13866977610139766,0.13866977610139766,0.1367711315029546,110,1,18,18.0
18,1.0,0.0,,0.4049997329711914,0.1965498924255371,0.003405652371841182,0.21520549058914185,0.21520549058914185,0.19248753786087036,111,0,0,0.0
3,1.0,0.0,,0.5920000076293945,0.12309837341308594,0.005582315750389611,0.2554817795753479,0.2554817795753479,0.24779391288757324,113,0,0,0.0
14,0.0,0.0,,0.0989999771118164,22.881033420562744,-0.005186005182758872,-0.37737998366355896,-0.37737998366355896,-0.3333308696746826,9,0,0,0.0
3,1.0,0.0,,0.31079959869384766,4.131749153137207,0.0031234687538263025,0.02994060516357422,0.02994060516357422,0.033568739891052246,110,0,0,0.0
16,1.0,0.0,,0.3040003776550293,0.0,0.0016386702487701278,0.14206311106681824,0.14206311106681824,0.15110021829605103,112,0,0,0.0
24,1.0,0.0,,0.11265015602111816,2.5080995559692383,-0.0007353470339725994,-0.04431493952870369,-0.04431493952870369,-0.04290628433227539,69,0,0,0.0
8,1.0,0.0,,0.08955001831054688,1.035099983215332,-0.005938360610107782,-0.3322467966976329,-0.3322467966976329,-0.3370686439906848,23,1,67,67.0
6,0.0,0.0,,0.14105010032653809,5.004199981689453,-0.048716249614671886,-2.0250242938343277,-2.0250242938343277,-1.9915793153274919,18,1,96,96.0
23,0.0,0.0,,0.4673001766204834,0.21819853782653809,0.002974368800996035,0.18215055763721466,0.18215055763721466,0.16464388370513916,105,0,0,0.0
1,1.0,0.0,,0.12094998359680176,7.887599229812622,-0.004464876720721619,-0.19659957213279527,-0.19659957213279527,-0.17928527721336907,2,1,13,13.0
26,0.0,0.0,,0.2310500144958496,4.474599123001099,-0.0026429753188550683,-0.03359568119049072,-0.03359568119049072,-0.02317500114440918,43,0,0,0.0
25,0.0,0.0,,0.5597498416900635,0.01750004291534424,0.0034208751287172928,0.23761126424512294,0.23761126424512294,0.2289288662697958,115,1,23,23.0
26,0.0,0.0,,0.12564992904663086,2.84515118598938,-0.0004181603911318564,-0.07142741233110428,-0.07142741233110428,-0.069743812084198,82,0,0,0.0
3,0.0,0.0,,0.2868494987487793,0.1807541847229004,0.00232653983084608,0.08623935282230377,0.08623935282230377,0.06863093376159668,110,0,0,0.0
18,1.0,0.0,,0.26834964752197266,0.05245065689086914,0.0003127477729595106,0.08630875498056412,0.08630875498056412,0.0971747636795044,71,0,0,0.0
4,0.0,0.0,,0.07494997978210449,6.3723015785217285,-0.0013820635573742396,-0.1284381002187729,-0.1284381002187729,-0.1263188123703003,15,0,0,0.0
24,0.0,0.0,,0.20759987831115723,0.0,0.0008583142057155655,0.13560421764850616,0.13560421764850616,0.11683741211891174,63,0,0,0.0
1,1.0,0.0,,0.16535043716430664,4.48053503036499,0.0020373271790703274,-0.015598921105265617,-0.015598921105265617,0.020275115966796875,111,0,0,0.0
14,0.0,0.0,,0.010649681091308594,9.548406600952148,-0.004359332644335061,-0.22011780738830566,-0.22011780738830566,-0.2068001627922058,11,0,0,0.0
6,0.0,0.0,,0.11139988899230957,3.5662900590896607,0.000961928152416691,-0.024198669653672445,-0.024198669653672445,-0.017352957267027458,71,1,25,25.0
2,1.0,0.0,,0.1076502799987793,10.221636056900024,-0.000865719468060265,-0.08703916519880295,-0.08703916519880295,-0.06597486138343811,25,0,0,0.0
25,0.0,0.0,,0.2903999090194702,2.868239128414322,-0.002193339475293199,0.005559772507757204,0.005559772507757204,0.005889383528162484,27,1,16,16.0
24,0.0,0.0,,0.14985013008117676,6.18720006942749,-0.01143339093215597,-0.24572528529370952,-0.24572528529370952,-0.4075223850825477,13,1,6,6.0
3,0.0,0.0,,0.2242599487304684,4.910399913787842,-0.0067491573815596185,-0.23792538683638614,-0.23792538683638614,-0.2187468260526657,52,1,53,53.0
11,0.0,0.0,,0.0,17.3216450214386,-0.000909520198837628,-0.2840575873851776,-0.2840575873851776,-0.22316870093345642,0,0,0,0.0
23,0.0,0.0,,0.20620012283325195,0.11444997787475586,0.002011203657251826,0.053934186697006226,0.053934186697006226,0.05835616588592529,97,0,0,0.0
22,0.0,0.0,,0.0,28.697749853134155,-0.004321008137749519,-0.5593316555023193,-0.5593316555023193,-0.5203249454498291,0,0,0,0.0
14,0.0,0.0,,0.04799985885620117,18.439557313919067,-0.002693431296912596,-0.23023220896720886,-0.23023220896720886,-0.2220938503742218,3,0,0,0.0
24,1.0,0.0,,0.17309999465942383,4.79220724105835,-0.002147920732401414,-0.03121683932840824,-0.03121683932840824,-0.053000181913375854,30,0,0,0.0
14,0.0,0.0,,0.08690071105957031,0.08904790878295898,0.0007187715583074905,0.026172082871198654,0.026172082871198654,0.028594136238098145,114,0,0,0.0
12,0.0,0.0,,0.11359977722167969,0.7710022926330566,0.0007440056168646638,-0.03078475408256054,-0.03078475408256054,-0.05258762836456299,103,0,0,0.0
3,1.0,0.0,,0.22229981422424316,3.5748000144958487,-0.0016033437354981018,0.017518351220677048,0.017518351220677048,-0.015515337387720707,31,1,8,8.0
3,0.0,0.0,,0.6180999279022217,0.006122584612864301,0.002376143993689875,0.3205964463388818,0.3205964463388818,0.31252868276722046,98,1,52,52.0
24,0.0,0.0,,0.055199623107910156,4.526900053024292,-0.02498940501191422,-1.3244562149047852,-1.3244562149047852,-1.2764062881469727,1,0,0,0.0
4,0.0,0.0,,0.03474998474121094,24.334055423736572,-0.001319318255444351,-0.2927594780921936,-0.2927594780921936,-0.2625313103199005,2,0,0,0.0
18,1.0,0.0,,0.043650150299072266,37.56325316429138,-0.01800280253185344,-1.2703922986984253,-1.2703922986984253,-1.2040064334869385,11,0,0,0.0
2,1.0,0.0,,0.38065004348754883,0.0,0.0022867540569357163,0.22933492064476013,0.22933492064476013,0.213993638753891,103,0,0,0.0
15,1.0,0.0,,0.1933002471923828,44.86004090309143,-0.01921951487448488,-1.155713438987732,-1.155713438987732,-1.0638246536254883,14,0,0,0.0
23,0.0,0.0,,0.12599992752075195,1.8695000410079956,-0.011324076250196173,-0.4119878737335531,-0.4119878737335531,-0.4282011625828681,70,1,41,41.0
13,1.0,0.0,,0.2867000102996826,1.191556381456781,0.003553596635845627,0.11997050505418043,0.11997050505418043,0.13269357609026367,115,0,0,0.0
11,0.0,0.0,,0.10995006561279297,0.0005500316619873047,0.0006048343049018378,0.06023595109581947,0.06023595109581947,0.060181230306625366,108,0,0,0.0
23,0.0,0.0,,0.4631500244140625,2.8254032135009766,0.0050449794605989555,0.14760884642601013,0.14760884642601013,0.16330617666244507,77,0,0,0.0
1,1.0,0.0,,0.0,14.835003721714019,-0.0031039266573274406,-0.2189251974097684,-0.2189251974097684,-0.18107800955573716,0,1,39,39.0
11,0.0,0.0,,0.06244993209838867,11.174551963806152,-0.0027500622425663305,-0.1448850929737091,-0.1448850929737091,-0.12210628390312195,7,0,0,0.0
6,0.0,0.0,,0.17749977111816406,3.0058507919311523,-0.0035873415154668597,-0.11552998423576355,-0.11552998423576355,-0.10674381256103516,38,0,0,0.0
1,1.0,0.0,,0.24950027465820312,0.9059948921203613,0.0017845080091737154,0.08750246465206146,0.08750246465206146,0.07546287775039673,73,0,0,0.0
3,1.0,0.0,,0.16044998168945312,1.9957985877990723,0.001535266975891381,0.0019731479696929455,0.0019731479696929455,0.01438748836517334,61,0,0,0.0
18,1.0,0.0,,0.4190502166748047,0.23349809646606445,0.003655807098263819,0.1318206787109375,0.1318206787109375,0.13520008325576782,100,0,0,0.0
17,1.0,0.0,,0.01744985580444336,4.118608236312866,-0.0006051227303210404,-0.05438818037509918,-0.05438818037509918,-0.04591891169548035,43,0,0,0.0
25,0.0,0.0,,0.0,7.474148750305176,-0.001155282114122656,-0.2763533592224121,-0.2763533592224121,-0.23139995336532593,0,0,0,0.0
23,0.0,0.0,,0.1368999481201172,0.4230055809020996,0.0012847160999691577,0.07276550680398941,0.07276550680398941,0.06891214847564697,44,0,0,0.0
21,1.0,0.0,,0.6388998031616211,0.02579975128173828,0.0059012853446676556,0.3320026099681854,0.3320026099681854,0.3219500184059143,108,0,0,0.0
25,0.0,0.0,,0.2122502326965332,5.06279993057251,-0.029111946884173893,-0.671859565963093,-0.671859565963093,-0.7393651801076802,63,1,32,32.0
18,1.0,0.0,,0.21879959106445312,0.5086560249328613,-6.834357946990097e-05,0.05029544234275818,0.05029544234275818,0.028587162494659424,54,0,0,0.0
15,0.0,0.0,,0.2077498435974121,0.747150182723999,-0.0008853315295330926,0.06614866215958555,0.06614866215958555,0.04684942787972057,104,1,45,45.0
12,0.0,0.0,,0.43449974060058594,3.007000923156739,0.0031620617541964725,0.07955247112828442,0.07955247112828442,0.0976480618767116,108,1,22,22.0
13,0.0,0.0,,0.46200013160705566,0.5522987842559814,0.001438057211477304,0.13421365236624694,0.13421365236624694,0.1486920981835096,72,1,26,26.0
5,0.0,0.0,,0.4270501136779785,2.4434409141540527,0.004256822525562584,0.09306597709655762,0.09306597709655762,0.08186259865760803,103,0,0,0.0
25,0.0,0.0,,0.1967000961303711,1.031852126121521,0.0006817355728543866,0.05099004048567552,0.05099004048567552,0.054827444775159884,50,1,42,42.0
19,0.0,0.0,,0.46598852597750096,0.0,0.003057441908437582,0.1466288841687716,0.1466288841687716,0.13885167355720807,77,1,25,25.0
2,0.0,0.0,,0.2305999994277954,3.6554687093285954,0.002361988079474816,0.0012254327790350015,0.0012254327790350015,-0.0015904421315473538,85,1,33,33.0
26,0.0,0.0,,0.22284984588623047,0.12525081634521484,0.0012072616894082335,0.07007641345262527,0.07007641345262527,0.041343748569488525,102,0,0,0.0
2,0.0,0.0,,0.3989499807357788,4.6643500328063965,-0.004501105244371086,0.00462497044832277,0.00462497044832277,-0.025608340899149595,77,1,5,5.0
23,0.0,0.0,,0.10064983367919922,6.515406131744385,-0.0007359150757323916,-0.13459767401218414,-0.13459767401218414,-0.12783145904541016,18,0,0,0.0
26,0.0,0.0,,0.49305009841918945,0.7436001300811768,0.00022973872650964653,0.11451666057109833,0.11451666057109833,0.11153751611709595,56,0,0,0.0
17,1.0,0.0,,0.15504980087280273,0.0,0.0010803718372812538,0.07350166141986847,0.07350166141986847,0.07599377632141113,98,0,0,0.0
6,0.0,0.0,,0.01620030403137207,6.2965497970581055,-0.06017942042431685,-2.1309987326972504,-2.1309987326972504,-2.123613779361431,17,1,77,77.0
19,1.0,0.0,,0.0,37.85202956199646,-0.002401840236786556,-0.46852022409439087,-0.46852022409439087,-0.45314350724220276,0,0,0,0.0
9,1.0,0.0,,0.19499993324279785,5.355799913406372,-0.003919671797831342,-0.17057941000685733,-0.17057941000685733,-0.043849945068359375,93,1,3,3.0
8,1.0,0.0,,0.0915001630783081,3.9547737240791316,0.0009724288251224243,-0.10232837128842998,-0.10232837128842998,-0.09075109005758636,1,1,19,19.0
14,0.0,0.0,,0.6719000339508057,0.07204985618591309,0.00434856160741166,0.30941674953851944,0.30941674953851944,0.28274727111512965,107,1,21,21.0
18,1.0,0.0,,0.16429996490478516,0.35610008239746094,0.0006487447677507346,0.017588036134839058,0.017588036134839058,0.02233743667602539,113,0,0,0.0
5,0.0,0.0,,0.6273316686803643,1.492999792098999,0.0001315998910301589,0.01743678659455389,0.01743678659455389,-0.01524269078823337,91,1,16,16.0
1,1.0,0.0,,0.0,4.623699903488159,-0.014841646570138145,-0.8738732755693615,-0.8738732755693615,-0.8329383943762098,0,1,41,41.0
24,1.0,0.0,,0.027849912643432617,14.526845932006836,-0.0007971581841192565,-0.1665409803390503,-0.1665409803390503,-0.1475374400615692,1,0,0,0.0
24,1.0,0.0,,0.6656498908996582,0.0787503719329834,0.006164604732613641,0.23047296702861786,0.23047296702861786,0.22932490706443787,116,0,0,0.0
16,0.0,0.0,,0.2720499038696289,11.87001085281372,0.0029866954352733527,-0.2407878339290619,-0.2407878339290619,-0.22014391422271729,115,0,0,0.0
9,0.0,0.0,,0.2223501205444336,4.163306957796999,-0.0021522173162798557,-0.1414452108562502,-0.1414452108562502,-0.12026576582492321,112,1,16,16.0
12,0.0,0.0,,0.05885028839111328,7.451695203781128,-0.0017949632921684644,-0.19279469549655914,-0.19279469549655914,-0.16644984483718872,1,0,0,0.0
7,0.0,0.0,,0.0516505241394043,10.911722660064697,-0.0008041152374713937,-0.10988892614841461,-0.10988892614841461,-0.1046372652053833,19,0,0,0.0
6,0.0,0.0,,0.37620019912719727,0.426849365234375,0.002439801711434736,0.05127263814210892,0.05127263814210892,0.0546688437461853,110,0,0,0.0
14,0.0,0.0,,0.3970499038696289,5.425900220870972,-0.013133441736068991,-0.17211988339057335,-0.17211988339057335,-0.33288365373244655,68,0,0,0.0
13,0.0,0.0,,0.09250020980834961,4.344149589538574,-0.0013107826227079123,-0.11877817660570145,-0.11877817660570145,-0.12172502279281616,114,0,0,0.0
4,0.0,0.0,,0.47065019607543945,1.1611480712890625,0.004485883490746188,0.13036510348320007,0.13036510348320007,0.10221260786056519,103,0,0,0.0
25,0.0,0.0,,0.27155017852783203,0.08229994773864746,0.0016127848007422127,0.09205598384141922,0.09205598384141922,0.07864373922348022,92,0,0,0.0
3,0.0,0.0,,0.03725004196166992,9.50104546546936,-0.0008074183775539026,-0.13019285650334805,-0.13019285650334805,-0.09875613451004028,65,1,11,11.0
17,1.0,0.0,,0.34974992275238037,0.20061601476466384,0.002497829749087596,0.0463038127646487,0.0463038127646487,0.05201633084327617,99,1,46,46.0
9,1.0,0.0,,0.2938499450683594,0.7491965293884277,0.0023639156384313654,0.10887929797172546,0.10887929797172546,0.06307518482208252,116,0,0,0.0
21,1.0,0.0,,0.26944971084594727,0.6517009735107422,-0.0026689460689910145,0.07564572244882584,0.07564572244882584,0.04809987545013428,33,0,0,0.0
1,1.0,0.0,,0.28999996185302734,0.8171000480651855,0.0013508174893496218,0.009532973170280457,0.009532973170280457,0.055862605571746826,116,0,0,0.0
24,0.0,0.0,,0.2575502395629883,0.05314970016479492,0.0005534734124126474,0.11837708204984665,0.11837708204984665,0.10585013031959534,89,0,0,0.0
3,0.0,0.0,,0.04454994201660156,4.834946870803833,-0.001582059977624325,-0.06304453275142571,-0.06304453275142571,-0.06887489557266235,31,1,14,14.0
24,0.0,0.0,,0.05229997634887695,15.018447875976562,0.00013270645940224673,-0.1717567890882492,-0.1717567890882492,-0.1428937315940857,115,0,0,0.0
16,0.0,0.0,,0.06439971923828125,11.373951435089111,-0.002749310628612045,-0.2326013147830963,-0.2326013147830963,-0.22036877274513245,11,0,0,0.0
24,0.0,0.0,,0.2713625175612311,1.13314950466156,-0.00028043675771744446,0.055572452708187246,0.055572452708187246,0.07396813545908243,48,1,27,27.0
23,0.0,0.0,,0.17189979553222656,0.15705108642578125,0.0005789178795015534,0.04651223123073578,0.04651223123073578,0.04619985818862915,101,0,0,0.0
