participant,study_status,scene_familiarity,recall_status,blink_cnt,peak_blink_duration,avg_blink_duration,saccade_count,avg_saccade_duration,avg_saccade_peak_vel,avg_saccade_amplitude,microsaccade_count,avg_microsaccade_duration,avg_microsaccade_vel,avg_microsaccade_amp
15,0.0,1.0,0.5,0,0,0.0,2,35.5,30.132360297413676,168.8948353142511,0,0.0,0.0,0.0
25,0.0,1.0,0.5,0,0,0.0,1,36.0,24.29281374064457,87.60125755813046,0,0.0,0.0,0.0
3,0.0,1.0,0.5,1,16,16.0,2,32.0,22.096749454328947,108.26253279119918,0,0.0,0.0,0.0
4,1.0,1.0,1.0,0,0,0.0,3,20.0,21.9820741986301,91.50464295526778,0,0.0,0.0,0.0
24,1.0,1.0,1.0,0,0,0.0,3,12.333333333333334,34.28784020580674,215.48451069576382,0,0.0,0.0,0.0
4,0.0,1.0,0.5,0,0,0.0,2,24.5,17.128641397451016,77.22950270376482,0,0.0,0.0,0.0
17,1.0,1.0,0.5,0,0,0.0,0,0.0,0.0,0.0,0,0.0,0.0,0.0
19,1.0,1.0,1.0,0,0,0.0,2,21.0,19.135429388158798,91.68951040099782,0,0.0,0.0,0.0
6,1.0,1.0,0.5,0,0,0.0,1,23.0,17.78965755863163,85.04912099451653,0,0.0,0.0,0.0
26,1.0,1.0,1.0,0,0,0.0,2,8.5,23.077661190945726,93.83827404617193,1,10.0,3.4301595774440505,21.577477384796133
18,1.0,1.0,0.5,0,0,0.0,2,17.5,34.71455779055662,242.9235047277289,0,0.0,0.0,0.0
23,1.0,1.0,1.0,0,0,0.0,3,21.0,19.900053488507805,169.65717931101184,0,0.0,0.0,0.0
16,1.0,1.0,0.5,0,0,0.0,1,116.0,2.1154103208175954,19.10974790114926,0,0.0,0.0,0.0
18,1.0,1.0,0.5,1,7,7.0,3,18.0,19.048625122453558,151.02588279749904,0,0.0,0.0,0.0
22,1.0,1.0,1.0,0,0,0.0,1,22.0,6.6683741693766665,21.61078871016313,1,8.0,6.023650006223267,24.709306712345672
26,1.0,1.0,1.0,0,0,0.0,3,20.666666666666668,21.536186175453647,122.1885474708542,0,0.0,0.0,0.0
5,1.0,1.0,0.5,1,16,16.0,1,15.0,1.012845850894103,14.179841912517091,0,0.0,0.0,0.0
10,1.0,1.0,1.0,1,18,18.0,2,27.0,26.057896752826935,185.2712275404741,0,0.0,0.0,0.0
22,1.0,1.0,1.0,0,0,0.0,1,9.0,28.03818303030253,114.33718553027465,1,10.0,2.9681527409159782,20.207372173943185
24,0.0,1.0,0.5,0,0,0.0,1,23.0,1.7850689861454843,19.694163481861015,0,0.0,0.0,0.0
16,1.0,1.0,1.0,0,0,0.0,3,20.0,21.85188321771508,101.53041499970197,0,0.0,0.0,0.0
2,0.0,1.0,0.5,0,0,0.0,2,12.5,7.197764639339172,15.890789452267265,0,0.0,0.0,0.0
23,1.0,1.0,1.0,1,51,51.0,3,26.333333333333332,15.864191382150864,76.58863091986905,0,0.0,0.0,0.0
9,0.0,1.0,0.5,0,0,0.0,2,36.5,37.517974348914976,261.5958095665561,0,0.0,0.0,0.0
6,1.0,1.0,1.0,0,0,0.0,2,9.5,16.407503416052045,69.67974491320524,0,0.0,0.0,0.0
19,1.0,1.0,1.0,0,0,0.0,2,8.5,13.451911632496058,66.63651480764653,0,0.0,0.0,0.0
23,0.0,1.0,0.5,0,0,0.0,2,24.5,30.645106760496837,148.85716269160287,0,0.0,0.0,0.0
1,1.0,1.0,0.5,1,19,19.0,1,26.0,3.5929012313443103,17.459172349501035,0,0.0,0.0,0.0
23,0.0,1.0,0.5,0,0,0.0,5,9.0,18.734176853744636,79.93653979271139,0,0.0,0.0,0.0
13,0.0,1.0,0.0,0,0,0.0,3,23.0,18.019558494480975,50.13626040213355,0,0.0,0.0,0.0
17,1.0,1.0,1.0,0,0,0.0,3,29.333333333333332,33.71771828939684,180.06738004164916,0,0.0,0.0,0.0
21,1.0,1.0,1.0,0,0,0.0,1,21.0,2.894426868792067,19.720512839656717,0,0.0,0.0,0.0
17,1.0,1.0,1.0,0,0,0.0,0,0.0,0.0,0.0,0,0.0,0.0,0.0
16,1.0,1.0,1.0,0,0,0.0,2,23.0,16.453969082560352,68.05892419665926,1,8.0,6.29344171621117,7.729964704733879
14,1.0,1.0,1.0,1,26,26.0,3,15.333333333333334,3.0521426771204823,22.387370987852602,0,0.0,0.0,0.0
24,0.0,1.0,0.5,0,0,0.0,1,9.0,36.921737599249,165.09862702592088,0,0.0,0.0,0.0
19,1.0,1.0,1.0,1,18,18.0,2,41.0,20.35493478996204,143.12541129802142,0,0.0,0.0,0.0
25,1.0,1.0,1.0,0,0,0.0,1,16.0,3.452494897507595,25.15621590500944,0,0.0,0.0,0.0
25,1.0,1.0,1.0,1,13,13.0,2,31.0,21.77274171827554,245.75753050836636,0,0.0,0.0,0.0
19,1.0,1.0,1.0,0,0,0.0,1,50.0,27.86258341626865,209.26320617231215,0,0.0,0.0,0.0
22,1.0,1.0,0.0,0,0,0.0,1,68.0,14.304048648229916,36.995389616481035,0,0.0,0.0,0.0
21,1.0,1.0,0.5,0,0,0.0,2,42.0,6.161001434193907,142.69347708809727,0,0.0,0.0,0.0
5,1.0,1.0,1.0,1,20,20.0,3,14.666666666666666,22.12346554076713,92.69754475410748,0,0.0,0.0,0.0
19,1.0,1.0,1.0,0,0,0.0,3,18.333333333333332,25.278028563586275,167.17911295701342,0,0.0,0.0,0.0
22,1.0,1.0,1.0,0,0,0.0,2,28.5,16.910685186384654,165.88577160408948,0,0.0,0.0,0.0
5,1.0,1.0,0.5,0,0,0.0,3,10.333333333333334,34.38775460538699,133.52702826585718,0,0.0,0.0,0.0
19,1.0,1.0,1.0,0,0,0.0,1,45.0,3.202024628170219,7.001875634875256,0,0.0,0.0,0.0
24,1.0,1.0,1.0,0,0,0.0,1,6.0,3.124093618563081,7.206201738792398,0,0.0,0.0,0.0
21,1.0,1.0,0.5,1,26,26.0,2,40.0,17.321833925514998,220.89128967184755,0,0.0,0.0,0.0
12,0.0,1.0,0.5,0,0,0.0,2,14.5,17.174317821144243,110.68738964004244,0,0.0,0.0,0.0
4,0.0,1.0,0.5,0,0,0.0,2,47.0,27.290014344133837,203.9097437124368,0,0.0,0.0,0.0
9,1.0,1.0,1.0,0,0,0.0,0,0.0,0.0,0.0,0,0.0,0.0,0.0
6,1.0,1.0,0.5,0,0,0.0,3,22.666666666666668,29.253463084173802,128.18328628013745,0,0.0,0.0,0.0
22,0.0,1.0,0.0,0,0,0.0,0,0.0,0.0,0.0,1,8.0,6.515590762318357,25.895040863477057
9,1.0,1.0,0.5,1,20,20.0,3,14.333333333333334,16.072292620762134,81.27715340961545,1,11.0,2.012003867375408,17.180755037009984
6,0.0,1.0,0.0,0,0,0.0,3,13.0,26.492132482546364,104.37203760841163,0,0.0,0.0,0.0
5,0.0,1.0,0.5,0,0,0.0,0,0.0,0.0,0.0,0,0.0,0.0,0.0
14,0.0,1.0,0.0,1,80,80.0,1,72.0,3.0843429924993337,102.02963707127756,0,0.0,0.0,0.0
19,0.0,1.0,0.5,1,15,15.0,2,28.0,24.617562804132156,197.32281882827832,0,0.0,0.0,0.0
2,0.0,1.0,0.0,1,32,32.0,2,17.5,18.561659878455643,177.57609269312553,0,0.0,0.0,0.0
24,0.0,1.0,0.5,0,0,0.0,1,47.0,29.010738897906087,79.54387031066824,0,0.0,0.0,0.0
17,0.0,1.0,0.0,0,0,0.0,2,20.5,32.12145423796736,175.13147531954053,0,0.0,0.0,0.0
14,0.0,1.0,0.5,0,0,0.0,1,26.0,5.444289121554819,29.9168005694813,0,0.0,0.0,0.0
24,0.0,1.0,0.5,0,0,0.0,2,28.5,13.954175161508125,51.307195817904905,0,0.0,0.0,0.0
24,0.0,1.0,0.5,0,0,0.0,0,0.0,0.0,0.0,1,9.0,4.2284885426022765,27.65449337123372
2,1.0,1.0,0.0,1,28,28.0,3,15.333333333333334,9.965423423468673,70.53122488185687,0,0.0,0.0,0.0
7,1.0,1.0,1.0,0,0,0.0,0,0.0,0.0,0.0,0,0.0,0.0,0.0
23,1.0,1.0,0.0,0,0,0.0,1,14.0,13.180801127227664,122.15688938365626,0,0.0,0.0,0.0
24,0.0,1.0,0.5,0,0,0.0,1,26.0,23.595689472359997,81.01208558315211,0,0.0,0.0,0.0
18,1.0,1.0,1.0,0,0,0.0,1,37.0,18.10544305892673,46.907599251931,0,0.0,0.0,0.0
16,0.0,1.0,0.5,0,0,0.0,0,0.0,0.0,0.0,1,7.0,2.915664932354445,15.19058722148997
26,1.0,1.0,1.0,0,0,0.0,3,20.333333333333332,23.035012610674983,204.24103084307353,0,0.0,0.0,0.0
21,0.0,1.0,0.5,0,0,0.0,2,16.5,21.12663427423993,76.23570563613117,1,11.5,6.22401577632031,33.76495363562439
7,1.0,1.0,0.5,0,0,0.0,3,8.333333333333334,14.388048996444354,49.755408209158226,0,0.0,0.0,0.0
18,1.0,1.0,1.0,0,0,0.0,1,10.0,33.556623758502475,169.93076850194234,1,7.5,4.198479431772142,9.264149393790952
4,0.0,1.0,0.5,0,0,0.0,2,50.0,28.808630862943737,209.3146383604594,0,0.0,0.0,0.0
9,1.0,1.0,1.0,0,0,0.0,2,11.5,12.930898221068317,58.98788183561719,0,0.0,0.0,0.0
19,1.0,1.0,1.0,0,0,0.0,1,75.0,20.923160216882483,87.5450212747731,0,0.0,0.0,0.0
6,1.0,1.0,0.0,0,0,0.0,3,23.666666666666668,13.667184770159446,57.96691503966425,0,0.0,0.0,0.0
6,1.0,1.0,1.0,0,0,0.0,2,9.0,10.99549078984151,52.94810448317805,2,8.0,3.989810767972656,20.153566220261695
17,1.0,1.0,0.5,0,0,0.0,2,43.0,31.620161176166334,225.45160898483388,0,0.0,0.0,0.0
3,1.0,1.0,0.5,1,16,16.0,1,29.0,9.907108738742176,177.38316741212498,0,0.0,0.0,0.0
26,1.0,1.0,0.5,0,0,0.0,0,0.0,0.0,0.0,0,0.0,0.0,0.0
1,0.0,1.0,0.0,1,17,17.0,1,16.0,0.8470893857618317,12.706340786427319,1,12.5,2.4834900222936236,14.837316396593195
25,1.0,1.0,1.0,0,0,0.0,1,24.0,17.208751670209825,36.042997022654696,0,0.0,0.0,0.0
24,0.0,1.0,0.5,0,0,0.0,2,19.0,18.14421215137477,98.87079214810188,0,0.0,0.0,0.0
23,1.0,1.0,0.5,0,0,0.0,2,27.0,22.953286467814078,137.2148947336244,0,0.0,0.0,0.0
22,1.0,1.0,1.0,0,0,0.0,3,16.0,17.984866136862895,127.62450404453625,0,0.0,0.0,0.0
4,0.0,1.0,0.5,1,14,14.0,3,21.0,12.818089280537848,106.19115493427887,1,9.5,4.02396743601542,17.95204422289609
18,1.0,1.0,1.0,0,0,0.0,1,24.0,35.357989332860825,251.38053528726886,0,0.0,0.0,0.0
9,1.0,1.0,1.0,1,18,18.0,1,16.0,0.5968510977309116,8.952766465963188,1,8.0,3.1326675118312197,17.653291420233977
24,0.0,1.0,0.5,0,0,0.0,1,31.0,47.78074520931979,218.6964030750237,0,0.0,0.0,0.0
24,1.0,1.0,1.0,0,0,0.0,0,0.0,0.0,0.0,0,0.0,0.0,0.0
25,1.0,1.0,1.0,0,0,0.0,1,40.0,27.174539674603384,313.3156735192627,0,0.0,0.0,0.0
17,0.0,1.0,0.5,0,0,0.0,1,19.0,8.11642748632516,17.903792573096293,0,0.0,0.0,0.0
22,1.0,1.0,1.0,1,29,29.0,2,10.0,11.890775514945068,60.27245461694113,0,0.0,0.0,0.0
18,0.0,1.0,0.0,0,0,0.0,2,13.5,32.831361929990955,175.12704268886594,0,0.0,0.0,0.0
24,1.0,1.0,0.5,0,0,0.0,3,22.333333333333332,21.989126152283955,84.2308852041855,0,0.0,0.0,0.0
6,0.0,1.0,0.0,0,0,0.0,1,31.0,16.293998193612165,42.564949339251214,0,0.0,0.0,0.0
9,1.0,1.0,1.0,0,0,0.0,1,54.0,25.94695970105375,125.35324925828418,0,0.0,0.0,0.0
6,0.0,1.0,0.5,1,7,7.0,0,0.0,0.0,0.0,0,0.0,0.0,0.0
9,1.0,1.0,0.5,1,18,18.0,1,56.0,3.166414405327833,25.977358512293332,0,0.0,0.0,0.0
2,1.0,1.0,0.5,0,0,0.0,1,16.0,14.189767622202666,34.6668822735064,0,0.0,0.0,0.0
21,1.0,1.0,1.0,0,0,0.0,1,19.0,28.00231439410023,111.58608721241171,0,0.0,0.0,0.0
23,0.0,1.0,0.5,0,0,0.0,1,31.0,28.220920523113637,147.752280607354,0,0.0,0.0,0.0
7,1.0,1.0,1.0,0,0,0.0,1,23.0,33.03660765703024,142.48504913066662,0,0.0,0.0,0.0
23,1.0,1.0,0.5,0,0,0.0,2,6.5,18.632755295135315,82.02697090098724,0,0.0,0.0,0.0
16,1.0,1.0,1.0,0,0,0.0,2,9.0,10.505105958869319,44.26025387179175,0,0.0,0.0,0.0
24,1.0,1.0,0.5,0,0,0.0,1,31.0,25.299527394456167,77.96531475398287,0,0.0,0.0,0.0
19,1.0,1.0,1.0,0,0,0.0,1,52.0,13.417123910419894,28.92929521481933,0,0.0,0.0,0.0
2,0.0,1.0,0.0,0,0,0.0,1,73.0,18.82103454968202,48.632765564685215,0,0.0,0.0,0.0
17,0.0,1.0,0.5,0,0,0.0,1,20.0,31.491491070816643,97.72029340403586,0,0.0,0.0,0.0
23,1.0,1.0,1.0,0,0,0.0,5,9.4,16.544933327793824,67.80533189974997,0,0.0,0.0,0.0
14,0.0,1.0,0.5,1,57,57.0,3,15.333333333333334,13.280118323109493,91.59592873269658,0,0.0,0.0,0.0
24,0.0,1.0,0.5,0,0,0.0,1,28.0,33.7703311384674,213.06781649134854,0,0.0,0.0,0.0
24,0.0,1.0,0.5,1,9,9.0,2,16.5,29.66631710934,174.35686395257744,0,0.0,0.0,0.0
13,1.0,1.0,1.0,1,32,32.0,2,43.0,21.59393595623161,191.1622846282804,0,0.0,0.0,0.0
4,1.0,1.0,1.0,0,0,0.0,2,17.0,7.183381887123217,69.9306106489192,0,0.0,0.0,0.0
13,1.0,1.0,1.0,0,0,0.0,3,27.0,27.551132133083332,177.0755569873733,0,0.0,0.0,0.0
15,0.0,1.0,0.5,0,0,0.0,1,13.0,5.014130024917417,34.1259792318601,0,0.0,0.0,0.0
6,1.0,1.0,1.0,0,0,0.0,1,6.0,8.405709727301284,35.548161847275814,2,10.0,2.6587498056388696,20.097148624087744
16,1.0,1.0,1.0,0,0,0.0,1,40.0,31.69453546158291,98.74042459146452,0,0.0,0.0,0.0
11,1.0,1.0,1.0,0,0,0.0,2,30.0,16.43215303168792,77.91643329993731,0,0.0,0.0,0.0
24,1.0,1.0,1.0,0,0,0.0,3,16.666666666666668,34.01714612592156,175.5457890744525,1,8.5,3.3717794892278574,18.895799353382774
25,1.0,1.0,1.0,1,23,23.0,2,22.0,17.376471401032596,81.54948816393934,0,0.0,0.0,0.0
7,1.0,1.0,1.0,0,0,0.0,1,7.0,28.707212008703824,88.88257669436601,1,7.5,6.256618686509985,8.496878914474674
7,1.0,1.0,1.0,0,0,0.0,1,34.0,21.439110275712036,46.02691394956824,0,0.0,0.0,0.0
11,1.0,1.0,1.0,0,0,0.0,1,63.0,28.31318659251714,291.87289582322757,1,9.5,2.8444772001158425,15.786415033648126
8,1.0,1.0,1.0,0,0,0.0,3,14.0,24.795356547794395,114.22103511872638,1,8.0,3.536575307416771,21.29096093977362
21,1.0,1.0,0.0,1,9,9.0,2,17.5,27.5547560598159,299.2404455423875,0,0.0,0.0,0.0
26,1.0,1.0,1.0,0,0,0.0,3,22.0,19.674448963533877,94.94265099237903,0,0.0,0.0,0.0
4,0.0,1.0,0.5,0,0,0.0,2,19.5,17.814991657241464,119.149812623448,0,0.0,0.0,0.0
19,1.0,1.0,1.0,0,0,0.0,1,56.0,24.68680931740508,125.09031584121423,1,7.5,3.2797959754142605,19.520795944487705
24,1.0,1.0,0.5,0,0,0.0,4,10.5,25.743046383091993,135.84809436275643,0,0.0,0.0,0.0
4,0.0,1.0,0.5,0,0,0.0,1,75.0,33.728937458456805,259.6848346652109,0,0.0,0.0,0.0
3,0.0,1.0,0.5,0,0,0.0,1,21.0,2.2047119364509564,8.672485078581696,0,0.0,0.0,0.0
23,1.0,1.0,1.0,0,0,0.0,2,29.0,27.91389636364311,226.11713411523795,0,0.0,0.0,0.0
23,1.0,1.0,1.0,0,0,0.0,1,69.0,21.46991057190199,69.98061337949801,0,0.0,0.0,0.0
5,1.0,1.0,0.5,0,0,0.0,1,12.0,13.895580401108008,39.60279623098671,0,0.0,0.0,0.0
24,0.0,1.0,0.5,0,0,0.0,1,28.0,24.91652609331078,112.7188959181901,0,0.0,0.0,0.0
5,1.0,1.0,1.0,1,113,113.0,1,11.0,1.8932997003005823,16.101742512821836,0,0.0,0.0,0.0
7,1.0,1.0,1.0,0,0,0.0,1,14.0,28.247173229432285,97.22074404223112,0,0.0,0.0,0.0
17,1.0,1.0,1.0,0,0,0.0,1,13.0,22.697853622718068,48.138235206997706,0,0.0,0.0,0.0
15,1.0,1.0,0.5,0,0,0.0,3,17.0,19.460983086105703,96.338306492696,0,0.0,0.0,0.0
5,1.0,1.0,0.5,0,0,0.0,1,38.0,35.85554339737275,179.4039749180826,0,0.0,0.0,0.0
4,1.0,1.0,0.5,0,0,0.0,1,7.0,36.3424945308844,106.23425828013745,0,0.0,0.0,0.0
25,1.0,1.0,1.0,0,0,0.0,3,19.666666666666668,28.14750524619093,191.21711790585746,1,8.5,5.961691976342968,35.72187808372929
3,0.0,1.0,0.5,1,13,13.0,1,102.0,22.286559200546815,244.04195304400687,0,0.0,0.0,0.0
1,1.0,1.0,1.0,0,0,0.0,1,43.0,21.801094893579,66.14850758733783,0,0.0,0.0,0.0
3,0.0,1.0,0.5,0,0,0.0,1,16.0,19.960171349191558,48.07080755640667,0,0.0,0.0,0.0
8,1.0,1.0,1.0,0,0,0.0,3,12.333333333333334,12.606409011274506,85.88439943037378,0,0.0,0.0,0.0
5,1.0,1.0,0.5,0,0,0.0,1,12.0,32.77577700046773,113.58386334391565,0,0.0,0.0,0.0
7,0.0,1.0,0.5,0,0,0.0,0,0.0,0.0,0.0,0,0.0,0.0,0.0
18,0.0,1.0,0.5,0,0,0.0,3,13.0,9.496537764102651,47.95135839651784,1,7.0,3.704785095056962,17.55995320046808
6,0.0,1.0,0.0,0,0,0.0,1,15.0,1.0051726036187314,7.004560842364519,0,0.0,0.0,0.0
24,0.0,1.0,0.5,0,0,0.0,2,42.0,29.93947995522054,284.54022702248983,0,0.0,0.0,0.0
9,0.0,1.0,0.0,1,15,15.0,2,12.5,1.7053707107621532,14.736957545912926,0,0.0,0.0,0.0
13,0.0,1.0,0.5,0,0,0.0,0,0.0,0.0,0.0,0,0.0,0.0,0.0
14,1.0,1.0,1.0,0,0,0.0,1,12.0,31.9307159994992,206.47117215474483,1,9.0,3.0775082742496638,20.118613255217902
1,1.0,1.0,1.0,0,0,0.0,2,27.0,17.52178055753474,74.56587652803299,0,0.0,0.0,0.0
7,1.0,1.0,1.0,0,0,0.0,1,31.0,27.892639671917827,71.83048398009828,0,0.0,0.0,0.0
8,1.0,1.0,0.5,0,0,0.0,2,14.0,4.79806597416558,26.87504812940496,0,0.0,0.0,0.0
24,0.0,1.0,0.5,0,0,0.0,0,0.0,0.0,0.0,0,0.0,0.0,0.0
4,0.0,1.0,0.5,1,7,7.0,2,8.0,13.490017398328941,67.15026574802769,0,0.0,0.0,0.0
9,0.0,1.0,0.5,0,0,0.0,3,16.0,24.66051193509398,89.90504476308713,0,0.0,0.0,0.0
18,1.0,1.0,1.0,0,0,0.0,2,19.5,32.125095346350555,111.65853102605544,0,0.0,0.0,0.0
8,1.0,1.0,0.0,0,0,0.0,3,22.666666666666668,31.085657924449084,160.286294976047,0,0.0,0.0,0.0
24,0.0,1.0,0.5,0,0,0.0,1,32.0,8.305077072038243,164.56931525391624,0,0.0,0.0,0.0
1,1.0,1.0,1.0,0,0,0.0,1,6.0,30.942014931988094,129.30723226946452,0,0.0,0.0,0.0
21,1.0,1.0,0.5,0,0,0.0,2,42.0,24.712258157062045,111.27164134661163,0,0.0,0.0,0.0
12,0.0,1.0,0.5,0,0,0.0,3,15.666666666666666,16.769923328276565,84.01941210866339,0,0.0,0.0,0.0
22,0.0,1.0,0.5,1,24,24.0,2,14.5,9.333689238448896,51.23153700656512,0,0.0,0.0,0.0
19,1.0,1.0,1.0,0,0,0.0,1,24.0,1.2480608455714295,11.46173600507624,1,8.0,2.874653689073882,16.63792294877301
15,0.0,1.0,0.5,0,0,0.0,1,49.0,24.036471346702502,101.34044282716872,0,0.0,0.0,0.0
9,0.0,1.0,0.0,1,15,15.0,3,12.333333333333334,19.669541054931667,109.53526432027797,0,0.0,0.0,0.0
7,0.0,1.0,0.5,0,0,0.0,1,6.0,32.25756878141777,107.6612461623054,0,0.0,0.0,0.0
23,1.0,1.0,1.0,0,0,0.0,1,44.0,25.884429772451476,325.1534581001986,0,0.0,0.0,0.0
16,1.0,1.0,0.0,0,0,0.0,2,25.5,10.304719394229089,44.527093265957845,0,0.0,0.0,0.0
23,0.0,1.0,0.0,0,0,0.0,1,11.0,22.431384100224218,96.08601260118336,1,10.0,1.8925981419976305,12.587895668690603
17,1.0,1.0,1.0,0,0,0.0,2,21.5,38.421221131766586,276.9086381971354,0,0.0,0.0,0.0
4,1.0,1.0,0.5,1,17,17.0,2,24.5,4.558002047041938,46.642967173243655,0,0.0,0.0,0.0
4,0.0,1.0,0.5,0,0,0.0,1,24.0,35.08117642309474,163.13381154362253,0,0.0,0.0,0.0
12,1.0,1.0,1.0,0,0,0.0,2,37.5,17.896122878809038,77.440062461383,0,0.0,0.0,0.0
8,1.0,1.0,1.0,0,0,0.0,3,6.333333333333333,9.905622270961187,41.52157168024218,0,0.0,0.0,0.0
3,0.0,1.0,0.5,0,0,0.0,3,7.666666666666667,14.473085994594912,62.32034786346247,1,9.0,3.3696729139570936,22.092627026754755
6,0.0,1.0,0.0,0,0,0.0,1,39.0,34.806001657516966,225.89925734612615,0,0.0,0.0,0.0
14,1.0,1.0,1.0,0,0,0.0,2,31.0,19.50017639962546,183.78414706798526,0,0.0,0.0,0.0
14,1.0,1.0,0.5,1,14,14.0,1,33.0,26.173472119721197,446.2521724849786,0,0.0,0.0,0.0
24,1.0,1.0,0.5,0,0,0.0,3,13.333333333333334,19.89568191399717,115.53872109593601,0,0.0,0.0,0.0
3,1.0,1.0,1.0,0,0,0.0,2,30.0,30.944225827834863,106.16300818956418,0,0.0,0.0,0.0
13,1.0,1.0,1.0,0,0,0.0,2,29.0,23.949498468154687,159.2416322415595,0,0.0,0.0,0.0
18,1.0,1.0,1.0,0,0,0.0,3,18.333333333333332,21.334189902828275,99.12934025924433,0,0.0,0.0,0.0
21,0.0,1.0,0.5,0,0,0.0,1,15.0,5.782944306138241,13.220597615569812,0,0.0,0.0,0.0
1,1.0,1.0,1.0,1,12,12.0,1,76.0,21.406762747577314,130.8103426419152,1,13.0,6.520557172271744,13.525757344425525
4,1.0,1.0,1.0,0,0,0.0,3,11.666666666666666,17.793933244968283,63.69193119092888,0,0.0,0.0,0.0
6,0.0,1.0,0.5,0,0,0.0,1,9.0,18.69439770015248,63.1872760426378,0,0.0,0.0,0.0
1,1.0,1.0,1.0,0,0,0.0,2,40.5,30.891393173290076,164.40556159353164,0,0.0,0.0,0.0
13,1.0,1.0,1.0,0,0,0.0,1,41.0,6.805202553600555,24.2873311194868,0,0.0,0.0,0.0
16,1.0,1.0,1.0,0,0,0.0,1,96.0,6.365408030371412,28.123915819159354,0,0.0,0.0,0.0
14,1.0,1.0,1.0,0,0,0.0,3,16.0,12.44952340841521,53.807639708153005,1,7.0,3.9903551004708575,16.389722061936858
14,0.0,1.0,0.5,1,18,18.0,1,17.0,34.25033188333395,180.61405404334542,0,0.0,0.0,0.0
21,1.0,1.0,1.0,0,0,0.0,1,26.0,29.037598644098072,183.13693168420804,0,0.0,0.0,0.0
18,1.0,1.0,0.0,0,0,0.0,2,14.0,13.305387842048154,75.9746813354505,0,0.0,0.0,0.0
3,0.0,1.0,0.5,0,0,0.0,3,17.0,21.421450658117852,117.41212363552246,0,0.0,0.0,0.0
7,1.0,1.0,1.0,0,0,0.0,1,26.0,10.282426597568914,20.56485319513783,0,0.0,0.0,0.0
12,0.0,1.0,0.5,0,0,0.0,1,6.0,6.408342043845434,18.940274982356545,0,0.0,0.0,0.0
5,1.0,1.0,0.0,0,0,0.0,3,25.666666666666668,17.650870524157163,105.35015467429439,0,0.0,0.0,0.0
13,0.0,1.0,0.5,0,0,0.0,0,0.0,0.0,0.0,0,0.0,0.0,0.0
3,1.0,1.0,0.5,0,0,0.0,1,45.0,18.451564798994767,62.56743862426652,0,0.0,0.0,0.0
24,1.0,1.0,1.0,0,0,0.0,4,12.25,25.784083298887417,126.85303026967051,0,0.0,0.0,0.0
14,1.0,1.0,1.0,0,0,0.0,1,26.0,21.940714026136057,71.25390737641374,0,0.0,0.0,0.0
22,1.0,1.0,1.0,1,19,19.0,3,15.0,13.73407174392329,102.34118154020477,0,0.0,0.0,0.0
1,1.0,1.0,1.0,0,0,0.0,1,33.0,2.6318910563899207,16.61290168160425,0,0.0,0.0,0.0
24,1.0,1.0,0.5,0,0,0.0,1,41.0,5.040522674503693,13.878560418233812,0,0.0,0.0,0.0
2,1.0,1.0,1.0,1,20,20.0,3,12.0,7.339984816279984,67.22973053645643,0,0.0,0.0,0.0
4,1.0,1.0,1.0,0,0,0.0,2,36.5,19.663247753885525,165.7694088740049,0,0.0,0.0,0.0
13,1.0,1.0,1.0,1,11,11.0,1,39.0,35.9059271452364,266.1619917038311,0,0.0,0.0,0.0
21,1.0,1.0,0.0,1,25,25.0,2,32.5,8.878889585267816,196.24822056154412,0,0.0,0.0,0.0
23,1.0,1.0,0.5,0,0,0.0,0,0.0,0.0,0.0,0,0.0,0.0,0.0
26,1.0,1.0,1.0,0,0,0.0,2,36.5,29.770326044151226,164.1185426231922,0,0.0,0.0,0.0
26,1.0,1.0,1.0,0,0,0.0,2,7.5,17.836490381082456,74.547843729187,0,0.0,0.0,0.0
21,0.0,1.0,1.0,0,0,0.0,1,44.0,12.330527426879696,28.278194869254225,0,0.0,0.0,0.0
23,0.0,1.0,0.5,0,0,0.0,0,0.0,0.0,0.0,1,9.0,11.308362706938665,10.38783521881989
6,0.0,1.0,0.5,1,19,19.0,1,10.0,0.7861672640294529,7.075505376264972,0,0.0,0.0,0.0
6,1.0,1.0,1.0,1,21,21.0,2,26.5,17.830493821627662,131.2809998367905,0,0.0,0.0,0.0
3,1.0,1.0,1.0,0,0,0.0,0,0.0,0.0,0.0,0,0.0,0.0,0.0
24,0.0,1.0,0.5,0,0,0.0,3,12.0,13.77286412976252,75.00975632711615,0,0.0,0.0,0.0
23,0.0,1.0,0.5,0,0,0.0,1,95.0,42.55180507616551,367.06504282234823,0,0.0,0.0,0.0
3,0.0,1.0,0.5,0,0,0.0,1,14.0,2.1835797461690185,18.931490677739838,1,8.0,2.2508438034294116,13.063780750061166
9,1.0,1.0,0.5,1,20,20.0,2,10.0,4.472664218645838,16.319262955933162,0,0.0,0.0,0.0
4,1.0,1.0,0.5,0,0,0.0,2,17.0,22.235196272194287,137.59665109744878,0,0.0,0.0,0.0
6,0.0,1.0,0.5,0,0,0.0,2,16.5,26.21833216569177,186.8367616180445,2,11.0,3.0761558966832547,27.209114554757164
2,1.0,1.0,1.0,1,20,20.0,3,12.666666666666666,10.226217699587416,43.197790903950875,1,7.0,6.210803936240488,22.451709538770352
9,1.0,1.0,1.0,1,13,13.0,2,21.0,21.741243619532543,168.50561349378017,1,17.0,2.11278662762369,23.085875534285712
22,1.0,1.0,1.0,0,0,0.0,2,29.0,23.697661521762605,132.894182208459,0,0.0,0.0,0.0
15,1.0,1.0,1.0,0,0,0.0,1,47.0,38.10019474043031,227.1915656874876,1,10.0,2.79927152360957,21.593212926162664
18,1.0,1.0,1.0,0,0,0.0,3,28.0,33.21954939066459,135.46185708407515,0,0.0,0.0,0.0
26,1.0,1.0,1.0,0,0,0.0,2,9.0,20.527388666349253,88.88162654357832,0,0.0,0.0,0.0
25,1.0,1.0,1.0,0,0,0.0,2,7.0,19.87340981041482,88.37342392047024,0,0.0,0.0,0.0
23,1.0,1.0,1.0,0,0,0.0,1,12.0,31.558833990317027,89.55846671867737,0,0.0,0.0,0.0
23,0.0,1.0,0.5,0,0,0.0,2,27.5,27.943706267595793,226.01334029239518,0,0.0,0.0,0.0
17,0.0,1.0,0.5,0,0,0.0,3,15.666666666666666,18.405634302110148,138.0781498004378,0,0.0,0.0,0.0
15,0.0,1.0,0.5,0,0,0.0,2,25.5,16.964949515569195,104.71803319578754,0,0.0,0.0,0.0
5,1.0,1.0,0.5,1,12,12.0,2,15.0,4.778884426829336,39.6064278640187,1,9.5,2.492615766861909,11.676025281424572
13,1.0,1.0,1.0,0,0,0.0,1,25.0,36.79224131542222,140.85103621901064,0,0.0,0.0,0.0
1,1.0,1.0,1.0,0,0,0.0,3,14.666666666666666,15.084588873603337,46.765563497866985,0,0.0,0.0,0.0
3,1.0,1.0,1.0,1,19,19.0,2,17.5,9.087967558463031,153.5424628174956,1,7.0,3.8194009093302403,20.08620054219015
4,0.0,1.0,0.5,0,0,0.0,1,14.0,30.489160958946925,156.9431817749402,0,0.0,0.0,0.0
4,0.0,1.0,0.5,0,0,0.0,4,19.25,22.657786527387334,107.29958894536894,0,0.0,0.0,0.0
23,0.0,1.0,0.0,1,39,39.0,1,9.0,1.6693469541649826,13.354775633319719,0,0.0,0.0,0.0
14,0.0,1.0,0.5,1,48,48.0,2,39.0,6.031782392984665,65.74044373309522,0,0.0,0.0,0.0
1,1.0,1.0,1.0,1,18,18.0,1,10.0,3.3560127739130547,30.20411496521739,0,0.0,0.0,0.0
17,0.0,1.0,0.5,0,0,0.0,0,0.0,0.0,0.0,0,0.0,0.0,0.0
19,1.0,1.0,1.0,0,0,0.0,0,0.0,0.0,0.0,0,0.0,0.0,0.0
14,1.0,1.0,0.5,0,0,0.0,1,32.0,7.25848606571823,46.887064300176846,0,0.0,0.0,0.0
23,0.0,1.0,0.5,0,0,0.0,1,13.0,37.37067172387955,122.74848215074925,0,0.0,0.0,0.0
24,1.0,1.0,1.0,0,0,0.0,0,0.0,0.0,0.0,0,0.0,0.0,0.0
23,0.0,1.0,0.5,1,23,23.0,3,32.666666666666664,19.992943206780378,198.00111430993533,0,0.0,0.0,0.0
15,1.0,1.0,0.5,0,0,0.0,3,22.666666666666668,13.97625255719028,104.39205954720525,0,0.0,0.0,0.0
25,1.0,1.0,1.0,0,0,0.0,3,11.666666666666666,15.08056771455764,78.57524712749168,1,8.0,3.4591174030494782,20.149117165836728
24,1.0,1.0,0.5,0,0,0.0,2,12.0,14.569126739990333,65.85013174240216,1,8.0,3.4832633966025393,20.139800612683864
18,1.0,1.0,0.0,0,0,0.0,0,0.0,0.0,0.0,0,0.0,0.0,0.0
14,0.0,1.0,0.5,1,27,27.0,2,24.5,7.804792062048623,67.50615446011581,0,0.0,0.0,0.0
17,1.0,1.0,1.0,0,0,0.0,1,22.0,45.970768290544555,278.1572965389824,1,11.0,3.983359275232333,28.312948529965716
6,1.0,1.0,0.0,0,0,0.0,2,42.5,23.58036540789555,142.13674929965904,0,0.0,0.0,0.0
14,1.0,1.0,1.0,1,33,33.0,2,21.0,1.8081161033461903,34.589868860657745,0,0.0,0.0,0.0
3,1.0,1.0,1.0,1,11,11.0,2,12.5,26.100964722113936,144.43032992733077,0,0.0,0.0,0.0
1,1.0,1.0,1.0,0,0,0.0,1,28.0,4.175550253811226,18.04775186571742,0,0.0,0.0,0.0
19,1.0,1.0,1.0,0,0,0.0,2,24.0,15.276861144591976,82.542158368966,0,0.0,0.0,0.0
6,1.0,1.0,1.0,1,19,19.0,2,14.0,28.34396014251321,189.2852157097465,0,0.0,0.0,0.0
21,1.0,1.0,1.0,1,28,28.0,3,13.333333333333334,12.999279293969485,81.99139633717651,1,7.5,11.756658680062557,19.16347368215753
25,0.0,1.0,0.5,1,23,23.0,2,46.0,19.203097406527807,299.45639926951003,0,0.0,0.0,0.0
17,1.0,1.0,0.5,0,0,0.0,2,30.0,31.61453811654829,162.48180866338777,0,0.0,0.0,0.0
21,0.0,1.0,0.5,1,26,26.0,2,33.5,25.67797961839203,188.02832256838408,0,0.0,0.0,0.0
23,0.0,1.0,0.0,0,0,0.0,1,22.0,34.894684160660404,113.03668383738625,0,0.0,0.0,0.0
15,1.0,1.0,1.0,0,0,0.0,1,52.0,20.845859003236964,278.55056260169147,0,0.0,0.0,0.0
4,1.0,1.0,1.0,0,0,0.0,4,19.5,23.911437350049063,101.3700809066958,0,0.0,0.0,0.0
8,0.0,1.0,0.0,0,0,0.0,3,7.666666666666667,14.987092770274492,82.62970232382706,0,0.0,0.0,0.0
3,1.0,1.0,0.5,1,13,13.0,2,8.0,17.774046927031655,107.72951461500253,0,0.0,0.0,0.0
4,1.0,1.0,0.5,0,0,0.0,0,0.0,0.0,0.0,0,0.0,0.0,0.0
12,1.0,1.0,1.0,0,0,0.0,1,16.0,9.613196400560904,24.627700320252405,0,0.0,0.0,0.0
13,1.0,1.0,1.0,1,13,13.0,3,19.0,17.45554095783111,99.648893831688,0,0.0,0.0,0.0
4,1.0,1.0,0.5,0,0,0.0,3,21.333333333333332,23.05867231733429,138.8495843792449,0,0.0,0.0,0.0
9,1.0,1.0,1.0,0,0,0.0,1,72.0,41.2269831085743,188.71194738894835,0,0.0,0.0,0.0
9,0.0,1.0,0.5,1,21,21.0,2,13.5,18.880086181290025,65.79888926268792,0,0.0,0.0,0.0
21,0.0,1.0,0.0,0,0,0.0,2,41.5,28.584640394563316,220.17728781482288,0,0.0,0.0,0.0
24,0.0,1.0,0.5,0,0,0.0,3,29.666666666666668,36.74584368426229,279.6309585057085,0,0.0,0.0,0.0
2,1.0,1.0,1.0,0,0,0.0,1,116.0,0.558219578442431,11.58512623751076,0,0.0,0.0,0.0
22,1.0,1.0,1.0,1,18,18.0,3,18.666666666666668,11.087920939511934,86.2264395538183,0,0.0,0.0,0.0
9,0.0,1.0,0.5,1,14,14.0,2,7.5,20.439197325621564,75.94159667765055,0,0.0,0.0,0.0
25,1.0,1.0,1.0,1,27,27.0,1,66.0,33.97630644702015,447.67574007928164,1,8.0,3.7193178031517893,20.46426625872725
22,1.0,1.0,1.0,0,0,0.0,1,8.0,11.411588210770622,48.602959937356054,0,0.0,0.0,0.0
23,1.0,1.0,1.0,0,0,0.0,2,46.5,17.502929896266323,143.92288337346633,0,0.0,0.0,0.0
24,0.0,1.0,0.5,0,0,0.0,0,0.0,0.0,0.0,1,7.5,2.5290857650185634,13.761649390932513
19,1.0,1.0,1.0,0,0,0.0,1,48.0,8.522559309743876,18.761593038605206,0,0.0,0.0,0.0
9,1.0,1.0,1.0,0,0,0.0,2,7.0,24.52284567161187,65.54484841961735,1,7.0,3.7229488586151325,20.302451652769765
3,1.0,1.0,1.0,0,0,0.0,0,0.0,0.0,0.0,0,0.0,0.0,0.0
9,0.0,1.0,0.0,0,0,0.0,1,116.0,3.3139970621038235,13.070167038205582,0,0.0,0.0,0.0
3,1.0,1.0,1.0,0,0,0.0,1,30.0,2.3460981687900495,17.69428568643988,1,7.0,4.359249430185418,19.2745074530836
26,0.0,1.0,0.5,0,0,0.0,2,20.5,21.507407801500094,86.92587850133944,0,0.0,0.0,0.0
8,1.0,1.0,0.5,0,0,0.0,1,21.0,28.469073661230002,134.8100784944888,0,0.0,0.0,0.0
18,1.0,1.0,1.0,0,0,0.0,1,58.0,33.10888242511167,343.379750340643,0,0.0,0.0,0.0
24,0.0,1.0,0.5,0,0,0.0,1,11.0,31.184526881344592,99.81528146558868,0,0.0,0.0,0.0
16,1.0,1.0,0.0,0,0,0.0,2,28.0,30.601122359915195,114.26232848167996,0,0.0,0.0,0.0
4,0.0,1.0,0.5,0,0,0.0,3,24.0,13.146891158738255,88.46975940620682,0,0.0,0.0,0.0
4,0.0,1.0,0.5,0,0,0.0,2,38.5,25.469047601282384,135.92254334167433,0,0.0,0.0,0.0
19,1.0,1.0,1.0,1,17,17.0,2,49.0,19.959918344838318,197.7967529052354,0,0.0,0.0,0.0
8,1.0,1.0,1.0,0,0,0.0,0,0.0,0.0,0.0,0,0.0,0.0,0.0
9,1.0,1.0,1.0,1,21,21.0,3,17.666666666666668,13.958519668465563,122.17113841066674,0,0.0,0.0,0.0
23,0.0,1.0,0.5,0,0,0.0,2,49.0,20.376976642975073,159.17211441784016,0,0.0,0.0,0.0
22,1.0,1.0,1.0,1,20,20.0,3,13.666666666666666,18.67047991387025,143.82417807194497,0,0.0,0.0,0.0
14,0.0,1.0,0.5,0,0,0.0,2,7.5,11.163036322364867,43.59829672769382,0,0.0,0.0,0.0
14,1.0,1.0,1.0,1,54,54.0,3,14.666666666666666,18.11501914665349,107.69753233230931,0,0.0,0.0,0.0
15,1.0,1.0,1.0,0,0,0.0,2,33.5,40.12892327790135,257.3697358098213,0,0.0,0.0,0.0
21,1.0,1.0,0.5,0,0,0.0,2,14.0,22.190918641652893,86.02733110444895,0,0.0,0.0,0.0
3,0.0,1.0,0.5,0,0,0.0,2,25.0,16.03735859113591,155.75200901488088,0,0.0,0.0,0.0
5,1.0,1.0,1.0,0,0,0.0,1,39.0,41.70525621830732,232.12106959967278,0,0.0,0.0,0.0
9,1.0,1.0,1.0,0,0,0.0,1,31.0,27.702965262287165,175.57494795893717,2,11.5,2.7174114723939264,21.31909256173735
4,0.0,1.0,0.5,0,0,0.0,3,16.333333333333332,26.9576522255027,89.01084806515314,0,0.0,0.0,0.0
21,1.0,1.0,1.0,0,0,0.0,0,0.0,0.0,0.0,0,0.0,0.0,0.0
7,0.0,1.0,0.5,0,0,0.0,1,42.0,12.81525460269477,26.232242912515343,0,0.0,0.0,0.0
22,1.0,1.0,1.0,1,29,29.0,2,21.5,7.92344045533788,76.27530432981975,0,0.0,0.0,0.0
1,1.0,1.0,1.0,1,34,34.0,2,43.5,13.50396510853815,134.38568213332454,0,0.0,0.0,0.0
6,0.0,1.0,0.5,0,0,0.0,2,28.0,13.433634451316117,132.9225131918795,0,0.0,0.0,0.0
1,0.0,1.0,0.0,1,17,17.0,1,104.0,2.212687801013822,15.646932224335128,0,0.0,0.0,0.0
23,1.0,1.0,1.0,0,0,0.0,2,46.5,27.39911890092637,235.22217593593865,0,0.0,0.0,0.0
14,1.0,1.0,1.0,0,0,0.0,1,6.0,34.55999755859375,138.46633455713308,0,0.0,0.0,0.0
2,0.0,1.0,0.0,1,59,59.0,2,35.5,4.393314719164232,18.016930253977762,0,0.0,0.0,0.0
14,0.0,1.0,0.5,0,0,0.0,1,20.0,21.80296761679234,52.96797848258457,0,0.0,0.0,0.0
23,1.0,1.0,0.0,1,15,15.0,2,52.0,23.511009650786647,243.61058751983882,0,0.0,0.0,0.0
6,1.0,1.0,1.0,0,0,0.0,3,28.666666666666668,29.2258605774113,146.19912565199596,0,0.0,0.0,0.0
17,1.0,1.0,0.5,0,0,0.0,2,7.0,18.344550481195803,61.867396387435264,3,9.0,3.703693836902205,24.38021655686352
2,0.0,1.0,0.5,0,0,0.0,2,13.5,30.377744052510607,111.10520256419443,0,0.0,0.0,0.0
18,1.0,1.0,1.0,0,0,0.0,1,52.0,1.5004037804752652,14.131675192740081,0,0.0,0.0,0.0
10,1.0,1.0,0.0,1,13,13.0,1,9.0,29.64497047922297,206.96514195859422,0,0.0,0.0,0.0
7,0.0,1.0,0.5,0,0,0.0,1,35.0,3.622159447425597,10.607254640191245,0,0.0,0.0,0.0
3,0.0,1.0,0.5,0,0,0.0,1,7.0,38.23599337738285,183.8706257639165,0,0.0,0.0,0.0
24,1.0,1.0,1.0,0,0,0.0,2,29.5,30.005675750093776,212.77597452881105,0,0.0,0.0,0.0
14,0.0,1.0,0.5,0,0,0.0,2,11.5,6.275184376393187,15.565799340753964,0,0.0,0.0,0.0
6,1.0,1.0,1.0,0,0,0.0,3,15.0,19.685186555514402,105.0514075280381,1,10.0,4.699219553533444,31.003321929429173
23,1.0,1.0,1.0,0,0,0.0,2,22.0,25.067694188100415,137.91036358778547,0,0.0,0.0,0.0
18,0.0,1.0,0.0,0,0,0.0,1,15.0,27.165654842601697,63.73825010729791,0,0.0,0.0,0.0
16,0.0,1.0,0.0,0,0,0.0,2,15.0,4.735464723384464,54.561301750774454,0,0.0,0.0,0.0
13,0.0,1.0,0.5,1,14,14.0,1,77.0,39.196431904269886,354.62814016243135,0,0.0,0.0,0.0
26,1.0,1.0,0.5,0,0,0.0,1,20.0,36.05529437078749,149.786168673152,0,0.0,0.0,0.0
14,0.0,1.0,0.5,0,0,0.0,3,9.333333333333334,29.1349132640678,104.60801006425021,0,0.0,0.0,0.0
17,1.0,1.0,1.0,0,0,0.0,1,16.0,36.187399634415,223.4539647953262,0,0.0,0.0,0.0
25,1.0,1.0,1.0,1,23,23.0,2,33.0,20.130527083919752,150.00530145594212,1,9.0,4.166754604609857,30.845881901118943
4,0.0,1.0,0.5,0,0,0.0,2,6.5,20.280715456014043,105.41374290047932,0,0.0,0.0,0.0
25,1.0,1.0,1.0,1,37,37.0,2,14.0,6.44585084146552,64.458508414655,0,0.0,0.0,0.0
5,1.0,1.0,0.5,1,98,98.0,2,10.0,9.893026019463768,38.762964185697136,0,0.0,0.0,0.0
23,1.0,1.0,0.0,1,16,16.0,3,15.0,22.794778711253297,131.69481004610643,0,0.0,0.0,0.0
22,1.0,1.0,1.0,1,42,42.0,3,18.0,10.495337522690235,45.0344358430981,0,0.0,0.0,0.0
24,0.0,1.0,0.5,0,0,0.0,0,0.0,0.0,0.0,0,0.0,0.0,0.0
17,1.0,1.0,1.0,0,0,0.0,0,0.0,0.0,0.0,1,10.0,6.718696630093484,20.134070169750725
23,0.0,1.0,0.5,1,55,55.0,3,7.333333333333333,11.99863540459826,53.63016581653894,0,0.0,0.0,0.0
21,1.0,1.0,1.0,0,0,0.0,2,33.0,22.33249111877584,182.00644345849213,0,0.0,0.0,0.0
23,1.0,1.0,1.0,1,35,35.0,1,35.0,2.6390226883711305,27.674160508434653,0,0.0,0.0,0.0
1,0.0,1.0,0.0,1,11,11.0,2,43.0,14.418005005189988,138.26822722845,0,0.0,0.0,0.0
3,0.0,1.0,0.5,0,0,0.0,2,21.5,38.46680560081525,192.3583721942863,0,0.0,0.0,0.0
3,1.0,1.0,1.0,1,11,11.0,4,14.0,10.142814240319048,124.76257642822944,0,0.0,0.0,0.0
14,1.0,1.0,1.0,0,0,0.0,0,0.0,0.0,0.0,0,0.0,0.0,0.0
4,0.0,1.0,0.5,0,0,0.0,2,35.0,29.645107565052,194.48526166393543,0,0.0,0.0,0.0
13,1.0,1.0,1.0,1,29,29.0,3,12.0,8.1558724973438,56.72826979629542,0,0.0,0.0,0.0
12,1.0,1.0,1.0,0,0,0.0,1,7.0,8.696506216142739,23.873368906497845,0,0.0,0.0,0.0
26,1.0,1.0,1.0,0,0,0.0,1,10.0,2.099667818132197,13.98662601939977,0,0.0,0.0,0.0
17,1.0,1.0,1.0,0,0,0.0,0,0.0,0.0,0.0,0,0.0,0.0,0.0
16,1.0,1.0,1.0,0,0,0.0,3,10.333333333333334,16.172948127443963,88.41385485656927,0,0.0,0.0,0.0
15,1.0,1.0,0.5,0,0,0.0,2,26.5,21.80375142761362,224.4005422748942,0,0.0,0.0,0.0
12,1.0,1.0,1.0,0,0,0.0,1,12.0,25.111485362893518,150.80666083417913,0,0.0,0.0,0.0
19,1.0,1.0,1.0,0,0,0.0,2,34.0,21.694842661846685,178.48056510285141,0,0.0,0.0,0.0
9,1.0,1.0,0.5,1,17,17.0,2,25.0,12.193366100469825,40.723337318611534,0,0.0,0.0,0.0
2,1.0,1.0,0.0,1,16,16.0,1,91.0,30.495251464161623,332.153743244708,0,0.0,0.0,0.0
21,1.0,1.0,0.5,0,0,0.0,1,7.0,28.398295073581675,144.63968903549193,0,0.0,0.0,0.0
14,1.0,1.0,1.0,0,0,0.0,1,54.0,36.62825316931788,345.6229905760114,0,0.0,0.0,0.0
6,1.0,1.0,1.0,0,0,0.0,1,19.0,11.449146657477277,27.703972736327916,0,0.0,0.0,0.0
4,1.0,1.0,1.0,0,0,0.0,2,38.0,22.756895242501713,114.61670490325007,0,0.0,0.0,0.0
1,1.0,1.0,1.0,0,0,0.0,2,35.0,13.140586634018884,109.99156616596098,0,0.0,0.0,0.0
24,0.0,1.0,0.5,0,0,0.0,1,44.0,31.68785287747391,173.21445982279727,0,0.0,0.0,0.0
8,0.0,1.0,0.0,0,0,0.0,2,21.0,28.794681625501198,172.23311895113085,0,0.0,0.0,0.0
25,1.0,1.0,1.0,0,0,0.0,1,116.0,5.131234818361671,34.17953809961637,0,0.0,0.0,0.0
26,1.0,1.0,0.5,0,0,0.0,2,15.0,13.30528422292815,88.06954317530537,0,0.0,0.0,0.0
9,1.0,1.0,1.0,1,14,14.0,3,13.666666666666666,14.78386705799632,48.15801552322235,0,0.0,0.0,0.0
14,1.0,1.0,0.5,0,0,0.0,2,12.5,24.760800285906356,108.39977101898624,0,0.0,0.0,0.0
4,1.0,1.0,1.0,1,9,9.0,1,57.0,28.61037388566717,272.75708074803157,0,0.0,0.0,0.0
15,1.0,1.0,0.5,0,0,0.0,2,22.5,22.291038116958713,125.68482577191841,1,7.0,3.3733474458376693,15.833177594002384
25,1.0,1.0,1.0,1,14,14.0,4,13.25,15.758609034279745,78.28927918209132,1,7.5,3.386644201775665,19.08306158171638
21,1.0,1.0,1.0,1,31,31.0,1,52.0,9.990647573223994,254.57479956809726,0,0.0,0.0,0.0
4,1.0,1.0,0.5,0,0,0.0,2,23.0,29.793963044249246,175.23377602310455,0,0.0,0.0,0.0
10,0.0,1.0,0.5,0,0,0.0,2,6.5,22.796461914803206,110.76634981514422,0,0.0,0.0,0.0
23,1.0,1.0,1.0,0,0,0.0,3,15.333333333333334,16.94326506468752,112.58960463458276,0,0.0,0.0,0.0
3,0.0,1.0,0.5,0,0,0.0,2,17.0,33.26562920747044,263.43353633747745,0,0.0,0.0,0.0
3,0.0,1.0,0.5,0,0,0.0,2,17.0,13.139836049695468,36.50692636556906,0,0.0,0.0,0.0
19,1.0,1.0,0.0,0,0,0.0,2,35.0,17.59584369295747,171.0328551019026,0,0.0,0.0,0.0
25,0.0,1.0,0.5,1,15,15.0,3,24.333333333333332,27.00773411089632,135.88187055093064,0,0.0,0.0,0.0
13,1.0,1.0,1.0,1,81,81.0,3,29.333333333333332,12.855417657645575,121.42114219370256,0,0.0,0.0,0.0
18,1.0,1.0,1.0,0,0,0.0,2,43.0,35.38512271934216,116.94395781344829,0,0.0,0.0,0.0
2,0.0,1.0,0.0,0,0,0.0,2,38.0,10.368939673051763,71.1340296293855,0,0.0,0.0,0.0
14,1.0,1.0,0.5,0,0,0.0,1,28.0,32.894481664390774,88.74479559565943,0,0.0,0.0,0.0
8,1.0,1.0,1.0,0,0,0.0,2,11.5,9.917453812160048,39.2302543526758,0,0.0,0.0,0.0
19,1.0,1.0,1.0,0,0,0.0,1,20.0,24.04334440492208,141.72404633070545,0,0.0,0.0,0.0
3,1.0,1.0,0.5,0,0,0.0,2,13.0,15.2199399149527,40.70226801199544,2,9.25,3.261229128014811,21.308992154083803
8,1.0,1.0,0.0,0,0,0.0,1,25.0,11.523039090413754,34.533578614704375,0,0.0,0.0,0.0
26,0.0,1.0,0.0,0,0,0.0,1,25.0,1.9231432797100458,9.683962519488196,0,0.0,0.0,0.0
15,0.0,1.0,0.5,0,0,0.0,3,13.666666666666666,23.393664564879526,171.38854279265374,0,0.0,0.0,0.0
16,0.0,1.0,0.5,0,0,0.0,1,10.0,1.4449984457353504,3.599975586454905,0,0.0,0.0,0.0
17,0.0,1.0,0.5,0,0,0.0,1,13.0,44.19461609158698,223.92897595366327,0,0.0,0.0,0.0
9,1.0,1.0,1.0,0,0,0.0,2,13.5,5.559042643307366,20.344258051539487,1,9.0,2.4947539102339444,12.945837071449947
19,1.0,1.0,1.0,0,0,0.0,2,33.5,30.78452124597274,166.7930517145865,0,0.0,0.0,0.0
7,1.0,1.0,0.5,0,0,0.0,1,60.0,24.12091881315989,63.77455245016791,0,0.0,0.0,0.0
4,1.0,1.0,1.0,0,0,0.0,2,53.5,36.075913262706926,232.6371026843375,0,0.0,0.0,0.0
7,0.0,1.0,0.0,0,0,0.0,3,14.0,26.633837867039148,86.20537307994971,0,0.0,0.0,0.0
5,1.0,1.0,1.0,1,13,13.0,2,23.0,23.025338916108453,134.06079714084208,0,0.0,0.0,0.0
7,0.0,1.0,0.5,0,0,0.0,0,0.0,0.0,0.0,0,0.0,0.0,0.0
24,1.0,1.0,1.0,1,9,9.0,1,88.0,35.756267489192524,358.0299285179858,0,0.0,0.0,0.0
18,0.0,1.0,0.5,1,21,21.0,1,90.0,42.1777746236484,379.30441013980936,0,0.0,0.0,0.0
25,1.0,1.0,0.5,0,0,0.0,1,43.0,6.116954921832526,16.55134015538513,0,0.0,0.0,0.0
22,0.0,1.0,0.5,0,0,0.0,0,0.0,0.0,0.0,0,0.0,0.0,0.0
12,1.0,1.0,0.5,0,0,0.0,1,31.0,25.584424341429905,103.86949244004383,0,0.0,0.0,0.0
8,0.0,1.0,0.5,0,0,0.0,1,62.0,29.085566742433944,216.4352897900438,0,0.0,0.0,0.0
18,1.0,1.0,1.0,0,0,0.0,1,24.0,35.9585340579786,180.9859365824889,0,0.0,0.0,0.0
18,1.0,1.0,1.0,0,0,0.0,2,28.5,29.360810254438547,250.60738800834474,0,0.0,0.0,0.0
17,1.0,1.0,1.0,0,0,0.0,1,60.0,31.44565254171213,99.03570600846511,0,0.0,0.0,0.0
1,1.0,1.0,0.5,0,0,0.0,1,21.0,12.052948989787286,43.20651064039968,0,0.0,0.0,0.0
7,0.0,1.0,0.5,0,0,0.0,1,45.0,11.691403279366261,23.84946400213293,0,0.0,0.0,0.0
25,1.0,1.0,1.0,0,0,0.0,3,19.0,16.693198896149706,84.26819470664451,0,0.0,0.0,0.0
9,0.0,1.0,0.0,1,19,19.0,2,14.5,7.8718777633042505,24.32021459315372,0,0.0,0.0,0.0
19,1.0,1.0,1.0,0,0,0.0,2,18.5,17.366480696227292,131.31772093580952,0,0.0,0.0,0.0
19,1.0,1.0,1.0,0,0,0.0,1,16.0,2.125980275781251,12.37299528841316,0,0.0,0.0,0.0
9,1.0,1.0,0.5,1,13,13.0,3,7.333333333333333,9.58598783410562,43.84575642494516,0,0.0,0.0,0.0
24,1.0,1.0,1.0,0,0,0.0,1,7.0,1.0752387527435463,3.994402235645883,0,0.0,0.0,0.0
23,1.0,1.0,1.0,0,0,0.0,1,49.0,23.00666528529483,336.08048233786985,0,0.0,0.0,0.0
12,0.0,1.0,0.0,0,0,0.0,1,17.0,8.429400351694136,23.782731147704293,0,0.0,0.0,0.0
12,1.0,1.0,1.0,0,0,0.0,3,9.333333333333334,16.991226306929736,69.33097376669008,0,0.0,0.0,0.0
14,1.0,1.0,1.0,0,0,0.0,1,31.0,1.0527450281428679,3.3047702882645944,0,0.0,0.0,0.0
12,1.0,1.0,1.0,0,0,0.0,2,7.0,26.3858767962827,77.87814521442007,0,0.0,0.0,0.0
17,1.0,1.0,1.0,0,0,0.0,0,0.0,0.0,0.0,1,7.0,3.223505553917599,6.704927507248534
12,1.0,1.0,1.0,0,0,0.0,1,43.0,21.53526686687644,129.2072894274456,0,0.0,0.0,0.0
9,0.0,1.0,0.0,1,14,14.0,1,13.0,6.265651336054673,75.18781603265559,0,0.0,0.0,0.0
8,1.0,1.0,0.0,0,0,0.0,0,0.0,0.0,0.0,0,0.0,0.0,0.0
13,1.0,1.0,1.0,1,10,10.0,1,43.0,19.128902477781473,180.405853056727,0,0.0,0.0,0.0
14,1.0,1.0,1.0,0,0,0.0,1,8.0,3.1497920356574927,16.145138091236515,0,0.0,0.0,0.0
22,1.0,1.0,1.0,1,19,19.0,2,35.5,14.416299266123788,119.62776837631506,0,0.0,0.0,0.0
4,1.0,1.0,1.0,0,0,0.0,2,35.0,34.54298536416469,211.79167793719216,0,0.0,0.0,0.0
8,1.0,1.0,0.5,0,0,0.0,3,22.666666666666668,27.596544173948434,189.43338636363123,0,0.0,0.0,0.0
24,0.0,1.0,0.5,0,0,0.0,0,0.0,0.0,0.0,0,0.0,0.0,0.0
6,1.0,1.0,0.0,0,0,0.0,2,33.5,46.14356508905526,307.13356702174883,0,0.0,0.0,0.0
18,0.0,1.0,0.5,1,12,12.0,1,36.0,44.5829474367154,399.2870122852656,0,0.0,0.0,0.0
18,0.0,1.0,0.5,1,5,5.0,3,33.0,33.812878431330425,225.6435109609162,0,0.0,0.0,0.0
16,0.0,1.0,0.0,0,0,0.0,1,47.0,6.660376882674167,16.112392406570496,0,0.0,0.0,0.0
23,0.0,1.0,0.5,0,0,0.0,1,26.0,32.558026483343404,228.3199793853973,0,0.0,0.0,0.0
17,0.0,1.0,0.5,0,0,0.0,3,15.0,29.622767665002755,126.74532014433561,0,0.0,0.0,0.0
23,0.0,1.0,0.0,1,46,46.0,2,32.5,9.573387295643027,69.14746248129667,0,0.0,0.0,0.0
14,1.0,1.0,1.0,1,17,17.0,1,52.0,21.96368298687188,306.81571389854327,0,0.0,0.0,0.0
3,1.0,1.0,1.0,0,0,0.0,2,21.0,4.035855930236744,23.04992536267344,1,7.0,3.4072710191660445,16.053266732407714
14,1.0,1.0,1.0,1,10,10.0,2,9.0,14.406878346451922,63.43455713226309,0,0.0,0.0,0.0
3,0.0,1.0,0.5,0,0,0.0,1,36.0,20.062140073102665,46.64496542771899,0,0.0,0.0,0.0
9,0.0,1.0,0.5,1,27,27.0,2,27.5,4.224194386992062,21.693491563868818,0,0.0,0.0,0.0
15,1.0,1.0,0.5,0,0,0.0,1,28.0,35.85008965925558,187.65723007616805,0,0.0,0.0,0.0
24,1.0,1.0,0.5,1,20,20.0,3,14.0,23.237173860414288,138.3141724688735,0,0.0,0.0,0.0
19,1.0,1.0,1.0,0,0,0.0,4,18.5,15.052029917391527,119.7842204907546,0,0.0,0.0,0.0
21,0.0,1.0,0.5,0,0,0.0,1,37.0,24.309814715877966,70.96040763342693,0,0.0,0.0,0.0
25,1.0,1.0,1.0,1,8,8.0,2,16.5,18.236333046836844,79.10584444308603,0,0.0,0.0,0.0
25,0.0,1.0,0.5,0,0,0.0,3,10.0,17.226201511757882,74.57677990258816,0,0.0,0.0,0.0
14,0.0,1.0,0.5,1,12,12.0,1,29.0,11.262798051406051,149.06268373910157,0,0.0,0.0,0.0
5,1.0,1.0,1.0,0,0,0.0,1,27.0,6.336186393083692,14.449901329685577,0,0.0,0.0,0.0
3,1.0,1.0,1.0,1,13,13.0,3,9.0,11.11591364397283,69.40249992109901,1,11.0,2.6248140335804724,20.627192523876666
23,1.0,1.0,1.0,1,74,74.0,3,12.333333333333334,11.664151028894565,35.83319239114087,0,0.0,0.0,0.0
25,1.0,1.0,1.0,1,15,15.0,2,32.0,15.467608128883231,151.7115477431336,0,0.0,0.0,0.0
24,0.0,1.0,0.5,0,0,0.0,1,49.0,21.07155709920816,110.00999321517818,0,0.0,0.0,0.0
6,0.0,1.0,0.5,1,19,19.0,4,12.25,10.323620861597409,64.61814445926427,0,0.0,0.0,0.0
3,0.0,1.0,0.5,0,0,0.0,0,0.0,0.0,0.0,0,0.0,0.0,0.0
6,1.0,1.0,1.0,0,0,0.0,2,7.0,5.6449093546961215,12.726900748314678,0,0.0,0.0,0.0
22,0.0,1.0,0.5,1,20,20.0,1,14.0,5.291244145727501,68.78617389445722,0,0.0,0.0,0.0
7,1.0,1.0,1.0,0,0,0.0,1,87.0,27.927315486972144,82.48379309527313,0,0.0,0.0,0.0
12,1.0,1.0,0.5,0,0,0.0,2,7.5,10.79113883649179,48.956617084919166,1,12.5,5.46386498003185,24.69439925113667
26,1.0,1.0,1.0,0,0,0.0,2,31.0,17.08069350834866,113.18589812121375,0,0.0,0.0,0.0
6,0.0,1.0,0.0,0,0,0.0,3,29.333333333333332,31.228282882841853,142.57417572203903,1,9.5,6.216294063408579,23.31900468998311
24,1.0,1.0,1.0,0,0,0.0,0,0.0,0.0,0.0,0,0.0,0.0,0.0
9,0.0,1.0,0.5,1,20,20.0,3,14.333333333333334,15.141861086235735,81.74656890577431,0,0.0,0.0,0.0
16,1.0,1.0,1.0,0,0,0.0,0,0.0,0.0,0.0,0,0.0,0.0,0.0
17,1.0,1.0,0.5,0,0,0.0,2,21.5,30.268580258497007,167.44781476072765,1,7.0,4.65063539258107,23.06703405518401
3,0.0,1.0,0.5,0,0,0.0,1,75.0,28.98689643970538,197.4412287805167,0,0.0,0.0,0.0
2,1.0,1.0,0.5,1,7,7.0,1,7.0,36.22833075672352,169.44751127082267,0,0.0,0.0,0.0
22,1.0,1.0,0.0,0,0,0.0,1,17.0,5.271210190390259,68.13729739513417,0,0.0,0.0,0.0
24,0.0,1.0,0.5,1,14,14.0,1,27.0,45.70111008075533,266.6664314406354,0,0.0,0.0,0.0
15,0.0,1.0,0.5,0,0,0.0,3,21.666666666666668,7.043263952007439,26.04631589627697,0,0.0,0.0,0.0
18,1.0,1.0,1.0,0,0,0.0,3,17.333333333333332,24.755710938577028,152.05084553314046,0,0.0,0.0,0.0
7,1.0,1.0,1.0,0,0,0.0,1,27.0,30.249903459040226,120.6753029326074,0,0.0,0.0,0.0
24,0.0,1.0,0.5,0,0,0.0,2,24.0,48.93527194509937,306.925773701218,0,0.0,0.0,0.0
6,1.0,1.0,1.0,1,50,50.0,2,42.5,9.90878052983091,35.14671019895748,0,0.0,0.0,0.0
16,0.0,1.0,0.0,0,0,0.0,1,30.0,11.211121510953593,105.4756700767642,0,0.0,0.0,0.0
26,0.0,1.0,0.5,0,0,0.0,3,16.666666666666668,14.944300014419445,98.50790759972445,0,0.0,0.0,0.0
24,1.0,1.0,0.5,0,0,0.0,1,16.0,35.52204572015456,162.8208860442995,0,0.0,0.0,0.0
25,1.0,1.0,0.5,1,36,36.0,4,9.0,13.141151082300247,79.62708509641702,0,0.0,0.0,0.0
24,0.0,1.0,0.5,0,0,0.0,2,16.5,23.842042993866947,145.02926141499728,0,0.0,0.0,0.0
13,1.0,1.0,1.0,1,6,6.0,2,27.5,30.19223526337403,272.90879828624634,0,0.0,0.0,0.0
22,1.0,1.0,1.0,0,0,0.0,2,18.0,14.720720193554923,86.28788720465839,0,0.0,0.0,0.0
14,1.0,1.0,1.0,0,0,0.0,3,20.666666666666668,19.040134121876978,71.80537358722863,0,0.0,0.0,0.0
14,0.0,1.0,0.5,1,36,36.0,2,35.0,8.893771516086739,40.055640675356,0,0.0,0.0,0.0
16,1.0,1.0,1.0,0,0,0.0,2,37.0,37.9493655917458,165.96433927669233,0,0.0,0.0,0.0
19,1.0,1.0,1.0,1,82,82.0,1,116.0,18.49376220222859,359.5753850007515,0,0.0,0.0,0.0
4,1.0,1.0,1.0,1,24,24.0,0,0.0,0.0,0.0,0,0.0,0.0,0.0
16,1.0,1.0,0.0,0,0,0.0,1,9.0,21.38373218937622,100.10673425587319,0,0.0,0.0,0.0
24,1.0,1.0,0.5,0,0,0.0,2,6.5,15.615098092992145,47.806056919405215,0,0.0,0.0,0.0
21,1.0,1.0,0.5,0,0,0.0,2,18.0,23.24242200586648,99.98294055643608,0,0.0,0.0,0.0
17,0.0,1.0,0.5,0,0,0.0,2,21.5,33.07736623781014,158.03588461064837,0,0.0,0.0,0.0
13,1.0,1.0,1.0,0,0,0.0,1,50.0,24.87501807953861,74.41917312176223,0,0.0,0.0,0.0
24,0.0,1.0,0.5,0,0,0.0,3,20.666666666666668,26.041208667629878,138.07107797884046,0,0.0,0.0,0.0
6,0.0,1.0,0.5,0,0,0.0,4,15.75,14.581583883458187,76.78744634872909,0,0.0,0.0,0.0
1,0.0,1.0,0.5,0,0,0.0,1,47.0,25.018291835305106,183.69210863494234,0,0.0,0.0,0.0
10,0.0,1.0,0.5,1,26,26.0,1,22.0,4.532723962872648,23.299207083628154,0,0.0,0.0,0.0
23,1.0,1.0,1.0,1,71,71.0,2,11.0,1.9170480783538588,19.1704807835384,0,0.0,0.0,0.0
2,0.0,1.0,0.0,0,0,0.0,2,23.0,25.91351051178469,145.64707804373705,0,0.0,0.0,0.0
4,0.0,1.0,0.5,0,0,0.0,4,16.5,26.92650176052576,96.35034392492867,0,0.0,0.0,0.0
2,1.0,1.0,1.0,1,24,24.0,2,41.5,29.457700783920146,273.40368552923303,0,0.0,0.0,0.0
26,1.0,1.0,1.0,0,0,0.0,3,18.0,26.685806133672003,150.71953201493065,1,7.0,3.5154869773050064,15.351613042339167
12,0.0,1.0,0.5,0,0,0.0,2,14.5,9.779467824135837,56.50022320004705,1,8.0,5.563308173994269,31.714141279747444
14,0.0,1.0,0.5,0,0,0.0,1,8.0,27.663842628330936,64.84627128462013,0,0.0,0.0,0.0
13,1.0,1.0,0.0,1,10,10.0,3,20.0,15.231935654792489,145.56789081541118,0,0.0,0.0,0.0
14,1.0,1.0,1.0,1,32,32.0,3,8.666666666666666,12.37658354049598,74.4061983341626,0,0.0,0.0,0.0
24,1.0,1.0,0.5,0,0,0.0,2,26.5,20.181280977949,136.1908697957631,0,0.0,0.0,0.0
3,1.0,1.0,0.5,0,0,0.0,1,22.0,29.50399442661068,104.39812503586451,0,0.0,0.0,0.0
11,1.0,1.0,1.0,1,17,17.0,2,42.0,16.564481552298112,149.7955203687321,0,0.0,0.0,0.0
16,0.0,1.0,0.0,0,0,0.0,1,9.0,1.350061846245972,4.932993981895961,0,0.0,0.0,0.0
22,1.0,1.0,0.5,0,0,0.0,1,25.0,12.575341747349981,52.80878424428463,0,0.0,0.0,0.0
22,0.0,1.0,0.5,0,0,0.0,2,15.0,20.275582754856757,80.53013125078976,0,0.0,0.0,0.0
13,0.0,1.0,0.5,1,32,32.0,2,30.5,16.339872729982744,86.94058882823691,0,0.0,0.0,0.0
25,1.0,1.0,0.0,0,0,0.0,1,6.0,4.267709195046873,8.88805773048201,0,0.0,0.0,0.0
19,1.0,1.0,1.0,0,0,0.0,2,34.0,27.577481414972105,239.4022545798561,0,0.0,0.0,0.0
14,0.0,1.0,0.5,0,0,0.0,1,15.0,4.968375864896831,15.34085387640828,0,0.0,0.0,0.0
8,1.0,1.0,0.5,0,0,0.0,2,17.5,21.580610590131393,97.86553615309155,0,0.0,0.0,0.0
1,1.0,1.0,1.0,0,0,0.0,1,59.0,25.77069744711385,144.2163004800706,1,8.0,6.677503452295582,12.061902990714634
12,0.0,1.0,0.5,0,0,0.0,1,44.0,27.178045252308905,97.47031951397787,0,0.0,0.0,0.0
24,1.0,1.0,1.0,0,0,0.0,2,17.5,27.78882729603799,177.55385617801596,0,0.0,0.0,0.0
2,1.0,1.0,1.0,0,0,0.0,3,23.0,18.27216516588035,112.15235150785168,0,0.0,0.0,0.0
17,0.0,1.0,0.5,0,0,0.0,1,10.0,22.91402528986509,70.84944564842482,0,0.0,0.0,0.0
24,1.0,1.0,0.5,1,32,32.0,4,15.5,16.47289035505675,109.9492691558907,0,0.0,0.0,0.0
13,0.0,1.0,0.0,1,19,19.0,3,28.333333333333332,18.470698621665363,106.3389992588731,0,0.0,0.0,0.0
23,1.0,1.0,1.0,1,44,44.0,2,32.5,20.502200856269155,126.7322517056282,0,0.0,0.0,0.0
24,1.0,1.0,1.0,1,16,16.0,3,20.0,18.00794554957536,116.01245046048695,1,8.0,6.364370294973324,29.809138300239603
9,1.0,1.0,1.0,0,0,0.0,2,13.0,37.06188079239234,163.89502987963348,1,8.0,9.269439855449722,14.41961991126055
3,1.0,1.0,1.0,1,22,22.0,2,36.0,18.3414581253386,217.49299821266635,0,0.0,0.0,0.0
15,1.0,1.0,1.0,0,0,0.0,2,14.0,27.225694086771107,156.37111966649644,0,0.0,0.0,0.0
17,0.0,1.0,0.5,0,0,0.0,1,26.0,36.65487971251283,167.71673673680058,1,15.0,2.9107470653192067,28.726223559124193
22,1.0,1.0,1.0,1,19,19.0,3,16.0,9.935103081900113,33.79459840452134,0,0.0,0.0,0.0
15,1.0,1.0,1.0,0,0,0.0,1,45.0,40.021298962759566,302.3974455854851,0,0.0,0.0,0.0
23,1.0,1.0,0.5,0,0,0.0,1,23.0,5.23033118200618,14.510524679323025,0,0.0,0.0,0.0
16,1.0,1.0,1.0,0,0,0.0,1,41.0,31.414582936574515,254.23544958864298,0,0.0,0.0,0.0
2,0.0,1.0,0.0,1,19,19.0,1,22.0,8.178689448743489,143.87493340147486,0,0.0,0.0,0.0
11,1.0,1.0,1.0,0,0,0.0,3,13.333333333333334,26.02210130953128,156.39938936760282,0,0.0,0.0,0.0
16,1.0,1.0,0.0,0,0,0.0,1,23.0,21.893483754564876,189.75258152451983,0,0.0,0.0,0.0
24,1.0,1.0,0.5,0,0,0.0,1,36.0,29.838298310962216,92.50588488028748,0,0.0,0.0,0.0
4,0.0,1.0,0.5,0,0,0.0,1,107.0,26.946184167713994,366.8786718815198,0,0.0,0.0,0.0
7,1.0,1.0,0.5,0,0,0.0,0,0.0,0.0,0.0,1,9.5,6.693520316198214,23.619667255619255
7,1.0,1.0,0.5,0,0,0.0,1,87.0,7.551945730249238,21.61538956104651,0,0.0,0.0,0.0
24,1.0,1.0,0.5,1,18,18.0,1,17.0,47.08098374809046,268.0122578164843,0,0.0,0.0,0.0
23,1.0,1.0,1.0,0,0,0.0,3,23.333333333333332,33.34581823769957,203.3076886114114,0,0.0,0.0,0.0
18,1.0,1.0,1.0,0,0,0.0,2,35.5,38.597052693284695,259.0545499770849,0,0.0,0.0,0.0
8,1.0,1.0,0.5,0,0,0.0,1,20.0,20.992705281204316,80.99258598245433,0,0.0,0.0,0.0
18,0.0,1.0,0.5,0,0,0.0,2,22.5,28.931702764486783,140.95121619600138,1,8.0,3.42691882879964,19.61298358639186
13,1.0,1.0,1.0,1,18,18.0,2,30.5,26.926762947174744,184.8624833072347,0,0.0,0.0,0.0
1,1.0,1.0,1.0,0,0,0.0,1,116.0,29.62035981970249,194.05192085693778,0,0.0,0.0,0.0
24,0.0,1.0,0.5,0,0,0.0,2,23.5,6.6936293874620665,45.26923997822237,0,0.0,0.0,0.0
14,1.0,1.0,1.0,0,0,0.0,1,31.0,36.91899728672489,189.76442964321834,0,0.0,0.0,0.0
6,1.0,1.0,1.0,0,0,0.0,0,0.0,0.0,0.0,1,11.0,2.1642037327140393,14.905300237299834
24,0.0,1.0,0.5,0,0,0.0,3,8.666666666666666,32.3751956123748,141.51230926624677,0,0.0,0.0,0.0
2,1.0,1.0,0.5,1,16,16.0,1,51.0,15.856506963778303,249.9838322761822,0,0.0,0.0,0.0
4,1.0,1.0,0.5,0,0,0.0,3,17.666666666666668,32.87285153329615,137.6470606838479,0,0.0,0.0,0.0
4,1.0,1.0,0.5,0,0,0.0,4,18.5,32.46650197926937,138.0190793027854,0,0.0,0.0,0.0
23,1.0,1.0,1.0,0,0,0.0,1,68.0,37.587193996024396,403.1091270295426,1,7.0,6.031985094575486,18.332469847618338
15,0.0,1.0,0.5,0,0,0.0,3,20.0,18.817202432357135,115.8550144195998,1,7.0,4.052444664498555,15.975981701740004
5,0.0,1.0,0.5,0,0,0.0,3,12.0,19.94555846819721,65.2535168156024,0,0.0,0.0,0.0
4,1.0,1.0,0.5,0,0,0.0,2,24.0,24.456179339416252,157.41052292473492,0,0.0,0.0,0.0
3,1.0,1.0,1.0,0,0,0.0,1,9.0,26.501588734882326,70.85926773763443,0,0.0,0.0,0.0
18,0.0,1.0,0.5,0,0,0.0,1,91.0,1.3931423143844295,16.60884005691274,0,0.0,0.0,0.0
15,0.0,1.0,0.5,0,0,0.0,1,27.0,23.36142311289366,79.41422076052363,0,0.0,0.0,0.0
25,1.0,1.0,0.5,0,0,0.0,2,23.5,19.618852043706145,177.16896968750896,0,0.0,0.0,0.0
6,1.0,1.0,0.0,0,0,0.0,2,30.0,30.551222815686458,216.3119604003545,0,0.0,0.0,0.0
25,1.0,1.0,1.0,0,0,0.0,3,19.333333333333332,24.7504782894439,130.49523521368704,0,0.0,0.0,0.0
19,0.0,1.0,0.5,1,11,11.0,1,116.0,32.123874822890876,429.44933471001593,0,0.0,0.0,0.0
24,0.0,1.0,0.5,0,0,0.0,0,0.0,0.0,0.0,0,0.0,0.0,0.0
4,0.0,1.0,0.5,0,0,0.0,1,32.0,31.42143648227849,159.017025010247,0,0.0,0.0,0.0
13,1.0,1.0,1.0,0,0,0.0,1,39.0,1.226611733207789,4.458291049161454,1,7.5,3.4115939216233597,12.39653900445986
23,0.0,1.0,0.5,0,0,0.0,2,26.0,19.479326141575626,159.75292468697836,0,0.0,0.0,0.0
19,1.0,1.0,1.0,0,0,0.0,2,17.0,19.974185332896806,72.89897391274661,0,0.0,0.0,0.0
24,1.0,1.0,1.0,1,23,23.0,2,16.5,15.351082771251223,161.38611019999507,0,0.0,0.0,0.0
4,0.0,1.0,0.5,0,0,0.0,2,36.0,29.076190829372287,247.24311188557868,0,0.0,0.0,0.0
1,1.0,1.0,1.0,0,0,0.0,1,18.0,4.078668373294815,8.80973724779633,0,0.0,0.0,0.0
15,0.0,1.0,0.5,0,0,0.0,2,10.5,14.98875419013663,51.75889205561738,0,0.0,0.0,0.0
18,1.0,1.0,1.0,0,0,0.0,1,79.0,1.0990549814489445,13.126642990024456,0,0.0,0.0,0.0
18,1.0,1.0,1.0,0,0,0.0,2,50.0,30.262397839704043,193.10959108204514,0,0.0,0.0,0.0
17,1.0,1.0,1.0,0,0,0.0,2,35.0,18.85547496157539,169.37293781537943,0,0.0,0.0,0.0
4,0.0,1.0,0.5,0,0,0.0,2,34.5,40.1022787912038,264.6392004563928,0,0.0,0.0,0.0
18,0.0,1.0,0.5,1,33,33.0,3,24.333333333333332,24.28617941240739,188.8793127827479,0,0.0,0.0,0.0
4,1.0,1.0,0.5,0,0,0.0,2,28.5,16.07156348982481,143.36386312924682,0,0.0,0.0,0.0
22,1.0,1.0,1.0,1,10,10.0,1,12.0,20.883508549713508,225.82422763800616,0,0.0,0.0,0.0
18,1.0,1.0,0.0,0,0,0.0,1,101.0,35.45640059328745,417.246930235694,0,0.0,0.0,0.0
14,0.0,1.0,0.5,0,0,0.0,1,18.0,28.83679107305006,91.6608193479207,0,0.0,0.0,0.0
1,1.0,1.0,0.5,0,0,0.0,1,7.0,7.157315268430724,29.424462808131576,0,0.0,0.0,0.0
12,1.0,1.0,0.5,0,0,0.0,2,9.5,7.593013145742772,16.719777215525887,0,0.0,0.0,0.0
14,1.0,1.0,0.5,1,28,28.0,3,15.666666666666666,18.31431432380952,85.82617722711939,0,0.0,0.0,0.0
8,0.0,1.0,0.5,0,0,0.0,1,20.0,36.96246342020556,208.38467729103292,0,0.0,0.0,0.0
6,1.0,1.0,0.5,0,0,0.0,1,12.0,5.725235112538976,44.14838087101567,0,0.0,0.0,0.0
13,1.0,1.0,1.0,0,0,0.0,2,49.5,27.43650279398816,145.88496327209882,0,0.0,0.0,0.0
24,0.0,1.0,0.5,0,0,0.0,1,26.0,5.152130436173504,26.61018639661335,0,0.0,0.0,0.0
19,1.0,1.0,1.0,0,0,0.0,2,34.0,28.273615300579255,241.50451489276605,0,0.0,0.0,0.0
26,1.0,1.0,1.0,0,0,0.0,3,19.333333333333332,25.086532459146156,169.93893340260394,1,8.0,3.3709471242068463,20.858538477196646
18,1.0,1.0,1.0,0,0,0.0,2,41.5,23.717428580847134,216.91013287775738,0,0.0,0.0,0.0
22,1.0,1.0,1.0,0,0,0.0,1,16.0,23.778174603296332,102.90906862099376,0,0.0,0.0,0.0
26,1.0,1.0,1.0,0,0,0.0,1,60.0,27.355458122752772,93.94116343904606,1,10.5,2.947473404344475,22.16433917120736
19,0.0,1.0,0.0,0,0,0.0,1,7.0,7.925217351140825,19.25564527658584,0,0.0,0.0,0.0
14,0.0,1.0,0.5,0,0,0.0,2,21.5,21.632151754206248,110.23415181374887,0,0.0,0.0,0.0
24,1.0,1.0,1.0,0,0,0.0,1,12.0,26.332741235960736,74.12969592461245,0,0.0,0.0,0.0
14,1.0,1.0,0.0,1,38,38.0,1,54.0,7.094935065488371,181.56313626283344,0,0.0,0.0,0.0
21,0.0,1.0,0.5,0,0,0.0,1,50.0,32.27857918248799,254.5215178427641,0,0.0,0.0,0.0
25,1.0,1.0,1.0,1,23,23.0,2,45.0,19.414557915240703,202.77921861234802,0,0.0,0.0,0.0
10,1.0,1.0,0.5,1,22,22.0,2,12.5,13.61437026799507,79.13427560048379,0,0.0,0.0,0.0
25,1.0,1.0,0.0,1,30,30.0,2,36.0,14.806740246023246,227.80857614983563,0,0.0,0.0,0.0
14,1.0,1.0,0.5,0,0,0.0,3,26.0,19.093571262138404,126.10905150315638,0,0.0,0.0,0.0
17,1.0,1.0,1.0,0,0,0.0,3,31.333333333333332,17.62812772447224,114.54167399254497,0,0.0,0.0,0.0
18,0.0,1.0,0.5,0,0,0.0,2,14.5,7.141199688413133,22.714834487970386,0,0.0,0.0,0.0
10,1.0,1.0,1.0,1,15,15.0,1,13.0,4.996822649264589,59.961871791175064,0,0.0,0.0,0.0
22,1.0,1.0,1.0,0,0,0.0,1,40.0,10.973202387678828,28.871451793905223,1,11.0,5.9518251344204325,21.176043358561174
23,1.0,1.0,1.0,0,0,0.0,2,18.0,5.638230974317684,15.368749343516011,0,0.0,0.0,0.0
24,1.0,1.0,1.0,0,0,0.0,1,18.0,30.582773149379992,159.7332829822348,0,0.0,0.0,0.0
17,1.0,1.0,0.5,0,0,0.0,2,14.0,23.608983793415565,69.43874724240987,0,0.0,0.0,0.0
15,1.0,1.0,0.5,0,0,0.0,1,13.0,4.951320445741391,24.310279520776973,0,0.0,0.0,0.0
18,1.0,1.0,1.0,0,0,0.0,1,70.0,28.72571447000987,87.95768286511974,0,0.0,0.0,0.0
2,1.0,1.0,1.0,0,0,0.0,1,22.0,18.22897864933066,50.49313066199422,0,0.0,0.0,0.0
7,1.0,1.0,0.5,0,0,0.0,0,0.0,0.0,0.0,0,0.0,0.0,0.0
23,1.0,1.0,1.0,0,0,0.0,1,33.0,27.70039814796266,125.13866227078807,1,10.0,2.8520210562884833,19.855274606557675
6,0.0,1.0,0.5,0,0,0.0,1,10.0,41.8004958501781,139.9986214217842,0,0.0,0.0,0.0
10,0.0,1.0,0.5,0,0,0.0,2,6.0,20.188090073712157,92.24158893554663,0,0.0,0.0,0.0
14,1.0,1.0,0.0,0,0,0.0,1,13.0,1.3750272434553852,7.2159885315124965,0,0.0,0.0,0.0
16,1.0,1.0,1.0,0,0,0.0,1,24.0,14.846477959860804,31.926423225928435,0,0.0,0.0,0.0
14,0.0,1.0,0.0,0,0,0.0,2,8.0,15.112107033986995,120.49471224995935,0,0.0,0.0,0.0
17,0.0,1.0,0.5,0,0,0.0,0,0.0,0.0,0.0,0,0.0,0.0,0.0
14,0.0,1.0,0.5,0,0,0.0,1,10.0,10.091409210018737,20.364649403150672,0,0.0,0.0,0.0
19,0.0,1.0,0.5,1,8,8.0,3,28.333333333333332,26.405875238228166,209.50981840117757,0,0.0,0.0,0.0
8,0.0,1.0,0.0,0,0,0.0,1,22.0,29.880111941701987,278.89957237003404,0,0.0,0.0,0.0
7,1.0,1.0,1.0,0,0,0.0,1,28.0,25.833966515464894,57.094995804587946,0,0.0,0.0,0.0
15,1.0,1.0,0.5,0,0,0.0,3,15.666666666666666,11.743772508804573,65.84399481140413,0,0.0,0.0,0.0
7,1.0,1.0,1.0,0,0,0.0,1,21.0,27.97680082550219,106.330614570416,0,0.0,0.0,0.0
23,1.0,1.0,1.0,0,0,0.0,1,6.0,7.340504791255774,30.16693956813179,0,0.0,0.0,0.0
16,1.0,1.0,1.0,0,0,0.0,1,15.0,1.2789832308485247,9.590234864255772,1,10.0,1.5615665966236771,9.799033252653047
1,1.0,1.0,0.0,0,0,0.0,2,18.5,12.629036209283898,47.22427110097017,0,0.0,0.0,0.0
15,0.0,1.0,0.5,0,0,0.0,2,20.5,20.130320729618425,64.64857171655511,0,0.0,0.0,0.0
14,0.0,1.0,0.5,0,0,0.0,1,29.0,26.468382726948608,110.10707839176372,1,9.5,2.910320416334584,7.982094880829292
9,0.0,1.0,0.0,1,21,21.0,1,45.0,4.460403919981731,21.91527848518716,0,0.0,0.0,0.0
23,0.0,1.0,0.5,0,0,0.0,1,58.0,31.06713169593444,264.651590527528,0,0.0,0.0,0.0
4,1.0,1.0,1.0,0,0,0.0,2,8.5,3.4333619085449354,15.502810693785046,0,0.0,0.0,0.0
18,0.0,1.0,0.5,1,8,8.0,2,52.5,25.168899641850306,320.5704834648648,0,0.0,0.0,0.0
13,1.0,1.0,1.0,0,0,0.0,1,6.0,2.879998179880534,6.532039550405958,0,0.0,0.0,0.0
24,1.0,1.0,1.0,1,32,32.0,2,35.5,20.338334853940434,117.03052223953082,0,0.0,0.0,0.0
6,1.0,1.0,1.0,0,0,0.0,1,7.0,5.045324967485744,24.740647557817372,0,0.0,0.0,0.0
4,1.0,1.0,0.5,0,0,0.0,2,16.5,15.293473477940369,81.48400249652678,0,0.0,0.0,0.0
4,1.0,1.0,1.0,0,0,0.0,3,9.333333333333334,18.665136016257243,66.75433091449464,0,0.0,0.0,0.0
19,1.0,1.0,1.0,0,0,0.0,1,18.0,1.6970606707938838,15.404308391396006,1,7.5,2.8929260819585862,18.155053929594214
3,1.0,1.0,1.0,0,0,0.0,1,12.0,1.7913310057362208,16.07181040971818,0,0.0,0.0,0.0
25,1.0,1.0,1.0,1,18,18.0,2,31.0,7.815777387536195,134.79860103417263,0,0.0,0.0,0.0
25,1.0,1.0,0.5,0,0,0.0,0,0.0,0.0,0.0,0,0.0,0.0,0.0
