participant,study_status,scene_familiarity,recall_status,fix_cnt,max_fix_cnt,avg_fix_cnt,blink_cnt,peak_blink_duration,avg_blink_duration,microsaccade_count,avg_microsaccade_duration,avg_microsaccade_vel,avg_microsaccade_amp
15,0.0,1.0,0.5,7,39,18.857142857142858,0,0,0.0,0,0.0,0.0,0.0
25,0.0,1.0,0.5,5,81,39.0,0,0,0.0,0,0.0,0.0,0.0
3,0.0,1.0,0.5,8,40,19.375,1,16,16.0,0,0.0,0.0,0.0
4,1.0,1.0,1.0,7,35,12.571428571428571,0,0,0.0,0,0.0,0.0,0.0
24,1.0,1.0,1.0,8,26,13.5,0,0,0.0,0,0.0,0.0,0.0
4,0.0,1.0,0.5,11,12,8.727272727272727,0,0,0.0,1,8.0,3.1259571170415614,19.44690324457715
17,1.0,1.0,0.5,9,35,18.22222222222222,0,0,0.0,0,0.0,0.0,0.0
19,1.0,1.0,1.0,9,72,20.88888888888889,0,0,0.0,0,0.0,0.0,0.0
6,1.0,1.0,0.5,7,43,27.428571428571427,0,0,0.0,1,9.0,1.957910799884133,13.509036620818659
26,1.0,1.0,1.0,9,21,14.777777777777779,0,0,0.0,1,10.0,3.4301595774440505,21.577477384796133
18,1.0,1.0,0.5,9,32,16.22222222222222,0,0,0.0,1,8.0,3.1472864971168666,18.11620673981796
23,1.0,1.0,1.0,6,15,11.0,0,0,0.0,0,0.0,0.0,0.0
16,1.0,1.0,0.5,4,31,26.0,0,0,0.0,0,0.0,0.0,0.0
18,1.0,1.0,0.5,9,26,12.0,1,98,98.0,0,0.0,0.0,0.0
26,1.0,1.0,1.0,3,45,29.666666666666668,0,0,0.0,0,0.0,0.0,0.0
10,1.0,1.0,1.0,9,28,17.0,1,18,18.0,2,7.75,3.344945449993785,16.468283516943217
13,1.0,1.0,1.0,8,32,15.875,1,106,106.0,0,0.0,0.0,0.0
22,1.0,1.0,1.0,12,56,16.833333333333332,0,0,0.0,3,9.5,2.994092776514035,19.69118083580329
24,0.0,1.0,0.5,9,36,18.11111111111111,1,26,26.0,0,0.0,0.0,0.0
16,1.0,1.0,1.0,11,45,14.0,0,0,0.0,0,0.0,0.0,0.0
2,0.0,1.0,0.5,5,50,35.8,1,21,21.0,0,0.0,0.0,0.0
23,1.0,1.0,1.0,4,45,23.0,1,51,51.0,0,0.0,0.0,0.0
9,0.0,1.0,0.5,10,17,12.2,1,17,17.0,1,7.0,4.361183130175707,17.778558533684475
6,1.0,1.0,1.0,11,31,12.454545454545455,0,0,0.0,0,0.0,0.0,0.0
23,0.0,1.0,0.5,5,31,16.4,0,0,0.0,0,0.0,0.0,0.0
1,1.0,1.0,0.5,5,69,31.8,2,19,16.5,1,10.5,2.4675575543405506,18.221708049901256
23,0.0,1.0,0.5,11,32,14.636363636363637,0,0,0.0,0,0.0,0.0,0.0
14,1.0,1.0,1.0,5,42,22.2,1,124,124.0,0,0.0,0.0,0.0
17,1.0,1.0,1.0,8,16,9.125,0,0,0.0,0,0.0,0.0,0.0
21,1.0,1.0,1.0,7,38,21.857142857142858,1,15,15.0,0,0.0,0.0,0.0
17,1.0,1.0,1.0,12,42,17.083333333333332,0,0,0.0,0,0.0,0.0,0.0
16,1.0,1.0,1.0,6,45,17.666666666666668,1,25,25.0,1,8.0,6.29344171621117,7.729964704733879
14,1.0,1.0,1.0,9,50,19.22222222222222,1,26,26.0,0,0.0,0.0,0.0
24,0.0,1.0,0.5,9,45,20.666666666666668,0,0,0.0,0,0.0,0.0,0.0
19,1.0,1.0,1.0,5,30,18.2,1,18,18.0,0,0.0,0.0,0.0
25,1.0,1.0,1.0,6,35,26.333333333333332,1,13,13.0,0,0.0,0.0,0.0
19,1.0,1.0,1.0,4,85,44.75,0,0,0.0,0,0.0,0.0,0.0
22,1.0,1.0,0.0,8,39,17.875,1,26,26.0,0,0.0,0.0,0.0
21,1.0,1.0,0.5,5,37,25.2,0,0,0.0,0,0.0,0.0,0.0
5,1.0,1.0,1.0,8,32,20.625,1,20,20.0,1,8.5,4.404543128222929,16.17280961413634
19,1.0,1.0,1.0,7,57,18.428571428571427,0,0,0.0,0,0.0,0.0,0.0
22,1.0,1.0,1.0,6,34,18.0,1,25,25.0,0,0.0,0.0,0.0
5,1.0,1.0,0.5,11,41,15.909090909090908,0,0,0.0,1,13.0,3.1561741226653477,20.128869997881885
19,1.0,1.0,1.0,3,105,61.666666666666664,0,0,0.0,0,0.0,0.0,0.0
24,1.0,1.0,1.0,6,53,35.666666666666664,0,0,0.0,0,0.0,0.0,0.0
21,1.0,1.0,0.5,5,31,19.8,1,26,26.0,0,0.0,0.0,0.0
12,0.0,1.0,0.5,16,12,8.6875,0,0,0.0,0,0.0,0.0,0.0
4,0.0,1.0,0.5,5,36,21.8,0,0,0.0,0,0.0,0.0,0.0
9,1.0,1.0,1.0,8,63,27.25,0,0,0.0,0,0.0,0.0,0.0
6,1.0,1.0,0.5,6,43,23.5,1,25,25.0,0,0.0,0.0,0.0
22,0.0,1.0,0.0,5,113,41.0,1,21,21.0,1,7.0,6.515590762318357,25.607347846123115
9,1.0,1.0,0.5,11,32,12.909090909090908,1,20,20.0,0,0.0,0.0,0.0
6,0.0,1.0,0.0,11,20,11.0,1,5,5.0,0,0.0,0.0,0.0
5,0.0,1.0,0.5,4,63,30.25,0,0,0.0,0,0.0,0.0,0.0
14,0.0,1.0,0.0,9,23,13.222222222222221,2,80,43.0,1,8.0,4.823018144181947,17.728780538725733
19,0.0,1.0,0.5,7,34,13.0,1,15,15.0,0,0.0,0.0,0.0
2,0.0,1.0,0.0,8,30,14.375,1,90,90.0,0,0.0,0.0,0.0
24,0.0,1.0,0.5,5,47,35.0,0,0,0.0,0,0.0,0.0,0.0
17,0.0,1.0,0.0,6,45,24.333333333333332,0,0,0.0,0,0.0,0.0,0.0
13,1.0,1.0,1.0,7,25,12.285714285714286,1,10,10.0,0,0.0,0.0,0.0
14,0.0,1.0,0.5,9,39,16.11111111111111,1,11,11.0,1,9.0,4.171473656817069,30.714973370930956
24,0.0,1.0,0.5,14,18,10.928571428571429,0,0,0.0,0,0.0,0.0,0.0
24,0.0,1.0,0.5,9,49,24.11111111111111,0,0,0.0,1,9.0,4.2284885426022765,27.65449337123372
2,1.0,1.0,0.0,11,24,14.181818181818182,1,116,116.0,1,12.5,2.655878876840064,21.130880472012628
7,1.0,1.0,1.0,3,161,76.66666666666667,0,0,0.0,0,0.0,0.0,0.0
23,1.0,1.0,0.0,6,42,26.5,1,56,56.0,0,0.0,0.0,0.0
24,0.0,1.0,0.5,8,57,24.375,0,0,0.0,0,0.0,0.0,0.0
18,1.0,1.0,1.0,5,74,37.6,0,0,0.0,0,0.0,0.0,0.0
16,0.0,1.0,0.5,11,42,19.272727272727273,0,0,0.0,0,0.0,0.0,0.0
26,1.0,1.0,1.0,11,22,10.909090909090908,0,0,0.0,0,0.0,0.0,0.0
21,0.0,1.0,0.5,5,35,22.8,1,35,35.0,1,11.5,6.22401577632031,33.76495363562439
7,1.0,1.0,0.5,7,88,28.285714285714285,0,0,0.0,0,0.0,0.0,0.0
18,1.0,1.0,1.0,4,92,53.0,0,0,0.0,1,11.0,7.041788776086082,6.970892642824137
4,0.0,1.0,0.5,6,34,13.5,0,0,0.0,0,0.0,0.0,0.0
9,1.0,1.0,1.0,7,44,21.142857142857142,1,20,20.0,0,0.0,0.0,0.0
6,1.0,1.0,0.0,7,29,16.285714285714285,1,22,22.0,0,0.0,0.0,0.0
6,1.0,1.0,1.0,10,80,20.1,0,0,0.0,3,7.666666666666667,3.3621515272245155,16.074124835771784
17,1.0,1.0,0.5,4,89,34.25,0,0,0.0,0,0.0,0.0,0.0
3,1.0,1.0,0.5,12,35,15.0,1,16,16.0,0,0.0,0.0,0.0
26,1.0,1.0,0.5,8,56,28.0,0,0,0.0,0,0.0,0.0,0.0
1,0.0,1.0,0.0,4,104,54.0,1,17,17.0,1,12.5,2.4834900222936236,14.837316396593195
25,1.0,1.0,1.0,5,55,39.8,0,0,0.0,0,0.0,0.0,0.0
24,0.0,1.0,0.5,12,25,12.166666666666666,0,0,0.0,0,0.0,0.0,0.0
22,1.0,1.0,1.0,8,36,18.25,1,29,29.0,1,9.0,3.032939900559656,20.071401805934833
4,0.0,1.0,0.5,9,20,12.333333333333334,1,14,14.0,1,9.5,4.02396743601542,17.95204422289609
18,1.0,1.0,1.0,5,32,21.0,0,0,0.0,0,0.0,0.0,0.0
9,1.0,1.0,1.0,10,39,16.2,1,18,18.0,1,8.0,3.1326675118312197,17.653291420233977
24,0.0,1.0,0.5,9,36,20.11111111111111,0,0,0.0,1,9.0,3.3103021120926854,23.670770472304113
24,1.0,1.0,1.0,6,52,35.666666666666664,0,0,0.0,0,0.0,0.0,0.0
25,1.0,1.0,1.0,8,41,19.25,1,40,40.0,0,0.0,0.0,0.0
17,0.0,1.0,0.5,11,51,17.545454545454547,0,0,0.0,3,9.0,3.4997014594019844,25.150208196723952
22,1.0,1.0,1.0,11,26,12.0,2,31,30.0,0,0.0,0.0,0.0
18,0.0,1.0,0.0,7,22,13.571428571428571,0,0,0.0,0,0.0,0.0,0.0
24,1.0,1.0,0.5,7,25,12.571428571428571,0,0,0.0,0,0.0,0.0,0.0
6,0.0,1.0,0.0,4,86,49.5,0,0,0.0,1,7.0,4.624833563566095,20.32864381826947
9,1.0,1.0,1.0,7,27,15.142857142857142,1,16,16.0,0,0.0,0.0,0.0
6,0.0,1.0,0.5,5,90,42.6,1,7,7.0,1,8.0,4.772686047598079,16.31266709195345
9,1.0,1.0,1.0,8,43,19.625,1,60,60.0,0,0.0,0.0,0.0
9,1.0,1.0,0.5,4,93,40.75,1,135,135.0,0,0.0,0.0,0.0
2,1.0,1.0,0.5,12,38,15.0,0,0,0.0,1,7.0,3.5122812729598696,17.321118183890064
21,1.0,1.0,1.0,7,83,28.571428571428573,0,0,0.0,0,0.0,0.0,0.0
7,1.0,1.0,1.0,8,36,23.75,0,0,0.0,0,0.0,0.0,0.0
23,1.0,1.0,0.5,8,67,25.75,0,0,0.0,0,0.0,0.0,0.0
23,0.0,1.0,0.0,7,32,21.142857142857142,1,51,51.0,0,0.0,0.0,0.0
16,1.0,1.0,1.0,13,29,14.923076923076923,1,7,7.0,2,8.5,2.55961016045534,16.44879876938374
24,1.0,1.0,0.5,4,64,48.0,0,0,0.0,0,0.0,0.0,0.0
19,1.0,1.0,1.0,1,183,183.0,0,0,0.0,2,8.5,0.6054511984513604,3.5365175935861726
17,0.0,1.0,0.5,8,52,23.5,0,0,0.0,0,0.0,0.0,0.0
23,1.0,1.0,1.0,9,31,14.0,1,52,52.0,0,0.0,0.0,0.0
14,0.0,1.0,0.5,7,43,25.0,1,57,57.0,0,0.0,0.0,0.0
24,0.0,1.0,0.5,14,22,12.928571428571429,0,0,0.0,0,0.0,0.0,0.0
24,0.0,1.0,0.5,5,56,39.0,1,9,9.0,0,0.0,0.0,0.0
13,1.0,1.0,1.0,6,20,14.166666666666666,1,92,92.0,0,0.0,0.0,0.0
4,1.0,1.0,1.0,8,38,18.5,1,28,28.0,0,0.0,0.0,0.0
13,1.0,1.0,1.0,8,31,17.375,0,0,0.0,0,0.0,0.0,0.0
3,0.0,1.0,0.5,8,32,19.5,1,15,15.0,0,0.0,0.0,0.0
15,0.0,1.0,0.5,9,39,20.444444444444443,1,32,32.0,0,0.0,0.0,0.0
6,1.0,1.0,1.0,9,44,22.555555555555557,1,23,23.0,1,9.0,2.9580332688094813,20.802419809174673
16,1.0,1.0,1.0,7,41,25.857142857142858,0,0,0.0,0,0.0,0.0,0.0
11,1.0,1.0,1.0,8,35,15.75,0,0,0.0,0,0.0,0.0,0.0
24,1.0,1.0,1.0,10,45,17.6,0,0,0.0,1,8.5,3.3717794892278574,18.895799353382774
25,1.0,1.0,1.0,8,32,17.125,1,155,155.0,0,0.0,0.0,0.0
7,1.0,1.0,1.0,4,87,51.5,1,26,26.0,1,7.5,6.256618686509985,8.496878914474674
11,1.0,1.0,1.0,5,41,14.0,0,0,0.0,1,9.5,2.8444772001158425,15.786415033648126
8,1.0,1.0,1.0,11,27,14.0,0,0,0.0,1,8.0,3.536575307416771,21.29096093977362
21,1.0,1.0,0.0,9,56,18.0,1,9,9.0,0,0.0,0.0,0.0
26,1.0,1.0,1.0,9,15,9.555555555555555,0,0,0.0,0,0.0,0.0,0.0
4,0.0,1.0,0.5,12,15,9.583333333333334,0,0,0.0,1,8.0,3.9708907946648218,27.442725823731628
19,1.0,1.0,1.0,6,82,28.0,0,0,0.0,1,10.0,2.9554718365547017,17.105811699877183
24,1.0,1.0,0.5,11,37,12.454545454545455,0,0,0.0,0,0.0,0.0,0.0
4,0.0,1.0,0.5,6,30,16.0,0,0,0.0,0,0.0,0.0,0.0
3,0.0,1.0,0.5,11,40,16.09090909090909,0,0,0.0,0,0.0,0.0,0.0
23,1.0,1.0,1.0,6,35,20.833333333333332,0,0,0.0,0,0.0,0.0,0.0
23,1.0,1.0,1.0,5,58,26.2,0,0,0.0,0,0.0,0.0,0.0
5,1.0,1.0,0.5,4,87,54.0,0,0,0.0,0,0.0,0.0,0.0
24,0.0,1.0,0.5,6,55,30.666666666666668,0,0,0.0,0,0.0,0.0,0.0
5,1.0,1.0,1.0,6,95,37.5,1,113,113.0,0,0.0,0.0,0.0
7,1.0,1.0,1.0,3,129,65.66666666666667,1,19,19.0,1,8.5,6.805403100720681,10.44268709127314
17,1.0,1.0,1.0,10,31,16.7,1,15,15.0,1,8.0,4.044955737303578,23.763839503399083
15,1.0,1.0,0.5,9,35,17.555555555555557,1,43,43.0,0,0.0,0.0,0.0
5,1.0,1.0,0.5,7,56,22.714285714285715,1,16,16.0,0,0.0,0.0,0.0
4,1.0,1.0,0.5,11,36,15.181818181818182,0,0,0.0,0,0.0,0.0,0.0
25,1.0,1.0,1.0,9,29,12.88888888888889,0,0,0.0,1,8.5,5.961691976342968,35.72187808372929
3,0.0,1.0,0.5,7,29,14.714285714285714,1,13,13.0,0,0.0,0.0,0.0
1,1.0,1.0,1.0,3,43,23.666666666666668,0,0,0.0,0,0.0,0.0,0.0
3,0.0,1.0,0.5,9,45,22.0,0,0,0.0,0,0.0,0.0,0.0
8,1.0,1.0,1.0,12,42,14.666666666666666,0,0,0.0,0,0.0,0.0,0.0
5,1.0,1.0,0.5,6,58,35.666666666666664,0,0,0.0,0,0.0,0.0,0.0
7,0.0,1.0,0.5,10,35,20.7,0,0,0.0,0,0.0,0.0,0.0
18,0.0,1.0,0.5,11,21,10.909090909090908,0,0,0.0,1,7.0,3.704785095056962,17.55995320046808
6,0.0,1.0,0.0,4,120,49.25,1,26,26.0,1,10.0,3.303576837433491,10.749616453514403
24,0.0,1.0,0.5,6,10,8.5,0,0,0.0,0,0.0,0.0,0.0
9,0.0,1.0,0.0,7,83,27.714285714285715,2,15,14.5,0,0.0,0.0,0.0
13,0.0,1.0,0.5,4,107,50.0,1,18,18.0,0,0.0,0.0,0.0
14,1.0,1.0,1.0,4,152,54.25,0,0,0.0,1,9.0,3.0775082742496638,20.118613255217902
1,1.0,1.0,1.0,6,35,18.166666666666668,1,12,12.0,0,0.0,0.0,0.0
8,1.0,1.0,0.5,14,31,12.285714285714286,0,0,0.0,0,0.0,0.0,0.0
24,0.0,1.0,0.5,7,50,29.428571428571427,1,17,17.0,0,0.0,0.0,0.0
13,0.0,1.0,0.0,6,38,24.0,1,111,111.0,0,0.0,0.0,0.0
4,0.0,1.0,0.5,9,63,21.444444444444443,1,7,7.0,0,0.0,0.0,0.0
22,1.0,1.0,0.5,7,45,21.142857142857142,1,22,22.0,0,0.0,0.0,0.0
18,1.0,1.0,1.0,5,78,36.6,0,0,0.0,1,12.5,8.291938736149785,12.09117015068908
8,1.0,1.0,0.0,7,18,12.0,0,0,0.0,0,0.0,0.0,0.0
24,0.0,1.0,0.5,6,18,10.666666666666666,1,30,30.0,0,0.0,0.0,0.0
1,1.0,1.0,1.0,4,94,41.75,0,0,0.0,0,0.0,0.0,0.0
19,1.0,1.0,1.0,3,103,61.666666666666664,1,103,103.0,0,0.0,0.0,0.0
21,1.0,1.0,0.5,6,27,14.0,0,0,0.0,0,0.0,0.0,0.0
12,0.0,1.0,0.5,14,21,11.571428571428571,0,0,0.0,0,0.0,0.0,0.0
22,0.0,1.0,0.5,9,55,22.0,1,24,24.0,0,0.0,0.0,0.0
19,1.0,1.0,1.0,4,89,50.0,0,0,0.0,1,9.0,4.540387258661095,11.613705442998967
15,0.0,1.0,0.5,6,34,18.666666666666668,1,12,12.0,0,0.0,0.0,0.0
9,0.0,1.0,0.0,11,37,16.727272727272727,1,15,15.0,0,0.0,0.0,0.0
7,0.0,1.0,0.5,3,155,69.0,1,23,23.0,0,0.0,0.0,0.0
23,1.0,1.0,1.0,7,19,11.571428571428571,0,0,0.0,0,0.0,0.0,0.0
16,1.0,1.0,0.0,9,26,12.777777777777779,0,0,0.0,0,0.0,0.0,0.0
17,1.0,1.0,1.0,8,34,15.25,0,0,0.0,1,11.0,2.714410910260969,19.31677631662614
4,1.0,1.0,0.5,9,40,15.555555555555555,1,17,17.0,0,0.0,0.0,0.0
4,0.0,1.0,0.5,11,37,11.272727272727273,0,0,0.0,0,0.0,0.0,0.0
12,1.0,1.0,1.0,4,63,39.75,0,0,0.0,0,0.0,0.0,0.0
8,1.0,1.0,1.0,11,45,16.545454545454547,0,0,0.0,0,0.0,0.0,0.0
3,0.0,1.0,0.5,12,30,14.916666666666666,0,0,0.0,1,9.0,3.3696729139570936,22.092627026754755
6,0.0,1.0,0.0,5,68,35.8,1,18,18.0,0,0.0,0.0,0.0
14,1.0,1.0,1.0,10,34,13.6,0,0,0.0,0,0.0,0.0,0.0
14,1.0,1.0,0.5,7,52,19.714285714285715,2,20,17.0,0,0.0,0.0,0.0
24,1.0,1.0,0.5,13,19,12.23076923076923,0,0,0.0,0,0.0,0.0,0.0
3,1.0,1.0,1.0,9,39,12.555555555555555,1,17,17.0,0,0.0,0.0,0.0
13,1.0,1.0,1.0,7,31,15.714285714285714,1,24,24.0,0,0.0,0.0,0.0
18,1.0,1.0,1.0,9,13,9.666666666666666,0,0,0.0,0,0.0,0.0,0.0
21,0.0,1.0,0.5,11,43,18.0,0,0,0.0,0,0.0,0.0,0.0
1,1.0,1.0,1.0,4,58,26.25,1,116,116.0,2,9.25,5.051117099555844,19.992060666966037
4,1.0,1.0,1.0,12,25,12.833333333333334,0,0,0.0,0,0.0,0.0,0.0
6,0.0,1.0,0.5,4,92,57.5,0,0,0.0,1,7.5,3.0996620934037287,6.56485524647851
1,1.0,1.0,1.0,4,42,22.25,0,0,0.0,1,6.5,6.919581092293525,27.202545875895183
13,1.0,1.0,1.0,8,30,20.0,0,0,0.0,0,0.0,0.0,0.0
16,1.0,1.0,1.0,7,22,10.285714285714286,0,0,0.0,0,0.0,0.0,0.0
14,1.0,1.0,1.0,6,98,30.166666666666668,0,0,0.0,1,7.0,3.9903551004708575,16.389722061936858
14,0.0,1.0,0.5,12,46,14.916666666666666,1,18,18.0,1,8.5,3.5030917023648946,18.123033188567632
21,1.0,1.0,1.0,7,37,27.285714285714285,0,0,0.0,0,0.0,0.0,0.0
18,1.0,1.0,0.0,7,44,22.857142857142858,0,0,0.0,0,0.0,0.0,0.0
2,0.0,1.0,0.5,7,45,16.142857142857142,1,22,22.0,0,0.0,0.0,0.0
3,0.0,1.0,0.5,10,24,12.2,1,18,18.0,0,0.0,0.0,0.0
7,1.0,1.0,1.0,4,93,45.25,1,24,24.0,0,0.0,0.0,0.0
12,0.0,1.0,0.5,12,32,16.916666666666668,0,0,0.0,0,0.0,0.0,0.0
5,1.0,1.0,0.0,7,49,19.857142857142858,0,0,0.0,0,0.0,0.0,0.0
3,1.0,1.0,0.5,8,45,16.0,1,4,4.0,0,0.0,0.0,0.0
24,1.0,1.0,1.0,13,32,12.846153846153847,0,0,0.0,0,0.0,0.0,0.0
14,1.0,1.0,1.0,5,56,39.2,0,0,0.0,0,0.0,0.0,0.0
1,1.0,1.0,1.0,11,34,15.454545454545455,1,9,9.0,0,0.0,0.0,0.0
24,1.0,1.0,0.5,10,37,17.1,0,0,0.0,0,0.0,0.0,0.0
4,1.0,1.0,1.0,12,17,10.25,0,0,0.0,0,0.0,0.0,0.0
13,1.0,1.0,1.0,6,29,20.666666666666668,2,12,11.5,0,0.0,0.0,0.0
21,1.0,1.0,0.0,4,59,40.25,1,25,25.0,1,7.5,6.041358353840238,21.737318394673586
2,1.0,1.0,0.0,10,29,11.1,1,29,29.0,0,0.0,0.0,0.0
23,1.0,1.0,0.5,9,67,22.88888888888889,0,0,0.0,0,0.0,0.0,0.0
26,1.0,1.0,1.0,8,30,15.625,0,0,0.0,0,0.0,0.0,0.0
26,1.0,1.0,1.0,10,39,18.1,0,0,0.0,0,0.0,0.0,0.0
21,0.0,1.0,1.0,6,28,19.0,1,58,58.0,0,0.0,0.0,0.0
23,0.0,1.0,0.5,6,55,25.666666666666668,0,0,0.0,1,9.0,11.308362706938665,10.38783521881989
6,0.0,1.0,0.5,9,47,21.666666666666668,1,19,19.0,1,12.0,2.9225502492287334,27.920658166268154
6,1.0,1.0,1.0,4,152,44.75,1,21,21.0,0,0.0,0.0,0.0
3,1.0,1.0,1.0,10,63,21.5,0,0,0.0,1,11.0,4.781003239831694,17.754015074834655
24,0.0,1.0,0.5,11,26,11.545454545454545,0,0,0.0,0,0.0,0.0,0.0
23,0.0,1.0,0.5,8,22,10.375,0,0,0.0,0,0.0,0.0,0.0
3,0.0,1.0,0.5,8,46,24.625,0,0,0.0,1,8.0,2.2508438034294116,13.063780750061166
9,1.0,1.0,0.5,8,76,24.375,1,142,142.0,0,0.0,0.0,0.0
4,1.0,1.0,0.5,11,45,15.0,0,0,0.0,0,0.0,0.0,0.0
6,0.0,1.0,0.5,12,27,12.666666666666666,0,0,0.0,3,10.0,3.51527977262061,24.42683777733761
2,1.0,1.0,1.0,12,18,11.166666666666666,1,20,20.0,1,7.0,6.210803936240488,22.451709538770352
9,1.0,1.0,1.0,8,24,15.25,1,13,13.0,1,17.0,2.11278662762369,23.085875534285712
15,1.0,1.0,1.0,8,31,21.5,0,0,0.0,1,10.0,2.79927152360957,21.593212926162664
18,1.0,1.0,1.0,5,25,18.6,0,0,0.0,0,0.0,0.0,0.0
26,1.0,1.0,1.0,12,46,15.75,0,0,0.0,0,0.0,0.0,0.0
25,1.0,1.0,1.0,8,35,20.125,0,0,0.0,0,0.0,0.0,0.0
23,1.0,1.0,1.0,7,35,18.428571428571427,0,0,0.0,0,0.0,0.0,0.0
23,0.0,1.0,0.5,6,25,13.666666666666666,0,0,0.0,0,0.0,0.0,0.0
17,0.0,1.0,0.5,7,31,14.285714285714286,0,0,0.0,0,0.0,0.0,0.0
15,0.0,1.0,0.5,8,46,15.0,0,0,0.0,1,8.0,4.7875453484447785,19.97242976643968
5,1.0,1.0,0.5,9,51,17.11111111111111,2,36,24.0,0,0.0,0.0,0.0
1,1.0,1.0,1.0,12,31,11.0,0,0,0.0,0,0.0,0.0,0.0
3,1.0,1.0,1.0,11,32,16.363636363636363,1,19,19.0,3,8.666666666666666,3.370226335622737,22.4861649825404
4,0.0,1.0,0.5,7,61,19.0,0,0,0.0,0,0.0,0.0,0.0
4,0.0,1.0,0.5,10,19,9.4,0,0,0.0,0,0.0,0.0,0.0
23,0.0,1.0,0.0,8,35,23.0,1,187,187.0,0,0.0,0.0,0.0
14,0.0,1.0,0.5,4,50,37.25,1,48,48.0,0,0.0,0.0,0.0
1,1.0,1.0,1.0,12,43,16.75,1,18,18.0,0,0.0,0.0,0.0
17,0.0,1.0,0.5,13,27,12.692307692307692,0,0,0.0,1,8.0,3.0057122814043495,17.33785919859281
19,1.0,1.0,1.0,2,146,112.5,0,0,0.0,1,8.5,1.8449174484920823,8.45953861617972
14,1.0,1.0,0.5,8,30,23.125,0,0,0.0,0,0.0,0.0,0.0
24,1.0,1.0,1.0,8,93,23.5,1,33,33.0,0,0.0,0.0,0.0
23,0.0,1.0,0.5,7,45,14.0,1,23,23.0,0,0.0,0.0,0.0
25,1.0,1.0,1.0,9,35,14.555555555555555,0,0,0.0,1,8.0,3.4591174030494782,20.149117165836728
24,1.0,1.0,0.5,8,42,23.625,0,0,0.0,1,8.0,3.4832633966025393,20.139800612683864
18,1.0,1.0,0.0,3,187,68.33333333333333,0,0,0.0,0,0.0,0.0,0.0
14,0.0,1.0,0.5,10,45,15.8,1,27,27.0,1,7.0,3.6831289175149324,15.66351667318802
17,1.0,1.0,1.0,12,23,15.0,0,0,0.0,2,12.75,3.092163238887744,25.426685958721507
6,1.0,1.0,0.0,8,22,11.125,0,0,0.0,0,0.0,0.0,0.0
14,1.0,1.0,1.0,9,27,14.11111111111111,1,65,65.0,0,0.0,0.0,0.0
3,1.0,1.0,1.0,12,28,15.833333333333334,1,11,11.0,2,10.75,2.895283743722346,20.80233385923452
1,1.0,1.0,1.0,4,63,48.5,1,12,12.0,0,0.0,0.0,0.0
19,1.0,1.0,1.0,8,31,16.0,0,0,0.0,0,0.0,0.0,0.0
21,1.0,1.0,1.0,5,48,25.4,1,28,28.0,1,7.5,11.756658680062557,19.16347368215753
25,0.0,1.0,0.5,6,38,21.166666666666668,1,92,92.0,1,7.5,10.597786013894325,15.374185091152988
23,1.0,1.0,0.5,7,67,24.857142857142858,1,89,89.0,0,0.0,0.0,0.0
17,1.0,1.0,0.5,8,72,19.625,0,0,0.0,0,0.0,0.0,0.0
13,0.0,1.0,0.5,8,81,25.625,1,22,22.0,0,0.0,0.0,0.0
21,0.0,1.0,0.5,8,25,13.25,1,26,26.0,0,0.0,0.0,0.0
23,0.0,1.0,0.0,7,38,16.142857142857142,1,40,40.0,0,0.0,0.0,0.0
15,1.0,1.0,1.0,9,32,14.777777777777779,1,24,24.0,0,0.0,0.0,0.0
4,1.0,1.0,1.0,10,11,8.3,0,0,0.0,0,0.0,0.0,0.0
8,0.0,1.0,0.0,8,22,12.125,0,0,0.0,0,0.0,0.0,0.0
3,1.0,1.0,0.5,7,121,29.714285714285715,1,13,13.0,0,0.0,0.0,0.0
4,1.0,1.0,0.5,10,36,18.2,1,41,41.0,0,0.0,0.0,0.0
12,1.0,1.0,1.0,8,45,25.625,0,0,0.0,0,0.0,0.0,0.0
4,1.0,1.0,0.5,5,21,11.6,1,11,11.0,0,0.0,0.0,0.0
9,1.0,1.0,1.0,6,61,24.333333333333332,1,20,20.0,1,7.0,4.10048098715036,14.65741767462865
9,0.0,1.0,0.5,6,57,32.666666666666664,1,21,21.0,0,0.0,0.0,0.0
24,0.0,1.0,0.5,5,16,10.4,0,0,0.0,0,0.0,0.0,0.0
2,1.0,1.0,1.0,4,45,23.25,1,22,22.0,1,10.5,8.855657365871458,7.495540027673794
22,1.0,1.0,1.0,12,32,12.0,2,18,16.5,0,0.0,0.0,0.0
9,0.0,1.0,0.5,12,32,16.25,1,14,14.0,0,0.0,0.0,0.0
25,1.0,1.0,1.0,7,40,16.142857142857142,1,27,27.0,1,8.0,3.7193178031517893,20.46426625872725
22,1.0,1.0,1.0,9,45,24.0,0,0,0.0,2,8.25,5.166183386051569,20.408912990054663
23,1.0,1.0,1.0,5,33,14.8,0,0,0.0,0,0.0,0.0,0.0
24,0.0,1.0,0.5,11,31,13.454545454545455,0,0,0.0,1,7.5,2.5290857650185634,13.761649390932513
19,1.0,1.0,1.0,5,109,32.2,1,71,71.0,0,0.0,0.0,0.0
9,1.0,1.0,1.0,10,84,20.2,0,0,0.0,1,7.0,3.7229488586151325,20.302451652769765
3,1.0,1.0,1.0,9,53,22.77777777777778,0,0,0.0,1,12.5,2.545711166971716,22.20182819402166
9,0.0,1.0,0.0,3,31,24.666666666666668,1,17,17.0,0,0.0,0.0,0.0
3,1.0,1.0,1.0,8,63,22.75,0,0,0.0,1,7.0,4.359249430185418,19.2745074530836
26,0.0,1.0,0.5,14,36,12.785714285714286,0,0,0.0,1,7.0,3.6941576008866965,18.29538368188429
8,1.0,1.0,0.5,8,86,23.5,0,0,0.0,0,0.0,0.0,0.0
18,1.0,1.0,1.0,6,70,27.166666666666668,0,0,0.0,0,0.0,0.0,0.0
24,0.0,1.0,0.5,5,71,42.4,0,0,0.0,0,0.0,0.0,0.0
1,1.0,1.0,0.0,5,30,13.8,1,9,9.0,1,7.0,3.375015355722346,19.099047359118742
16,1.0,1.0,0.0,5,36,33.6,0,0,0.0,0,0.0,0.0,0.0
4,0.0,1.0,0.5,8,19,11.875,0,0,0.0,0,0.0,0.0,0.0
4,0.0,1.0,0.5,6,22,13.166666666666666,0,0,0.0,0,0.0,0.0,0.0
19,1.0,1.0,1.0,6,25,13.333333333333334,1,17,17.0,0,0.0,0.0,0.0
8,1.0,1.0,1.0,7,54,18.714285714285715,0,0,0.0,0,0.0,0.0,0.0
9,1.0,1.0,1.0,8,46,15.25,2,21,19.5,1,7.0,3.953412342145391,18.594694391943467
22,1.0,1.0,1.0,14,43,12.571428571428571,1,20,20.0,1,7.0,3.868443207963578,19.025757729389312
14,0.0,1.0,0.5,9,42,18.444444444444443,0,0,0.0,0,0.0,0.0,0.0
14,1.0,1.0,1.0,10,37,17.4,2,54,39.5,0,0.0,0.0,0.0
15,1.0,1.0,1.0,8,32,17.75,0,0,0.0,0,0.0,0.0,0.0
13,1.0,1.0,1.0,13,41,13.692307692307692,1,11,11.0,0,0.0,0.0,0.0
21,1.0,1.0,0.5,7,74,27.571428571428573,0,0,0.0,0,0.0,0.0,0.0
3,0.0,1.0,0.5,7,46,20.714285714285715,1,27,27.0,1,8.0,3.885521820956357,21.27695619170236
7,1.0,1.0,1.0,6,86,31.5,1,130,130.0,0,0.0,0.0,0.0
5,1.0,1.0,1.0,11,32,15.636363636363637,0,0,0.0,0,0.0,0.0,0.0
9,1.0,1.0,1.0,5,46,31.0,1,18,18.0,2,12.0,2.6646837230531575,22.89196429265808
4,0.0,1.0,0.5,10,15,10.8,0,0,0.0,0,0.0,0.0,0.0
21,1.0,1.0,1.0,9,44,17.77777777777778,0,0,0.0,0,0.0,0.0,0.0
7,0.0,1.0,0.5,3,82,58.666666666666664,1,20,20.0,0,0.0,0.0,0.0
22,1.0,1.0,1.0,9,54,18.88888888888889,1,29,29.0,0,0.0,0.0,0.0
1,1.0,1.0,1.0,5,47,24.4,1,34,34.0,0,0.0,0.0,0.0
6,0.0,1.0,0.5,9,63,18.0,0,0,0.0,1,12.0,2.3518630174843844,21.577463604371296
1,0.0,1.0,0.0,5,16,10.2,1,95,95.0,0,0.0,0.0,0.0
23,1.0,1.0,1.0,5,46,17.8,1,26,26.0,0,0.0,0.0,0.0
2,0.0,1.0,0.0,5,59,26.2,1,141,141.0,1,8.0,7.028991497588096,21.925741758020408
14,0.0,1.0,0.5,8,41,23.0,1,24,24.0,1,8.0,5.070940357616362,28.74932750522379
23,1.0,1.0,0.0,4,42,29.5,1,15,15.0,0,0.0,0.0,0.0
2,1.0,1.0,1.0,7,48,20.285714285714285,1,86,86.0,1,10.5,2.274215126838892,19.39285062556627
6,1.0,1.0,1.0,8,37,13.625,0,0,0.0,0,0.0,0.0,0.0
17,1.0,1.0,0.5,16,17,11.4375,0,0,0.0,3,9.333333333333334,3.657865668620341,24.025284560193665
2,0.0,1.0,0.5,11,31,12.454545454545455,0,0,0.0,0,0.0,0.0,0.0
18,1.0,1.0,1.0,5,64,34.8,0,0,0.0,0,0.0,0.0,0.0
10,1.0,1.0,0.0,8,38,24.25,2,16,14.5,0,0.0,0.0,0.0
7,0.0,1.0,0.5,5,59,37.6,0,0,0.0,0,0.0,0.0,0.0
3,0.0,1.0,0.5,14,42,13.642857142857142,0,0,0.0,1,7.0,2.5979781917401756,15.162343328317835
24,1.0,1.0,1.0,6,24,13.166666666666666,0,0,0.0,0,0.0,0.0,0.0
14,0.0,1.0,0.5,6,46,27.166666666666668,0,0,0.0,0,0.0,0.0,0.0
23,1.0,1.0,1.0,12,22,11.916666666666666,0,0,0.0,0,0.0,0.0,0.0
18,0.0,1.0,0.0,5,50,25.6,1,25,25.0,0,0.0,0.0,0.0
16,0.0,1.0,0.0,9,18,11.11111111111111,1,30,30.0,0,0.0,0.0,0.0
13,0.0,1.0,0.5,3,83,47.333333333333336,1,134,134.0,0,0.0,0.0,0.0
26,1.0,1.0,0.5,5,115,41.8,0,0,0.0,1,11.5,1.285461586812937,10.510100229838269
14,0.0,1.0,0.5,17,18,10.470588235294118,0,0,0.0,2,7.0,3.5894304843095552,19.751041041581708
17,1.0,1.0,1.0,7,51,26.571428571428573,0,0,0.0,0,0.0,0.0,0.0
25,1.0,1.0,1.0,7,43,19.857142857142858,1,23,23.0,1,9.0,4.166754604609857,30.845881901118943
4,0.0,1.0,0.5,11,41,17.818181818181817,1,16,16.0,0,0.0,0.0,0.0
25,1.0,1.0,1.0,9,35,17.11111111111111,2,37,27.5,0,0.0,0.0,0.0
5,1.0,1.0,0.5,13,42,14.538461538461538,1,98,98.0,0,0.0,0.0,0.0
23,1.0,1.0,0.0,8,34,18.5,1,16,16.0,0,0.0,0.0,0.0
22,1.0,1.0,1.0,9,34,16.88888888888889,1,135,135.0,0,0.0,0.0,0.0
24,0.0,1.0,0.5,11,41,19.0,0,0,0.0,0,0.0,0.0,0.0
17,1.0,1.0,1.0,12,32,13.833333333333334,0,0,0.0,1,10.0,6.718696630093484,20.134070169750725
21,1.0,1.0,1.0,6,38,20.666666666666668,0,0,0.0,0,0.0,0.0,0.0
2,0.0,1.0,0.0,5,51,38.4,1,120,120.0,0,0.0,0.0,0.0
23,1.0,1.0,1.0,9,32,17.88888888888889,1,35,35.0,0,0.0,0.0,0.0
1,0.0,1.0,0.0,7,73,20.857142857142858,1,11,11.0,0,0.0,0.0,0.0
23,0.0,1.0,0.5,7,58,29.428571428571427,1,17,17.0,0,0.0,0.0,0.0
3,1.0,1.0,1.0,10,40,16.6,1,11,11.0,0,0.0,0.0,0.0
14,1.0,1.0,1.0,5,106,39.4,1,23,23.0,1,8.0,3.011369920630226,20.08573537581207
4,0.0,1.0,0.5,4,13,12.5,0,0,0.0,1,8.5,4.333057173075762,27.00005637132088
13,1.0,1.0,1.0,8,37,16.0,1,78,78.0,0,0.0,0.0,0.0
12,1.0,1.0,1.0,11,55,18.0,0,0,0.0,0,0.0,0.0,0.0
26,1.0,1.0,1.0,5,94,44.2,0,0,0.0,0,0.0,0.0,0.0
17,1.0,1.0,1.0,10,44,22.1,0,0,0.0,0,0.0,0.0,0.0
16,1.0,1.0,1.0,7,85,20.571428571428573,0,0,0.0,1,10.5,4.049763810112308,21.376582007976697
15,1.0,1.0,0.5,9,34,14.444444444444445,1,35,35.0,0,0.0,0.0,0.0
12,1.0,1.0,1.0,12,79,17.416666666666668,0,0,0.0,0,0.0,0.0,0.0
19,1.0,1.0,1.0,7,39,17.714285714285715,1,48,48.0,0,0.0,0.0,0.0
9,1.0,1.0,0.5,5,74,34.6,1,126,126.0,1,7.0,7.681513918378348,27.431872062517904
2,1.0,1.0,0.0,8,23,13.125,1,16,16.0,0,0.0,0.0,0.0
21,1.0,1.0,0.5,5,64,42.4,0,0,0.0,0,0.0,0.0,0.0
14,1.0,1.0,1.0,7,47,24.142857142857142,0,0,0.0,0,0.0,0.0,0.0
6,1.0,1.0,1.0,10,60,19.4,0,0,0.0,1,10.0,7.440117005168851,29.05585155513341
4,1.0,1.0,1.0,6,21,13.166666666666666,0,0,0.0,0,0.0,0.0,0.0
1,1.0,1.0,1.0,5,36,20.4,1,49,49.0,0,0.0,0.0,0.0
24,0.0,1.0,0.5,5,60,34.8,0,0,0.0,0,0.0,0.0,0.0
8,0.0,1.0,0.0,10,25,12.4,0,0,0.0,0,0.0,0.0,0.0
25,1.0,1.0,1.0,5,83,34.4,0,0,0.0,0,0.0,0.0,0.0
26,1.0,1.0,0.5,6,38,18.333333333333332,0,0,0.0,0,0.0,0.0,0.0
9,1.0,1.0,1.0,9,41,19.444444444444443,1,14,14.0,0,0.0,0.0,0.0
14,1.0,1.0,0.5,7,57,28.285714285714285,0,0,0.0,0,0.0,0.0,0.0
4,1.0,1.0,1.0,8,47,14.125,1,9,9.0,0,0.0,0.0,0.0
15,1.0,1.0,0.5,9,37,18.0,1,46,46.0,1,7.0,3.3733474458376693,15.833177594002384
25,1.0,1.0,1.0,8,33,17.625,1,14,14.0,1,7.5,3.386644201775665,19.08306158171638
21,1.0,1.0,1.0,6,91,25.5,1,31,31.0,0,0.0,0.0,0.0
4,1.0,1.0,0.5,7,51,23.571428571428573,1,25,25.0,0,0.0,0.0,0.0
10,0.0,1.0,0.5,5,53,29.0,0,0,0.0,0,0.0,0.0,0.0
23,1.0,1.0,1.0,9,23,13.444444444444445,1,45,45.0,0,0.0,0.0,0.0
3,0.0,1.0,0.5,8,37,22.625,0,0,0.0,0,0.0,0.0,0.0
3,0.0,1.0,0.5,9,33,20.333333333333332,0,0,0.0,0,0.0,0.0,0.0
19,1.0,1.0,0.0,4,105,39.5,0,0,0.0,0,0.0,0.0,0.0
25,0.0,1.0,0.5,7,27,16.285714285714285,1,15,15.0,0,0.0,0.0,0.0
13,1.0,1.0,1.0,6,51,22.0,1,81,81.0,0,0.0,0.0,0.0
18,1.0,1.0,1.0,5,47,23.8,0,0,0.0,0,0.0,0.0,0.0
2,0.0,1.0,0.0,4,48,40.0,0,0,0.0,0,0.0,0.0,0.0
14,1.0,1.0,0.5,12,31,12.916666666666666,0,0,0.0,0,0.0,0.0,0.0
8,1.0,1.0,1.0,9,30,16.555555555555557,0,0,0.0,0,0.0,0.0,0.0
3,1.0,1.0,0.5,11,52,17.181818181818183,0,0,0.0,3,9.166666666666666,3.125734819103189,18.975765095709875
8,1.0,1.0,0.0,4,94,50.5,0,0,0.0,1,7.5,10.210047151352978,17.040359764133665
26,0.0,1.0,0.0,7,46,28.428571428571427,0,0,0.0,0,0.0,0.0,0.0
15,0.0,1.0,0.5,8,23,11.75,0,0,0.0,0,0.0,0.0,0.0
16,0.0,1.0,0.5,6,52,22.166666666666668,0,0,0.0,0,0.0,0.0,0.0
17,0.0,1.0,0.5,6,71,29.833333333333332,0,0,0.0,1,10.0,3.005547760378896,14.905061183423713
9,1.0,1.0,1.0,10,37,17.6,1,51,51.0,1,9.0,2.4947539102339444,12.945837071449947
19,1.0,1.0,1.0,8,27,11.125,1,18,18.0,0,0.0,0.0,0.0
4,1.0,1.0,1.0,4,42,21.25,0,0,0.0,0,0.0,0.0,0.0
7,0.0,1.0,0.0,8,39,22.375,0,0,0.0,1,9.0,3.576840263375864,16.863193954696627
5,1.0,1.0,1.0,7,65,24.142857142857142,1,13,13.0,0,0.0,0.0,0.0
7,0.0,1.0,0.5,3,129,78.0,0,0,0.0,0,0.0,0.0,0.0
24,1.0,1.0,1.0,6,29,16.666666666666668,1,9,9.0,0,0.0,0.0,0.0
18,0.0,1.0,0.5,5,29,18.4,1,21,21.0,0,0.0,0.0,0.0
25,1.0,1.0,0.5,7,56,20.285714285714285,0,0,0.0,0,0.0,0.0,0.0
22,0.0,1.0,0.5,10,28,13.7,1,24,24.0,0,0.0,0.0,0.0
12,1.0,1.0,0.5,12,30,13.75,0,0,0.0,0,0.0,0.0,0.0
8,0.0,1.0,0.5,6,28,15.666666666666666,0,0,0.0,0,0.0,0.0,0.0
18,1.0,1.0,1.0,6,60,32.5,0,0,0.0,1,13.5,2.337516446187289,13.262331532014322
18,1.0,1.0,1.0,5,42,22.2,0,0,0.0,0,0.0,0.0,0.0
17,1.0,1.0,1.0,10,29,13.8,0,0,0.0,0,0.0,0.0,0.0
1,1.0,1.0,0.5,12,52,13.333333333333334,1,13,13.0,0,0.0,0.0,0.0
7,0.0,1.0,0.5,4,130,44.0,1,30,30.0,0,0.0,0.0,0.0
25,1.0,1.0,1.0,6,59,28.166666666666668,0,0,0.0,0,0.0,0.0,0.0
9,0.0,1.0,0.0,9,30,19.88888888888889,2,19,14.5,0,0.0,0.0,0.0
19,1.0,1.0,1.0,12,24,14.75,0,0,0.0,0,0.0,0.0,0.0
9,1.0,1.0,0.5,10,41,18.5,1,13,13.0,0,0.0,0.0,0.0
24,1.0,1.0,1.0,9,36,22.22222222222222,0,0,0.0,0,0.0,0.0,0.0
23,1.0,1.0,1.0,3,22,16.333333333333332,0,0,0.0,0,0.0,0.0,0.0
12,1.0,1.0,1.0,15,34,10.8,0,0,0.0,0,0.0,0.0,0.0
14,1.0,1.0,1.0,7,51,27.142857142857142,0,0,0.0,1,14.0,1.701416253112649,15.093528912987269
12,1.0,1.0,1.0,13,40,15.615384615384615,0,0,0.0,0,0.0,0.0,0.0
17,1.0,1.0,1.0,7,46,24.285714285714285,0,0,0.0,1,7.0,3.223505553917599,6.704927507248534
12,1.0,1.0,1.0,8,37,21.875,0,0,0.0,0,0.0,0.0,0.0
9,0.0,1.0,0.0,12,43,15.5,1,14,14.0,0,0.0,0.0,0.0
8,1.0,1.0,0.0,4,93,57.75,0,0,0.0,0,0.0,0.0,0.0
13,1.0,1.0,1.0,5,54,26.4,2,16,13.0,0,0.0,0.0,0.0
22,1.0,1.0,1.0,8,29,17.625,1,18,18.0,0,0.0,0.0,0.0
4,1.0,1.0,1.0,7,58,22.857142857142858,1,10,10.0,0,0.0,0.0,0.0
8,1.0,1.0,0.5,8,24,11.625,0,0,0.0,0,0.0,0.0,0.0
24,0.0,1.0,0.5,9,41,20.22222222222222,0,0,0.0,0,0.0,0.0,0.0
6,1.0,1.0,0.0,6,31,21.666666666666668,1,33,33.0,1,8.5,10.195119404786507,15.4432590184488
18,0.0,1.0,0.5,6,44,31.0,1,12,12.0,0,0.0,0.0,0.0
18,0.0,1.0,0.5,7,21,11.857142857142858,1,5,5.0,0,0.0,0.0,0.0
16,0.0,1.0,0.0,8,42,21.375,0,0,0.0,0,0.0,0.0,0.0
23,0.0,1.0,0.5,8,19,13.125,0,0,0.0,0,0.0,0.0,0.0
17,0.0,1.0,0.5,9,12,8.555555555555555,0,0,0.0,0,0.0,0.0,0.0
23,0.0,1.0,0.0,8,27,15.75,1,46,46.0,0,0.0,0.0,0.0
14,1.0,1.0,1.0,3,97,55.333333333333336,1,17,17.0,1,10.5,7.385046875158242,26.76404050554573
3,1.0,1.0,1.0,9,39,16.11111111111111,1,22,22.0,1,7.0,3.4072710191660445,16.053266732407714
14,1.0,1.0,1.0,8,87,25.0,1,10,10.0,0,0.0,0.0,0.0
3,0.0,1.0,0.5,11,42,15.272727272727273,0,0,0.0,0,0.0,0.0,0.0
9,0.0,1.0,0.5,5,54,26.4,1,121,121.0,0,0.0,0.0,0.0
15,1.0,1.0,0.5,10,24,13.6,1,26,26.0,0,0.0,0.0,0.0
24,1.0,1.0,0.5,9,40,19.555555555555557,1,20,20.0,1,8.5,2.2949417827345107,12.760689004944062
19,1.0,1.0,1.0,5,23,12.2,1,11,11.0,0,0.0,0.0,0.0
25,1.0,1.0,1.0,5,71,39.6,1,8,8.0,1,10.5,6.738348017254156,24.656253545351348
25,0.0,1.0,0.5,9,32,18.11111111111111,0,0,0.0,0,0.0,0.0,0.0
14,0.0,1.0,0.5,6,32,24.333333333333332,1,12,12.0,0,0.0,0.0,0.0
5,1.0,1.0,1.0,7,38,25.0,1,19,19.0,0,0.0,0.0,0.0
3,1.0,1.0,1.0,10,33,16.0,1,13,13.0,0,0.0,0.0,0.0
4,1.0,1.0,1.0,10,32,17.6,1,8,8.0,0,0.0,0.0,0.0
23,1.0,1.0,1.0,8,24,16.125,1,180,180.0,0,0.0,0.0,0.0
25,1.0,1.0,1.0,6,31,25.333333333333332,1,15,15.0,0,0.0,0.0,0.0
24,0.0,1.0,0.5,7,71,25.714285714285715,0,0,0.0,0,0.0,0.0,0.0
6,0.0,1.0,0.5,11,44,14.454545454545455,1,19,19.0,1,7.5,3.2112076973676125,6.986096575781305
3,0.0,1.0,0.5,10,49,21.5,0,0,0.0,2,7.5,3.4343540748593075,20.158338228759078
6,1.0,1.0,1.0,6,59,34.166666666666664,1,20,20.0,0,0.0,0.0,0.0
22,0.0,1.0,0.5,8,47,19.375,2,20,19.5,0,0.0,0.0,0.0
7,1.0,1.0,1.0,2,68,65.0,1,23,23.0,0,0.0,0.0,0.0
12,1.0,1.0,0.5,12,49,16.25,0,0,0.0,1,12.5,5.46386498003185,24.69439925113667
6,1.0,1.0,1.0,7,34,18.714285714285715,1,114,114.0,0,0.0,0.0,0.0
26,1.0,1.0,1.0,5,22,13.8,0,0,0.0,0,0.0,0.0,0.0
6,0.0,1.0,0.0,5,30,17.0,1,15,15.0,1,9.5,6.216294063408579,23.31900468998311
24,1.0,1.0,1.0,10,33,16.1,1,37,37.0,0,0.0,0.0,0.0
9,0.0,1.0,0.5,6,63,26.5,1,199,199.0,0,0.0,0.0,0.0
16,1.0,1.0,1.0,8,56,25.375,0,0,0.0,0,0.0,0.0,0.0
17,1.0,1.0,0.5,11,39,15.454545454545455,0,0,0.0,1,7.0,4.65063539258107,23.06703405518401
3,0.0,1.0,0.5,4,54,38.5,0,0,0.0,0,0.0,0.0,0.0
25,0.0,1.0,0.0,11,45,14.181818181818182,1,22,22.0,0,0.0,0.0,0.0
22,1.0,1.0,0.0,14,26,11.785714285714286,1,30,30.0,2,9.5,3.4180579616903257,21.760770536193462
24,0.0,1.0,0.5,6,55,30.166666666666668,1,14,14.0,0,0.0,0.0,0.0
9,1.0,1.0,1.0,6,61,19.333333333333332,1,18,18.0,0,0.0,0.0,0.0
18,1.0,1.0,1.0,12,27,13.25,0,0,0.0,0,0.0,0.0,0.0
7,1.0,1.0,1.0,3,144,67.0,0,0,0.0,0,0.0,0.0,0.0
24,0.0,1.0,0.5,9,23,16.555555555555557,0,0,0.0,0,0.0,0.0,0.0
6,1.0,1.0,1.0,3,128,49.333333333333336,1,50,50.0,0,0.0,0.0,0.0
16,0.0,1.0,0.0,11,41,16.818181818181817,0,0,0.0,0,0.0,0.0,0.0
15,1.0,1.0,1.0,5,45,24.8,1,28,28.0,0,0.0,0.0,0.0
26,0.0,1.0,0.5,11,23,10.454545454545455,0,0,0.0,0,0.0,0.0,0.0
24,1.0,1.0,0.5,7,40,28.571428571428573,0,0,0.0,0,0.0,0.0,0.0
25,1.0,1.0,0.5,13,27,12.538461538461538,1,36,36.0,0,0.0,0.0,0.0
24,0.0,1.0,0.5,9,49,19.555555555555557,0,0,0.0,0,0.0,0.0,0.0
22,1.0,1.0,1.0,13,26,13.615384615384615,1,28,28.0,1,7.0,5.354488786056013,21.680396213915074
14,1.0,1.0,1.0,8,51,18.75,1,36,36.0,0,0.0,0.0,0.0
14,0.0,1.0,0.5,7,40,20.571428571428573,1,117,117.0,0,0.0,0.0,0.0
16,1.0,1.0,1.0,9,48,15.555555555555555,0,0,0.0,0,0.0,0.0,0.0
19,1.0,1.0,1.0,2,24,15.5,1,82,82.0,0,0.0,0.0,0.0
4,1.0,1.0,1.0,6,32,18.833333333333332,1,24,24.0,0,0.0,0.0,0.0
16,1.0,1.0,0.0,13,36,14.615384615384615,0,0,0.0,2,8.0,3.0034332845303773,18.44387571808953
24,1.0,1.0,0.5,12,33,12.083333333333334,0,0,0.0,0,0.0,0.0,0.0
17,0.0,1.0,0.5,12,31,10.666666666666666,0,0,0.0,0,0.0,0.0,0.0
13,1.0,1.0,1.0,7,40,22.285714285714285,1,17,17.0,0,0.0,0.0,0.0
24,0.0,1.0,0.5,11,31,13.727272727272727,0,0,0.0,1,7.0,4.242357614386995,20.914291560200233
6,0.0,1.0,0.5,8,41,19.875,0,0,0.0,0,0.0,0.0,0.0
1,0.0,1.0,0.5,8,88,22.0,0,0,0.0,0,0.0,0.0,0.0
10,0.0,1.0,0.5,7,47,27.285714285714285,1,133,133.0,0,0.0,0.0,0.0
23,1.0,1.0,1.0,7,45,20.285714285714285,1,71,71.0,0,0.0,0.0,0.0
2,0.0,1.0,0.0,9,33,18.0,0,0,0.0,0,0.0,0.0,0.0
4,0.0,1.0,0.5,9,53,14.0,1,5,5.0,0,0.0,0.0,0.0
26,1.0,1.0,1.0,14,19,10.571428571428571,0,0,0.0,1,7.0,3.5154869773050064,15.351613042339167
12,0.0,1.0,0.5,11,43,16.727272727272727,0,0,0.0,1,8.0,5.563308173994269,31.714141279747444
14,0.0,1.0,0.5,7,53,30.142857142857142,0,0,0.0,0,0.0,0.0,0.0
13,1.0,1.0,0.0,8,26,14.375,1,133,133.0,0,0.0,0.0,0.0
14,1.0,1.0,1.0,5,118,40.4,1,32,32.0,0,0.0,0.0,0.0
24,1.0,1.0,0.5,9,26,15.11111111111111,1,8,8.0,0,0.0,0.0,0.0
3,1.0,1.0,0.5,5,61,41.8,0,0,0.0,0,0.0,0.0,0.0
11,1.0,1.0,1.0,7,29,14.142857142857142,1,17,17.0,0,0.0,0.0,0.0
16,0.0,1.0,0.0,14,25,12.214285714285714,0,0,0.0,0,0.0,0.0,0.0
22,1.0,1.0,0.5,7,44,24.571428571428573,0,0,0.0,0,0.0,0.0,0.0
3,1.0,1.0,1.0,13,23,12.923076923076923,1,86,86.0,2,11.5,2.374297503307976,18.246168202356355
22,0.0,1.0,0.5,8,49,18.125,1,25,25.0,0,0.0,0.0,0.0
13,0.0,1.0,0.5,7,40,22.714285714285715,1,32,32.0,0,0.0,0.0,0.0
25,1.0,1.0,0.0,7,45,25.0,1,18,18.0,0,0.0,0.0,0.0
19,1.0,1.0,1.0,6,48,19.166666666666668,0,0,0.0,0,0.0,0.0,0.0
14,0.0,1.0,0.5,3,135,72.66666666666667,0,0,0.0,0,0.0,0.0,0.0
8,1.0,1.0,0.5,12,34,14.583333333333334,0,0,0.0,0,0.0,0.0,0.0
1,1.0,1.0,1.0,5,54,32.8,0,0,0.0,1,8.0,6.677503452295582,12.061902990714634
12,0.0,1.0,0.5,9,30,13.88888888888889,0,0,0.0,0,0.0,0.0,0.0
24,1.0,1.0,1.0,9,32,20.444444444444443,0,0,0.0,0,0.0,0.0,0.0
17,0.0,1.0,0.5,9,57,21.444444444444443,0,0,0.0,0,0.0,0.0,0.0
24,1.0,1.0,0.5,9,41,16.88888888888889,1,32,32.0,0,0.0,0.0,0.0
13,1.0,1.0,0.0,4,31,20.0,1,129,129.0,0,0.0,0.0,0.0
13,0.0,1.0,0.0,8,53,15.125,1,19,19.0,0,0.0,0.0,0.0
23,1.0,1.0,1.0,5,39,18.2,1,44,44.0,0,0.0,0.0,0.0
24,1.0,1.0,1.0,7,30,13.857142857142858,2,16,13.0,1,8.0,6.364370294973324,29.809138300239603
9,1.0,1.0,1.0,8,46,24.625,0,0,0.0,0,0.0,0.0,0.0
3,1.0,1.0,1.0,9,36,16.333333333333332,1,22,22.0,0,0.0,0.0,0.0
15,1.0,1.0,1.0,7,34,19.571428571428573,0,0,0.0,0,0.0,0.0,0.0
17,0.0,1.0,0.5,10,30,18.0,1,16,16.0,1,15.0,2.9107470653192067,28.726223559124193
22,1.0,1.0,1.0,8,55,21.875,1,19,19.0,0,0.0,0.0,0.0
15,1.0,1.0,1.0,8,44,22.75,0,0,0.0,1,8.0,9.887221782710704,11.589616036804797
23,1.0,1.0,0.5,7,80,23.714285714285715,1,50,50.0,0,0.0,0.0,0.0
16,1.0,1.0,1.0,9,64,19.77777777777778,0,0,0.0,0,0.0,0.0,0.0
2,0.0,1.0,0.0,6,62,33.333333333333336,1,19,19.0,0,0.0,0.0,0.0
11,1.0,1.0,1.0,7,51,15.571428571428571,0,0,0.0,0,0.0,0.0,0.0
24,1.0,1.0,0.5,7,52,26.0,0,0,0.0,0,0.0,0.0,0.0
4,0.0,1.0,0.5,2,46,27.5,0,0,0.0,0,0.0,0.0,0.0
7,1.0,1.0,0.5,6,52,36.333333333333336,0,0,0.0,0,0.0,0.0,0.0
7,1.0,1.0,0.5,5,56,26.4,0,0,0.0,0,0.0,0.0,0.0
24,1.0,1.0,0.5,5,64,40.2,1,18,18.0,0,0.0,0.0,0.0
23,1.0,1.0,1.0,10,36,15.9,0,0,0.0,0,0.0,0.0,0.0
18,1.0,1.0,1.0,6,26,17.166666666666668,0,0,0.0,0,0.0,0.0,0.0
8,1.0,1.0,0.5,5,52,22.2,0,0,0.0,0,0.0,0.0,0.0
18,0.0,1.0,0.5,13,13,9.23076923076923,0,0,0.0,2,7.5,3.374906688105602,18.107385788451296
13,1.0,1.0,1.0,9,26,17.666666666666668,1,18,18.0,0,0.0,0.0,0.0
1,1.0,1.0,1.0,4,27,13.25,0,0,0.0,0,0.0,0.0,0.0
24,0.0,1.0,0.5,7,40,21.857142857142858,0,0,0.0,0,0.0,0.0,0.0
14,1.0,1.0,1.0,3,156,67.66666666666667,0,0,0.0,0,0.0,0.0,0.0
6,1.0,1.0,1.0,5,140,44.4,0,0,0.0,1,11.0,2.1642037327140393,14.905300237299834
24,0.0,1.0,0.5,10,22,14.0,1,18,18.0,0,0.0,0.0,0.0
2,1.0,1.0,0.5,4,77,44.0,2,16,11.5,0,0.0,0.0,0.0
4,1.0,1.0,0.5,7,23,14.714285714285714,0,0,0.0,0,0.0,0.0,0.0
4,1.0,1.0,0.5,7,20,10.857142857142858,0,0,0.0,0,0.0,0.0,0.0
23,1.0,1.0,1.0,4,35,24.5,1,62,62.0,1,7.0,6.031985094575486,18.332469847618338
15,0.0,1.0,0.5,9,48,15.555555555555555,0,0,0.0,1,7.0,4.052444664498555,15.975981701740004
5,0.0,1.0,0.5,9,28,13.555555555555555,1,30,30.0,0,0.0,0.0,0.0
4,1.0,1.0,0.5,9,39,17.77777777777778,0,0,0.0,0,0.0,0.0,0.0
3,1.0,1.0,1.0,9,43,22.666666666666668,0,0,0.0,0,0.0,0.0,0.0
18,0.0,1.0,0.5,7,25,13.857142857142858,0,0,0.0,2,7.25,3.622248614730792,17.549823990191932
15,0.0,1.0,0.5,8,29,20.125,1,32,32.0,0,0.0,0.0,0.0
25,1.0,1.0,0.5,11,29,12.0,1,20,20.0,0,0.0,0.0,0.0
6,1.0,1.0,0.0,7,38,19.142857142857142,0,0,0.0,0,0.0,0.0,0.0
19,0.0,1.0,0.5,4,18,13.0,1,11,11.0,0,0.0,0.0,0.0
24,0.0,1.0,0.5,9,35,21.22222222222222,0,0,0.0,0,0.0,0.0,0.0
4,0.0,1.0,0.5,9,41,15.666666666666666,0,0,0.0,0,0.0,0.0,0.0
13,1.0,1.0,1.0,4,115,46.5,1,21,21.0,1,16.5,6.641657984417087,25.167596037524902
23,0.0,1.0,0.5,8,27,14.875,0,0,0.0,0,0.0,0.0,0.0
19,1.0,1.0,1.0,4,86,46.5,1,21,21.0,0,0.0,0.0,0.0
24,1.0,1.0,1.0,5,53,38.0,1,23,23.0,0,0.0,0.0,0.0
4,0.0,1.0,0.5,7,17,11.428571428571429,0,0,0.0,0,0.0,0.0,0.0
1,1.0,1.0,1.0,3,82,52.666666666666664,0,0,0.0,0,0.0,0.0,0.0
15,0.0,1.0,0.5,8,38,23.25,0,0,0.0,0,0.0,0.0,0.0
18,1.0,1.0,1.0,6,111,30.5,0,0,0.0,0,0.0,0.0,0.0
18,1.0,1.0,1.0,5,31,21.6,0,0,0.0,0,0.0,0.0,0.0
17,1.0,1.0,1.0,7,18,11.571428571428571,0,0,0.0,0,0.0,0.0,0.0
4,0.0,1.0,0.5,5,12,8.4,0,0,0.0,0,0.0,0.0,0.0
18,0.0,1.0,0.5,8,43,17.625,1,33,33.0,0,0.0,0.0,0.0
4,1.0,1.0,0.5,8,63,18.75,0,0,0.0,0,0.0,0.0,0.0
22,1.0,1.0,1.0,7,45,23.428571428571427,2,20,15.0,2,7.0,4.490377603025637,25.964208907988795
18,1.0,1.0,0.0,8,25,12.375,0,0,0.0,0,0.0,0.0,0.0
14,0.0,1.0,0.5,8,45,25.75,0,0,0.0,0,0.0,0.0,0.0
1,1.0,1.0,0.5,9,35,13.555555555555555,0,0,0.0,0,0.0,0.0,0.0
12,1.0,1.0,0.5,9,31,16.333333333333332,1,69,69.0,0,0.0,0.0,0.0
14,1.0,1.0,0.5,5,81,37.2,1,28,28.0,0,0.0,0.0,0.0
8,0.0,1.0,0.5,7,76,25.285714285714285,0,0,0.0,0,0.0,0.0,0.0
6,1.0,1.0,0.5,7,123,30.285714285714285,0,0,0.0,0,0.0,0.0,0.0
13,1.0,1.0,1.0,3,27,17.666666666666668,1,19,19.0,0,0.0,0.0,0.0
2,0.0,1.0,0.5,9,47,14.666666666666666,1,132,132.0,0,0.0,0.0,0.0
24,0.0,1.0,0.5,7,39,26.857142857142858,0,0,0.0,0,0.0,0.0,0.0
19,1.0,1.0,1.0,5,62,31.2,0,0,0.0,0,0.0,0.0,0.0
18,1.0,1.0,1.0,7,15,9.714285714285714,1,9,9.0,0,0.0,0.0,0.0
22,0.0,1.0,0.5,10,28,12.5,1,15,15.0,0,0.0,0.0,0.0
22,1.0,1.0,1.0,9,56,19.88888888888889,1,20,20.0,0,0.0,0.0,0.0
26,1.0,1.0,1.0,7,21,13.571428571428571,0,0,0.0,0,0.0,0.0,0.0
24,1.0,1.0,1.0,5,64,41.2,0,0,0.0,0,0.0,0.0,0.0
14,1.0,1.0,0.0,7,48,24.0,1,38,38.0,0,0.0,0.0,0.0
21,0.0,1.0,0.5,6,55,19.5,1,19,19.0,0,0.0,0.0,0.0
25,1.0,1.0,1.0,5,21,12.4,1,23,23.0,0,0.0,0.0,0.0
10,1.0,1.0,0.5,8,58,22.0,1,22,22.0,0,0.0,0.0,0.0
25,1.0,1.0,0.0,6,22,12.166666666666666,2,30,25.0,0,0.0,0.0,0.0
14,1.0,1.0,0.5,9,21,11.88888888888889,0,0,0.0,0,0.0,0.0,0.0
17,1.0,1.0,1.0,10,24,10.4,0,0,0.0,1,7.0,5.799422646293406,19.807913013168047
18,0.0,1.0,0.5,6,44,26.0,0,0,0.0,0,0.0,0.0,0.0
10,1.0,1.0,1.0,8,42,24.375,1,15,15.0,0,0.0,0.0,0.0
22,1.0,1.0,1.0,9,56,17.11111111111111,1,51,51.0,2,11.25,4.5374109786772525,23.04826730859171
23,1.0,1.0,1.0,4,115,36.0,0,0,0.0,0,0.0,0.0,0.0
24,1.0,1.0,1.0,8,38,24.25,0,0,0.0,0,0.0,0.0,0.0
17,1.0,1.0,0.5,14,17,9.928571428571429,0,0,0.0,0,0.0,0.0,0.0
18,1.0,1.0,1.0,5,38,30.6,0,0,0.0,0,0.0,0.0,0.0
2,1.0,1.0,1.0,4,97,52.75,0,0,0.0,0,0.0,0.0,0.0
7,1.0,1.0,0.5,4,142,56.0,0,0,0.0,0,0.0,0.0,0.0
23,1.0,1.0,1.0,8,45,20.375,1,67,67.0,1,10.0,2.8520210562884833,19.855274606557675
6,0.0,1.0,0.5,5,70,41.4,0,0,0.0,1,10.5,2.6374018597647497,6.778652699025921
10,0.0,1.0,0.5,6,56,35.166666666666664,0,0,0.0,0,0.0,0.0,0.0
16,1.0,1.0,1.0,13,18,12.615384615384615,0,0,0.0,0,0.0,0.0,0.0
14,0.0,1.0,0.0,9,53,22.77777777777778,0,0,0.0,0,0.0,0.0,0.0
17,0.0,1.0,0.5,9,60,20.77777777777778,0,0,0.0,0,0.0,0.0,0.0
14,0.0,1.0,0.5,9,34,19.666666666666668,0,0,0.0,1,9.0,3.2140181980027336,18.760612368538354
19,0.0,1.0,0.5,6,16,10.5,1,8,8.0,0,0.0,0.0,0.0
8,0.0,1.0,0.0,10,45,17.0,0,0,0.0,0,0.0,0.0,0.0
15,1.0,1.0,0.5,10,33,13.5,1,25,25.0,0,0.0,0.0,0.0
7,1.0,1.0,1.0,4,61,46.0,1,28,28.0,0,0.0,0.0,0.0
23,1.0,1.0,1.0,11,18,11.818181818181818,0,0,0.0,0,0.0,0.0,0.0
16,1.0,1.0,1.0,4,108,52.75,0,0,0.0,1,10.0,1.5615665966236771,9.799033252653047
1,1.0,1.0,0.0,5,46,39.4,0,0,0.0,0,0.0,0.0,0.0
15,0.0,1.0,0.5,6,21,14.5,1,11,11.0,0,0.0,0.0,0.0
5,1.0,1.0,0.5,8,40,22.75,1,125,125.0,0,0.0,0.0,0.0
14,0.0,1.0,0.5,2,171,102.5,0,0,0.0,1,10.5,3.077664911220583,8.729632822572404
14,1.0,1.0,1.0,8,41,18.125,1,79,79.0,0,0.0,0.0,0.0
9,0.0,1.0,0.0,4,78,44.25,1,21,21.0,1,7.5,5.093534913786465,19.994277523165866
23,0.0,1.0,0.5,4,63,35.0,0,0,0.0,0,0.0,0.0,0.0
4,1.0,1.0,1.0,12,25,14.833333333333334,0,0,0.0,0,0.0,0.0,0.0
18,0.0,1.0,0.5,5,36,18.8,1,104,104.0,1,7.0,5.166010836570706,7.267257999642487
13,1.0,1.0,1.0,7,98,30.857142857142858,0,0,0.0,1,12.0,3.5914619825979965,23.49354689508877
24,1.0,1.0,1.0,7,29,14.142857142857142,1,121,121.0,0,0.0,0.0,0.0
6,1.0,1.0,1.0,8,48,24.25,1,22,22.0,0,0.0,0.0,0.0
4,1.0,1.0,0.5,6,120,31.166666666666668,0,0,0.0,0,0.0,0.0,0.0
9,1.0,1.0,0.5,11,43,15.727272727272727,1,27,27.0,1,9.5,2.82998290857381,20.16786298659725
4,1.0,1.0,1.0,6,111,31.833333333333332,0,0,0.0,0,0.0,0.0,0.0
3,1.0,1.0,1.0,7,62,30.142857142857142,0,0,0.0,0,0.0,0.0,0.0
25,1.0,1.0,1.0,7,59,21.0,1,18,18.0,0,0.0,0.0,0.0
25,1.0,1.0,0.5,6,45,18.0,1,16,16.0,0,0.0,0.0,0.0
