participant,study_status,scene_familiarity,recall_status,fix_cnt,max_fix_cnt,avg_fix_cnt,blink_cnt,peak_blink_duration,avg_blink_duration,saccade_count,avg_saccade_duration,avg_saccade_peak_vel,avg_saccade_amplitude,microsaccade_count,avg_microsaccade_duration,avg_microsaccade_vel,avg_microsaccade_amp
25,0.0,0.0,,8,36,23.625,1,42,42.0,2,16.0,2.438015717466989,29.816677192523336,0,0.0,0.0,0.0
25,0.0,0.0,,9,22,14.777777777777779,0,0,0.0,2,40.5,34.28984568503488,226.50214279735582,0,0.0,0.0,0.0
22,0.0,0.0,,2,66,58.5,0,0,0.0,1,117.0,7.3904838913981585,26.505763635019047,0,0.0,0.0,0.0
19,0.0,0.0,,4,75,46.5,2,25,23.0,2,21.5,4.77692901344488,96.65235637733801,0,0.0,0.0,0.0
23,0.0,0.0,,8,32,12.625,0,0,0.0,5,25.4,28.40086624552158,164.40492701297921,1,10.0,2.5071485016493233,20.950700766918622
23,0.0,0.0,,2,186,105.5,0,0,0.0,1,23.0,26.29002607439207,89.90959046766255,0,0.0,0.0,0.0
5,0.0,0.0,,10,56,18.0,1,17,17.0,4,10.0,20.475969961790728,111.27503733562037,1,8.0,3.4534878775174174,19.72428263386395
15,1.0,0.0,,9,36,17.88888888888889,0,0,0.0,4,13.25,19.145159121873004,90.73023944020653,1,9.0,3.7403221909139535,22.61579052256323
15,0.0,0.0,,10,34,19.8,1,161,161.0,2,7.5,8.602441111120052,24.37132261658249,0,0.0,0.0,0.0
10,1.0,0.0,,13,50,13.615384615384615,1,20,20.0,4,10.25,23.74883158152499,114.61824446220623,2,10.0,3.866146501948707,23.564896916430953
17,1.0,0.0,,5,51,38.6,0,0,0.0,1,37.0,28.808282117451228,97.04382440512403,1,9.0,2.211532236902193,7.552429809911834
14,0.0,0.0,,4,69,53.5,1,16,16.0,1,17.0,4.755415869718536,18.07222359016248,1,7.0,6.605932414616589,22.624901381921436
25,0.0,0.0,,8,27,14.375,1,18,18.0,3,37.0,36.07510953182376,239.64361086997533,0,0.0,0.0,0.0
26,0.0,0.0,,11,36,16.90909090909091,1,20,20.0,2,14.5,12.10617068889051,83.8147116050568,1,9.0,3.0377942688802078,20.149784165000383
9,0.0,0.0,,7,40,20.285714285714285,1,18,18.0,3,28.0,14.171975545269232,144.0333862624651,0,0.0,0.0,0.0
23,0.0,0.0,,2,98,70.0,0,0,0.0,1,66.0,33.66551648513699,265.0042868482578,0,0.0,0.0,0.0
17,1.0,0.0,,8,49,26.125,0,0,0.0,1,11.0,8.405348316888222,64.33815527572274,1,9.0,3.3050458388036352,16.817721869332164
1,1.0,0.0,,10,47,15.0,0,0,0.0,4,17.0,11.2231323243649,87.36450777059797,0,0.0,0.0,0.0
23,0.0,0.0,,10,34,19.5,1,42,42.0,1,23.0,5.839373077846413,45.83969664881573,0,0.0,0.0,0.0
4,0.0,0.0,,9,21,13.444444444444445,0,0,0.0,5,19.2,23.228466426559997,106.34678255970375,0,0.0,0.0,0.0
1,1.0,0.0,,10,37,18.4,2,78,46.0,2,18.5,1.7556850807647468,20.077929091755113,0,0.0,0.0,0.0
5,0.0,0.0,,7,63,23.857142857142858,0,0,0.0,1,62.0,2.3016926153398,16.681721314071066,0,0.0,0.0,0.0
4,0.0,0.0,,12,19,12.75,0,0,0.0,4,15.0,17.656465651832875,90.50687705832252,0,0.0,0.0,0.0
5,0.0,0.0,,10,36,20.1,0,0,0.0,2,9.0,21.434579931670466,98.84865640869505,0,0.0,0.0,0.0
9,0.0,0.0,,5,49,23.0,1,125,125.0,2,54.5,2.697619951498126,24.14496985651593,0,0.0,0.0,0.0
25,0.0,0.0,,8,18,12.0,1,15,15.0,2,59.5,30.679654605701394,350.6321978576667,0,0.0,0.0,0.0
14,0.0,0.0,,10,40,18.0,1,33,33.0,4,8.75,10.66796421179888,65.08026246036508,0,0.0,0.0,0.0
14,0.0,0.0,,3,132,65.33333333333333,1,18,18.0,2,18.0,9.785833531062373,34.17716859545284,1,9.5,6.490862827131245,8.740709254780338
4,0.0,0.0,,13,26,12.923076923076923,0,0,0.0,4,11.25,29.411915820975118,110.35672895790799,0,0.0,0.0,0.0
10,1.0,0.0,,7,46,27.428571428571427,1,13,13.0,3,8.666666666666666,24.17494282921496,102.25884431181686,0,0.0,0.0,0.0
4,0.0,0.0,,3,99,62.666666666666664,1,4,4.0,1,40.0,14.0982048461248,86.41570005737532,0,0.0,0.0,0.0
16,1.0,0.0,,5,53,33.4,0,0,0.0,1,60.0,22.718872316641512,74.28445730202986,0,0.0,0.0,0.0
17,1.0,0.0,,6,48,29.666666666666668,1,15,15.0,3,14.333333333333334,22.92505792160257,100.50176322327157,1,10.5,7.91859150945475,34.11428498737356
24,1.0,0.0,,12,25,14.666666666666666,0,0,0.0,2,19.5,10.1554263873348,50.071137289667526,1,10.0,3.6798419678102574,19.486688539151167
18,1.0,0.0,,10,33,18.0,0,0,0.0,2,18.5,21.29337815530405,125.47606498038544,0,0.0,0.0,0.0
18,1.0,0.0,,8,26,15.5,0,0,0.0,5,20.6,20.392200560147472,94.04922616259685,0,0.0,0.0,0.0
9,1.0,0.0,,11,41,15.818181818181818,1,16,16.0,4,12.0,16.207909733219466,93.0001328285022,1,7.0,3.8174901920559474,18.586122795807242
18,1.0,0.0,,13,26,11.076923076923077,1,8,8.0,4,17.0,26.7682769809531,176.0832301563167,0,0.0,0.0,0.0
12,0.0,0.0,,7,25,16.428571428571427,1,33,33.0,4,26.25,34.48750713193003,196.19420272748448,0,0.0,0.0,0.0
13,0.0,0.0,,5,38,27.8,2,20,18.0,3,29.0,22.849651286097473,108.13341207096147,0,0.0,0.0,0.0
12,1.0,0.0,,9,55,23.0,1,27,27.0,1,18.0,0.7127398493095517,12.116577438261952,0,0.0,0.0,0.0
14,0.0,0.0,,9,65,19.0,0,0,0.0,2,23.5,27.064264228874386,147.1335508568625,1,7.5,9.25896316858049,10.231483032142938
26,0.0,0.0,,7,19,10.0,0,0,0.0,3,50.333333333333336,21.076075123321996,137.9840810249141,0,0.0,0.0,0.0
25,0.0,0.0,,7,20,15.0,1,18,18.0,2,57.5,34.25891889398459,275.7021217538042,0,0.0,0.0,0.0
24,1.0,0.0,,9,30,21.0,0,0,0.0,2,15.5,18.44838816117888,51.08573037665484,0,0.0,0.0,0.0
1,1.0,0.0,,8,33,18.375,1,14,14.0,3,23.333333333333332,9.162913674158757,73.79163891678803,0,0.0,0.0,0.0
7,1.0,0.0,,6,82,27.833333333333332,1,143,143.0,2,26.5,1.3770165744547218,9.947759682210984,0,0.0,0.0,0.0
6,0.0,0.0,,5,48,34.0,1,122,122.0,3,19.0,3.717832107218543,11.089343769063928,0,0.0,0.0,0.0
19,1.0,0.0,,3,208,77.0,0,0,0.0,0,0.0,0.0,0.0,0,0.0,0.0,0.0
15,1.0,0.0,,8,31,24.125,1,30,30.0,1,17.0,18.1606653618154,50.30530102938913,0,0.0,0.0,0.0
13,1.0,0.0,,8,36,18.625,1,31,31.0,4,18.5,14.25045180261425,77.91019206604858,0,0.0,0.0,0.0
7,1.0,0.0,,6,82,32.0,1,143,143.0,2,14.0,1.3770165744547218,8.056024511052902,0,0.0,0.0,0.0
19,0.0,0.0,,4,76,52.5,1,25,25.0,1,16.0,5.148187716258522,77.2228157438775,0,0.0,0.0,0.0
13,0.0,0.0,,7,31,18.285714285714285,2,20,18.0,3,31.666666666666668,23.534581149784852,119.35417080296163,0,0.0,0.0,0.0
19,1.0,0.0,,10,29,15.6,1,10,10.0,2,32.0,23.824008634372355,179.61936707397183,0,0.0,0.0,0.0
15,1.0,0.0,,8,49,23.75,1,42,42.0,3,8.0,8.536750822394291,45.31350814569975,0,0.0,0.0,0.0
19,0.0,0.0,,6,63,26.166666666666668,1,27,27.0,3,22.0,17.965494812599765,112.06922364479205,2,8.25,3.411943296639702,20.824978803018855
22,0.0,0.0,,8,64,27.0,0,0,0.0,0,0.0,0.0,0.0,0,0.0,0.0,0.0
23,0.0,0.0,,5,137,34.8,0,0,0.0,3,19.0,17.39565861392111,119.84333534345166,1,6.5,3.0795016187115403,15.247944770523912
9,0.0,0.0,,4,87,50.0,1,22,22.0,2,13.5,1.4027307383460406,6.7248905384727955,2,8.5,6.768512229455467,26.404865824215587
9,0.0,0.0,,9,31,15.88888888888889,2,23,20.5,3,27.333333333333332,16.36669228686986,180.82452266609184,0,0.0,0.0,0.0
26,0.0,0.0,,9,22,13.777777777777779,0,0,0.0,2,45.5,35.05558858903642,251.9718206064887,0,0.0,0.0,0.0
24,1.0,0.0,,6,50,32.5,1,27,27.0,2,15.0,18.462821098396816,181.9864552714165,1,10.0,2.2373860223751287,12.743944131175994
7,1.0,0.0,,5,87,39.0,2,26,23.5,2,13.0,0.9821319855415154,11.63191562501838,0,0.0,0.0,0.0
22,0.0,0.0,,9,54,22.77777777777778,1,38,38.0,2,8.5,10.822544891479685,58.56286887508418,1,8.5,3.130402768927077,18.98758387914414
13,0.0,0.0,,5,104,36.8,0,0,0.0,2,20.0,11.321412282866568,29.955802985934493,0,0.0,0.0,0.0
3,1.0,0.0,,5,54,32.4,1,143,143.0,4,17.25,1.7701396512117422,16.50056955348105,0,0.0,0.0,0.0
23,0.0,0.0,,9,49,19.444444444444443,1,42,42.0,2,21.0,4.334258589386594,31.413530633325056,0,0.0,0.0,0.0
26,0.0,0.0,,12,34,16.25,1,29,29.0,1,15.0,1.8748861164038713,16.042339512425347,0,0.0,0.0,0.0
17,1.0,0.0,,8,67,21.125,0,0,0.0,2,28.0,8.525943335145612,30.643661235167023,2,7.5,4.17037705983323,16.300894253577333
3,0.0,0.0,,7,46,26.0,1,14,14.0,1,37.0,21.74317244885718,72.87106754892451,0,0.0,0.0,0.0
15,1.0,0.0,,11,24,13.454545454545455,1,39,39.0,5,15.4,13.048207194206649,69.3393140791968,0,0.0,0.0,0.0
4,0.0,0.0,,10,28,12.5,0,0,0.0,4,25.0,21.1478990132812,89.08819954606358,0,0.0,0.0,0.0
1,1.0,0.0,,8,69,20.5,1,18,18.0,3,20.0,14.229124600337151,80.66621521735789,1,9.5,2.872375488921439,12.800900798060646
4,0.0,0.0,,9,33,10.666666666666666,0,0,0.0,4,31.25,30.83964491085924,183.15158737306507,0,0.0,0.0,0.0
24,0.0,0.0,,6,40,20.833333333333332,0,0,0.0,2,49.5,29.57883472064455,147.40662689193968,0,0.0,0.0,0.0
1,1.0,0.0,,10,73,19.4,0,0,0.0,2,13.0,17.012975357099457,135.73695332044855,0,0.0,0.0,0.0
24,1.0,0.0,,8,31,17.375,0,0,0.0,5,17.4,22.213687352722165,133.14347792569325,0,0.0,0.0,0.0
25,0.0,0.0,,8,34,24.625,0,0,0.0,1,18.0,22.606492382287126,114.38862341070923,0,0.0,0.0,0.0
23,0.0,0.0,,2,101,71.5,0,0,0.0,1,66.0,33.66551648513699,265.0042868482578,0,0.0,0.0,0.0
4,0.0,0.0,,13,19,12.23076923076923,0,0,0.0,3,17.0,16.54974904824371,103.66084669829037,0,0.0,0.0,0.0
24,0.0,0.0,,9,52,20.666666666666668,0,0,0.0,4,10.25,15.818343706727621,55.47257599174762,0,0.0,0.0,0.0
6,0.0,0.0,,7,75,23.714285714285715,1,72,72.0,3,21.0,7.99833817748549,64.59631648748898,0,0.0,0.0,0.0
26,0.0,0.0,,2,183,110.5,0,0,0.0,1,13.0,16.52946670864287,34.81235835901147,1,18.5,8.047901488316553,36.75907619099982
14,0.0,0.0,,7,50,28.571428571428573,1,30,30.0,1,14.0,0.2071362637124437,2.6927714282612625,1,7.0,3.8610098219142417,20.649249378109758
6,0.0,0.0,,9,40,18.555555555555557,1,16,16.0,2,24.0,19.610036728680875,70.20933375997271,0,0.0,0.0,0.0
5,0.0,0.0,,9,33,17.77777777777778,0,0,0.0,2,24.0,16.71046891870093,53.866552942365146,0,0.0,0.0,0.0
25,0.0,0.0,,7,36,19.428571428571427,1,23,23.0,4,22.5,23.15335178953878,140.51391406650336,0,0.0,0.0,0.0
16,1.0,0.0,,6,58,29.5,0,0,0.0,2,25.0,24.505836037776504,114.62265244552935,0,0.0,0.0,0.0
4,0.0,0.0,,11,21,13.181818181818182,0,0,0.0,5,14.0,21.500172505233785,93.94983627295578,0,0.0,0.0,0.0
25,0.0,0.0,,10,31,12.9,1,138,138.0,4,20.25,3.6031843108562853,23.99385117219384,0,0.0,0.0,0.0
16,1.0,0.0,,10,41,19.6,1,5,5.0,3,8.666666666666666,20.145191570155223,81.48162752216162,0,0.0,0.0,0.0
6,0.0,0.0,,9,44,20.666666666666668,1,108,108.0,2,19.5,5.508084824608687,46.995514217853355,1,10.5,2.1895456517579683,17.156604675508984
4,0.0,0.0,,4,99,53.25,1,4,4.0,2,8.0,9.352109909054326,35.43094581427131,0,0.0,0.0,0.0
23,0.0,0.0,,2,188,106.5,0,0,0.0,1,21.0,26.29002607439207,89.90959046766255,0,0.0,0.0,0.0
19,1.0,0.0,,6,59,23.0,1,16,16.0,2,42.5,24.01744175086636,175.141594093638,1,7.0,2.0552868801726216,9.625571333470456
21,1.0,0.0,,7,37,19.0,2,35,35.0,4,23.25,16.253293629227176,108.42677194459,0,0.0,0.0,0.0
23,0.0,0.0,,8,137,26.625,0,0,0.0,1,13.0,5.500130811121115,60.27971907972311,2,7.25,3.666524982133138,16.989688523771974
26,0.0,0.0,,10,36,18.6,1,20,20.0,1,26.0,11.653457197264505,163.23716326315824,0,0.0,0.0,0.0
13,1.0,0.0,,7,36,22.285714285714285,1,120,120.0,2,34.0,12.780034243733008,159.4117085207673,0,0.0,0.0,0.0
21,0.0,0.0,,5,54,34.4,0,0,0.0,1,53.0,29.28493032874586,165.6033325620023,0,0.0,0.0,0.0
11,0.0,0.0,,10,26,12.1,2,17,13.5,5,19.4,31.861064089103444,160.928209049925,0,0.0,0.0,0.0
8,1.0,0.0,,9,65,19.444444444444443,0,0,0.0,2,19.0,15.229865069713492,50.43839177905049,0,0.0,0.0,0.0
2,0.0,0.0,,8,37,14.25,1,21,21.0,6,18.5,14.669408977774898,125.99824476559803,0,0.0,0.0,0.0
9,0.0,0.0,,6,95,37.666666666666664,0,0,0.0,0,0.0,0.0,0.0,0,0.0,0.0,0.0
2,1.0,0.0,,7,72,28.571428571428573,1,6,6.0,3,9.333333333333334,19.130300066302528,87.63101385605609,2,7.75,6.4392817206045585,23.690453432784622
19,0.0,0.0,,3,75,55.666666666666664,2,25,21.5,3,21.0,7.814690337431808,52.179353537096496,0,0.0,0.0,0.0
17,1.0,0.0,,6,44,26.0,0,0,0.0,3,24.666666666666668,24.81453690241332,136.89299406358975,0,0.0,0.0,0.0
1,1.0,0.0,,8,45,17.5,1,41,41.0,5,16.0,16.30128526113238,68.13609926347667,0,0.0,0.0,0.0
23,0.0,0.0,,8,137,26.25,0,0,0.0,2,9.0,20.074691452540833,120.24665256896147,2,7.25,3.666524982133138,16.989688523771974
24,0.0,0.0,,6,40,22.666666666666668,0,0,0.0,2,44.0,29.57883472064455,147.40662689193968,0,0.0,0.0,0.0
23,0.0,0.0,,7,28,17.714285714285715,1,46,46.0,5,20.0,19.165689598468596,106.14525233763827,0,0.0,0.0,0.0
1,1.0,0.0,,11,36,16.727272727272727,0,0,0.0,0,0.0,0.0,0.0,1,8.0,6.897591146580416,17.651311617965664
24,1.0,0.0,,6,54,27.0,0,0,0.0,3,22.666666666666668,29.414664647301986,129.6233552959517,0,0.0,0.0,0.0
23,0.0,0.0,,2,118,80.0,0,0,0.0,2,37.0,34.7623128623379,239.71602887545862,0,0.0,0.0,0.0
12,1.0,0.0,,9,34,21.11111111111111,1,27,27.0,2,18.0,12.024793379512738,36.3237978825749,0,0.0,0.0,0.0
8,1.0,0.0,,11,28,12.090909090909092,0,0,0.0,4,20.75,24.64662730341019,150.51023718603506,0,0.0,0.0,0.0
4,0.0,0.0,,11,19,12.636363636363637,0,0,0.0,4,18.5,20.80001506766212,188.80711588764962,0,0.0,0.0,0.0
16,1.0,0.0,,10,64,20.8,1,16,16.0,2,6.5,7.056119645296226,23.91941112339044,0,0.0,0.0,0.0
8,1.0,0.0,,10,30,12.6,0,0,0.0,3,30.333333333333332,24.439191325460417,167.06830501253714,0,0.0,0.0,0.0
4,0.0,0.0,,7,24,13.857142857142858,0,0,0.0,4,31.75,29.339778617039784,154.34796693993488,0,0.0,0.0,0.0
9,1.0,0.0,,9,45,20.666666666666668,1,15,15.0,4,8.25,13.220194470549469,35.94599038324094,0,0.0,0.0,0.0
14,0.0,0.0,,6,68,36.333333333333336,0,0,0.0,1,6.0,1.7129092851620638,6.426833279416856,0,0.0,0.0,0.0
19,0.0,0.0,,8,28,13.125,1,16,16.0,4,28.75,21.973609161039196,182.40525259638875,0,0.0,0.0,0.0
22,0.0,0.0,,2,67,59.0,0,0,0.0,1,116.0,7.3904838913981585,26.505763635019047,0,0.0,0.0,0.0
8,1.0,0.0,,8,61,18.25,1,15,15.0,2,38.5,11.148554045775171,186.6662468578899,0,0.0,0.0,0.0
24,0.0,0.0,,10,52,18.8,0,0,0.0,4,7.0,14.272847055799549,51.28865169778688,0,0.0,0.0,0.0
25,0.0,0.0,,6,71,25.666666666666668,1,23,23.0,3,24.666666666666668,7.810192477637043,107.16979552442832,0,0.0,0.0,0.0
9,1.0,0.0,,5,104,39.8,0,0,0.0,3,8.666666666666666,15.29437115094013,72.21820356335621,0,0.0,0.0,0.0
24,1.0,0.0,,9,35,19.444444444444443,0,0,0.0,4,13.0,29.16879211199294,145.65624661523316,0,0.0,0.0,0.0
2,0.0,0.0,,10,31,15.1,1,48,48.0,6,12.0,12.371807879557268,66.63653422124557,0,0.0,0.0,0.0
24,1.0,0.0,,10,35,18.0,0,0,0.0,2,20.5,26.74482109664291,222.13701915906574,0,0.0,0.0,0.0
4,0.0,0.0,,10,36,18.4,1,85,85.0,3,13.0,13.515802048850247,54.65730897812929,0,0.0,0.0,0.0
6,0.0,0.0,,9,37,16.555555555555557,0,0,0.0,2,31.5,31.06084784036336,237.25412094162624,0,0.0,0.0,0.0
4,0.0,0.0,,6,92,30.0,0,0,0.0,3,14.0,15.948503047016686,74.27408731485524,1,7.5,4.731848741070685,9.688138465394466
17,1.0,0.0,,5,49,35.4,0,0,0.0,3,15.333333333333334,21.088234103109365,128.70835031002483,0,0.0,0.0,0.0
23,0.0,0.0,,8,47,24.5,1,42,42.0,2,13.5,12.861442842202164,70.19668437845539,0,0.0,0.0,0.0
1,1.0,0.0,,5,83,40.6,1,7,7.0,2,8.5,10.106387770841884,46.22645821085806,0,0.0,0.0,0.0
9,0.0,0.0,,6,43,33.666666666666664,1,22,22.0,1,16.0,0.5286273514901115,7.92941027235101,1,7.0,6.2907091437571525,14.439816613762257
18,1.0,0.0,,5,37,26.0,1,9,9.0,2,47.5,17.73649591804187,168.31664669720627,0,0.0,0.0,0.0
16,1.0,0.0,,5,53,33.4,0,0,0.0,2,30.0,22.758653066048105,67.32702186338332,0,0.0,0.0,0.0
12,0.0,0.0,,8,66,23.0,0,0,0.0,2,18.5,20.904011704296984,104.95541290344292,1,9.0,2.6544264307359424,20.35947198173222
17,1.0,0.0,,9,26,16.666666666666668,1,19,19.0,3,21.333333333333332,20.208873797925893,119.0895197491169,2,7.25,3.8774898241552447,20.002845988163152
3,1.0,0.0,,5,49,36.6,1,13,13.0,2,24.0,17.99285939110063,101.0258240737497,0,0.0,0.0,0.0
16,0.0,0.0,,7,29,16.285714285714285,1,38,38.0,5,23.0,20.63058172710307,123.73579530612702,0,0.0,0.0,0.0
22,0.0,0.0,,10,50,18.2,1,34,34.0,2,17.0,5.6350496541468456,60.83299145096023,0,0.0,0.0,0.0
24,1.0,0.0,,12,28,16.083333333333332,0,0,0.0,2,12.5,26.984129963658898,144.88829474369308,2,8.5,4.038349226010971,22.64120291365429
6,0.0,0.0,,10,40,14.1,0,0,0.0,4,18.25,21.985402891962494,114.77222441533101,0,0.0,0.0,0.0
6,0.0,0.0,,11,25,14.545454545454545,1,20,20.0,3,17.666666666666668,10.509723545068976,50.5437584126249,1,9.0,3.725714886517573,22.508808225440895
10,1.0,0.0,,6,49,34.5,1,18,18.0,1,17.0,4.934805588039438,78.95688940863057,0,0.0,0.0,0.0
23,0.0,0.0,,8,25,16.875,1,47,47.0,6,15.5,17.5824905213442,111.78851595390371,0,0.0,0.0,0.0
8,1.0,0.0,,12,22,10.083333333333334,1,15,15.0,5,19.8,17.117559796682702,140.11773831073884,0,0.0,0.0,0.0
17,1.0,0.0,,6,78,36.666666666666664,0,0,0.0,0,0.0,0.0,0.0,2,7.5,4.17037705983323,16.300894253577333
17,1.0,0.0,,10,26,12.2,1,46,46.0,4,23.5,29.92439995694874,148.2694439879368,0,0.0,0.0,0.0
21,1.0,0.0,,7,34,17.857142857142858,0,0,0.0,3,30.666666666666668,28.07243701514815,192.5942189297707,0,0.0,0.0,0.0
14,0.0,0.0,,5,99,36.0,1,17,17.0,3,17.0,16.60116721778049,117.40077133586682,1,7.0,2.919447984136573,10.722008364503797
2,0.0,0.0,,10,22,10.2,1,27,27.0,6,20.166666666666668,13.52014406531506,113.48886226589515,0,0.0,0.0,0.0
12,0.0,0.0,,8,32,15.75,0,0,0.0,5,19.0,24.61622633858886,157.00803036121619,0,0.0,0.0,0.0
7,0.0,0.0,,5,65,41.0,0,0,0.0,1,17.0,28.014020904726305,130.19032893086634,1,9.5,3.5334913694876717,14.06372727755522
23,0.0,0.0,,6,95,28.166666666666668,1,46,46.0,3,19.0,15.851046430972517,118.69613964898075,1,8.0,3.396131543119771,11.939331236308256
23,0.0,0.0,,4,42,24.5,1,56,56.0,3,44.0,28.556711267926858,232.4654163272503,0,0.0,0.0,0.0
22,0.0,0.0,,8,51,25.75,1,30,30.0,1,7.0,23.992126904358763,80.01967139358669,0,0.0,0.0,0.0
2,1.0,0.0,,3,166,66.0,2,23,14.5,2,17.5,8.295656684756372,70.38964502243779,1,7.5,4.194340384022667,13.940721337251063
18,1.0,0.0,,7,18,9.571428571428571,1,5,5.0,4,40.5,26.552288741781304,219.1901272766537,1,7.0,4.561164565443121,19.34884730174577
3,0.0,0.0,,13,29,14.923076923076923,1,11,11.0,3,8.333333333333334,20.00223536261859,97.77303075858237,1,8.0,3.1299262371675636,15.475253290042025
14,0.0,0.0,,4,94,52.75,0,0,0.0,2,6.5,13.632974561754475,31.10358088885109,0,0.0,0.0,0.0
19,1.0,0.0,,11,30,13.909090909090908,1,44,44.0,4,16.75,19.241863806046332,112.04105189231686,0,0.0,0.0,0.0
25,0.0,0.0,,9,38,15.0,1,68,68.0,3,30.666666666666668,23.772068873098238,239.9168279078783,0,0.0,0.0,0.0
14,0.0,0.0,,6,59,22.666666666666668,1,21,21.0,1,82.0,32.815217627313615,213.6024089411692,0,0.0,0.0,0.0
21,0.0,0.0,,7,67,28.428571428571427,1,8,8.0,2,15.0,20.97480036536642,86.84463110965223,0,0.0,0.0,0.0
7,1.0,0.0,,5,106,43.0,1,22,22.0,0,0.0,0.0,0.0,0,0.0,0.0,0.0
4,0.0,0.0,,3,83,63.0,0,0,0.0,1,38.0,25.38483318165924,67.74412332171356,0,0.0,0.0,0.0
19,1.0,0.0,,5,26,15.2,0,0,0.0,5,31.0,19.733220151280403,169.63105701101853,0,0.0,0.0,0.0
14,0.0,0.0,,5,63,40.0,1,30,30.0,1,29.0,13.335395594979854,347.47468388582195,0,0.0,0.0,0.0
2,0.0,0.0,,11,22,10.363636363636363,1,137,137.0,6,18.0,8.674423794253462,59.13275782288969,0,0.0,0.0,0.0
14,0.0,0.0,,7,23,12.714285714285714,1,89,89.0,3,46.666666666666664,4.769067791767248,36.215039296134385,0,0.0,0.0,0.0
3,0.0,0.0,,11,48,16.454545454545453,1,53,53.0,4,10.25,20.96691899592793,86.84018282613935,1,8.0,3.3178576225006755,16.920476884394514
4,0.0,0.0,,13,19,11.615384615384615,0,0,0.0,4,15.5,24.662756479063383,98.40108554708188,0,0.0,0.0,0.0
21,1.0,0.0,,12,29,10.833333333333334,0,0,0.0,6,14.833333333333334,16.134267581432415,93.25464532763374,1,8.0,3.642798978783072,18.20700401450663
5,0.0,0.0,,7,53,22.571428571428573,0,0,0.0,2,20.0,42.63035776149535,268.09152491488993,0,0.0,0.0,0.0
8,1.0,0.0,,8,51,21.25,1,67,67.0,3,17.666666666666668,27.159971863629554,163.86527247051785,0,0.0,0.0,0.0
24,1.0,0.0,,9,28,16.555555555555557,0,0,0.0,5,15.2,22.430422669453886,124.16759812428954,0,0.0,0.0,0.0
21,1.0,0.0,,7,44,21.0,1,10,10.0,3,23.0,38.98697621506587,347.8435419895877,0,0.0,0.0,0.0
24,1.0,0.0,,9,35,17.0,0,0,0.0,5,14.4,25.051199908127145,128.04225202242316,0,0.0,0.0,0.0
6,0.0,0.0,,4,62,29.0,1,177,177.0,4,29.0,7.966117631033143,44.556832795765374,0,0.0,0.0,0.0
26,0.0,0.0,,10,16,10.5,0,0,0.0,4,27.25,22.33050589488393,112.94940946207129,0,0.0,0.0,0.0
7,0.0,0.0,,3,82,59.0,1,21,21.0,3,18.333333333333332,20.05761988354101,88.27140223185523,1,9.0,4.0158585503654205,20.630492197951003
4,0.0,0.0,,7,42,17.0,0,0,0.0,4,25.75,22.450612530649483,138.00087625238126,0,0.0,0.0,0.0
23,0.0,0.0,,1,104,104.0,0,0,0.0,1,131.0,5.204740625407418,27.877530158739177,1,9.0,2.0730078361601163,11.712883848497153
18,1.0,0.0,,9,26,16.11111111111111,0,0,0.0,3,26.0,15.752015735965008,79.42782247247662,0,0.0,0.0,0.0
6,0.0,0.0,,10,26,15.4,1,18,18.0,4,16.0,14.771042330443244,54.31292881130144,1,9.0,3.725714886517573,22.508808225440895
4,0.0,0.0,,7,42,17.0,0,0,0.0,4,25.75,29.832798927970614,164.6570492958709,0,0.0,0.0,0.0
12,1.0,0.0,,9,34,20.555555555555557,1,27,27.0,2,20.5,12.024793379512738,38.75569236343084,0,0.0,0.0,0.0
2,1.0,0.0,,5,45,34.6,0,0,0.0,1,53.0,18.01057433636681,69.97142525033412,0,0.0,0.0,0.0
13,1.0,0.0,,4,124,42.75,1,16,16.0,2,30.5,19.586102159456132,197.40313184515162,0,0.0,0.0,0.0
17,1.0,0.0,,9,37,20.444444444444443,0,0,0.0,3,10.666666666666666,21.53789342960221,89.48435128053227,0,0.0,0.0,0.0
14,0.0,0.0,,7,58,22.714285714285715,1,122,122.0,4,16.0,4.753985422309137,21.666587978707575,0,0.0,0.0,0.0
18,1.0,0.0,,7,26,16.285714285714285,1,17,17.0,3,37.333333333333336,21.953924186173182,239.0251014836092,0,0.0,0.0,0.0
14,0.0,0.0,,3,137,67.0,1,18,18.0,2,15.5,9.785833531062373,34.07220300650182,1,9.5,6.490862827131245,8.740709254780338
7,0.0,0.0,,4,51,36.75,0,0,0.0,1,75.0,12.7023325238673,28.867412786740303,0,0.0,0.0,0.0
23,0.0,0.0,,6,27,13.666666666666666,1,56,56.0,5,28.6,23.321244786434512,228.03735075233377,0,0.0,0.0,0.0
3,1.0,0.0,,8,34,17.875,2,17,12.0,2,35.0,29.49711525648035,165.59075385736844,1,7.5,5.2194908011585825,8.028247937431214
18,1.0,0.0,,6,44,22.833333333333332,1,9,9.0,1,88.0,31.98028555805415,322.0499580974185,0,0.0,0.0,0.0
9,0.0,0.0,,12,28,15.416666666666666,0,0,0.0,4,9.75,12.731366983811851,53.58214016200026,0,0.0,0.0,0.0
14,0.0,0.0,,7,61,23.142857142857142,1,122,122.0,3,17.666666666666668,0.5242213993632551,8.737023322720598,0,0.0,0.0,0.0
24,1.0,0.0,,12,28,16.833333333333332,0,0,0.0,1,15.0,30.41068048418851,215.93835875372156,2,8.5,4.038349226010971,22.64120291365429
17,1.0,0.0,,10,38,14.5,0,0,0.0,5,14.6,20.621389382812314,108.88917989563679,0,0.0,0.0,0.0
11,0.0,0.0,,11,31,13.636363636363637,0,0,0.0,3,22.0,29.24183429197147,180.9516739050599,0,0.0,0.0,0.0
13,1.0,0.0,,8,36,21.25,1,115,115.0,3,17.666666666666668,11.022396715007318,79.53542237910466,0,0.0,0.0,0.0
7,0.0,0.0,,4,87,50.5,0,0,0.0,2,14.0,14.207005684422963,37.176032859506975,1,7.5,2.6377400609662764,10.82227282909825
3,1.0,0.0,,5,60,33.6,1,143,143.0,4,15.75,1.7701396512117422,16.055490908182172,0,0.0,0.0,0.0
17,1.0,0.0,,6,32,19.833333333333332,0,0,0.0,3,36.0,27.04317326462379,154.6713574490943,0,0.0,0.0,0.0
24,0.0,0.0,,11,52,17.727272727272727,0,0,0.0,3,6.666666666666667,18.53037471788884,66.05522977282635,0,0.0,0.0,0.0
24,1.0,0.0,,6,73,32.333333333333336,0,0,0.0,1,30.0,2.3001596598821683,23.056793120129143,0,0.0,0.0,0.0
24,0.0,0.0,,8,54,22.75,1,13,13.0,2,23.0,19.282368483765687,145.7414429780087,0,0.0,0.0,0.0
6,0.0,0.0,,10,40,15.0,0,0,0.0,3,19.666666666666668,20.070022736878943,124.79076362440561,0,0.0,0.0,0.0
4,0.0,0.0,,10,21,11.8,0,0,0.0,5,21.2,24.34379476364388,101.52146248436522,0,0.0,0.0,0.0
16,0.0,0.0,,5,89,29.8,1,38,38.0,4,20.5,15.217069439164257,78.70581912813705,0,0.0,0.0,0.0
5,0.0,0.0,,10,28,12.8,1,3,3.0,4,22.5,24.983553837765662,165.4566173359348,0,0.0,0.0,0.0
6,0.0,0.0,,10,40,17.5,0,0,0.0,2,17.5,26.850640055583035,134.84625434943942,0,0.0,0.0,0.0
24,0.0,0.0,,10,41,18.6,0,0,0.0,4,7.5,25.848697070667967,145.37695612201614,0,0.0,0.0,0.0
19,0.0,0.0,,4,63,47.0,2,27,26.0,2,18.5,4.260706965924248,74.11863152850675,0,0.0,0.0,0.0
21,0.0,0.0,,4,127,53.0,0,0,0.0,1,8.0,14.366358855799849,47.21730632207337,0,0.0,0.0,0.0
25,0.0,0.0,,4,46,19.5,2,19,17.5,3,50.333333333333336,32.41835433619112,302.2145018888241,1,12.5,5.57414860040645,24.140264635456653
14,0.0,0.0,,11,53,15.545454545454545,0,0,0.0,2,22.0,19.899315759833847,99.34945490011566,0,0.0,0.0,0.0
26,0.0,0.0,,12,36,12.0,0,0,0.0,3,24.333333333333332,25.892142047275104,109.0037175443495,0,0.0,0.0,0.0
3,1.0,0.0,,9,33,16.555555555555557,2,17,12.0,2,32.0,29.49711525648035,164.91201018850774,0,0.0,0.0,0.0
3,1.0,0.0,,11,40,17.272727272727273,0,0,0.0,3,10.666666666666666,18.636061187389277,65.70094608480082,1,9.0,2.427503575238038,17.31488920998055
21,0.0,0.0,,8,52,20.375,1,102,102.0,4,14.5,5.68947138337677,28.55511987987262,0,0.0,0.0,0.0
24,1.0,0.0,,5,62,43.8,0,0,0.0,1,7.0,27.035975227809946,146.40000440253783,1,10.0,2.2373860223751287,12.743944131175994
22,0.0,0.0,,2,134,83.0,0,0,0.0,1,64.0,15.768817157755675,105.57984595542545,0,0.0,0.0,0.0
6,0.0,0.0,,10,28,16.4,1,20,20.0,5,10.8,12.340293337029058,54.28108134941537,0,0.0,0.0,0.0
22,0.0,0.0,,11,32,12.181818181818182,1,30,30.0,4,22.25,19.634251639099674,97.95714806571084,0,0.0,0.0,0.0
6,0.0,0.0,,6,61,22.666666666666668,1,72,72.0,4,23.25,18.8434007992235,146.10907450935954,0,0.0,0.0,0.0
9,1.0,0.0,,8,55,23.875,1,155,155.0,2,14.5,0.4946043786280265,6.677159111478011,0,0.0,0.0,0.0
13,0.0,0.0,,5,104,42.6,0,0,0.0,1,6.0,3.070417741651637,15.560352430161773,0,0.0,0.0,0.0
3,1.0,0.0,,12,21,13.5,1,17,17.0,3,20.333333333333332,22.93137934289142,102.77388887973264,1,9.0,2.8992476959414386,19.08318874461412
3,1.0,0.0,,6,40,27.333333333333332,1,191,191.0,3,22.0,0.768498811777579,9.60173958760045,0,0.0,0.0,0.0
6,0.0,0.0,,11,29,11.454545454545455,0,0,0.0,3,29.333333333333332,22.80149641079552,200.97233056622545,0,0.0,0.0,0.0
2,0.0,0.0,,9,37,16.88888888888889,2,50,33.5,5,15.0,9.619923371125951,101.7708331682874,0,0.0,0.0,0.0
12,0.0,0.0,,8,82,26.75,0,0,0.0,2,7.0,24.65658378980039,117.6987759318964,1,7.0,3.957454929002113,16.241290204614828
16,1.0,0.0,,5,84,37.2,1,16,16.0,1,39.0,32.25601931478026,163.29547774252106,0,0.0,0.0,0.0
2,1.0,0.0,,17,22,10.647058823529411,1,12,12.0,3,10.333333333333334,18.90725850702312,121.62455097683035,1,7.0,3.4009791162050895,15.80764186141105
6,0.0,0.0,,8,28,17.125,1,99,99.0,4,20.25,20.149845915038092,128.8014818120155,0,0.0,0.0,0.0
13,0.0,0.0,,8,30,17.375,0,0,0.0,3,28.333333333333332,35.117889936981406,208.70784594634293,0,0.0,0.0,0.0
1,1.0,0.0,,9,41,19.333333333333332,1,73,73.0,2,20.0,6.832758101951486,76.59812696492419,1,9.5,3.739142382598437,22.339777463902955
24,1.0,0.0,,9,36,22.0,0,0,0.0,2,10.0,10.62390198152547,29.21234470264597,0,0.0,0.0,0.0
18,1.0,0.0,,7,18,11.142857142857142,1,5,5.0,5,29.4,25.645986967047882,167.46301932672512,0,0.0,0.0,0.0
13,1.0,0.0,,6,34,18.666666666666668,1,119,119.0,3,38.666666666666664,9.146499447590543,103.52223387186274,0,0.0,0.0,0.0
14,0.0,0.0,,8,40,23.375,1,23,23.0,2,13.5,21.474037352804014,146.0615508133283,0,0.0,0.0,0.0
19,1.0,0.0,,10,29,15.4,1,10,10.0,3,22.333333333333332,18.87573946218937,143.78537655449523,0,0.0,0.0,0.0
7,1.0,0.0,,1,74,74.0,1,26,26.0,1,161.0,4.093924490029022,18.883826092073505,0,0.0,0.0,0.0
14,0.0,0.0,,8,32,18.625,1,122,122.0,4,17.5,0.7707397715469215,8.381969601025695,0,0.0,0.0,0.0
19,0.0,0.0,,4,76,52.5,1,25,25.0,1,16.0,5.148187716258522,77.2228157438775,0,0.0,0.0,0.0
26,0.0,0.0,,11,34,12.818181818181818,0,0,0.0,3,24.0,27.02367690224077,117.4059000421314,0,0.0,0.0,0.0
24,0.0,0.0,,6,40,26.333333333333332,0,0,0.0,2,33.0,29.888800059626234,129.92202192981256,0,0.0,0.0,0.0
18,1.0,0.0,,4,44,35.0,0,0,0.0,1,79.0,38.07132977379384,172.85217073707463,0,0.0,0.0,0.0
16,0.0,0.0,,6,37,17.166666666666668,1,36,36.0,4,30.75,16.420494761402413,126.04512197456916,0,0.0,0.0,0.0
13,1.0,0.0,,2,103,78.5,1,14,14.0,2,38.5,16.300982563666444,94.06818171440335,0,0.0,0.0,0.0
14,0.0,0.0,,6,39,32.333333333333336,0,0,0.0,1,31.0,17.06274290907954,68.74672701004947,0,0.0,0.0,0.0
3,1.0,0.0,,8,40,27.125,0,0,0.0,0,0.0,0.0,0.0,0,0.0,0.0,0.0
24,0.0,0.0,,5,114,43.6,0,0,0.0,0,0.0,0.0,0.0,1,10.5,1.53821016202608,12.63016805800726
14,0.0,0.0,,11,22,12.181818181818182,0,0,0.0,2,40.5,19.899315759833847,99.58526229442452,0,0.0,0.0,0.0
13,1.0,0.0,,6,47,23.333333333333332,1,24,24.0,2,45.0,25.49032298145486,194.75984198353495,0,0.0,0.0,0.0
7,0.0,0.0,,4,61,43.0,0,0,0.0,1,50.0,12.7023325238673,28.190348760154563,0,0.0,0.0,0.0
22,0.0,0.0,,3,124,71.66666666666667,0,0,0.0,1,18.0,13.323850054471082,30.584825536945303,0,0.0,0.0,0.0
5,0.0,0.0,,11,23,13.363636363636363,1,17,17.0,6,12.833333333333334,24.419410946434898,114.77453517768258,1,8.0,3.4534878775174174,19.72428263386395
23,0.0,0.0,,6,15,9.833333333333334,0,0,0.0,3,56.0,24.396814799842215,197.91889913198125,0,0.0,0.0,0.0
2,1.0,0.0,,15,24,11.6,1,12,12.0,5,9.4,16.631378877300406,95.06270204980355,0,0.0,0.0,0.0
4,0.0,0.0,,9,19,11.444444444444445,0,0,0.0,3,38.333333333333336,33.48829831840335,177.57613047918574,0,0.0,0.0,0.0
23,0.0,0.0,,2,132,110.0,0,0,0.0,1,14.0,1.8000122070726419,6.900514546212084,2,9.0,2.9577756422621855,13.873965167724446
7,0.0,0.0,,5,87,42.0,0,0,0.0,1,15.0,29.315582185437105,158.4332186859937,1,7.5,2.6377400609662764,10.82227282909825
3,0.0,0.0,,11,32,14.272727272727273,0,0,0.0,5,12.6,17.28472427540768,92.83936356425245,0,0.0,0.0,0.0
9,0.0,0.0,,5,55,24.0,1,16,16.0,1,108.0,32.87604227623835,124.83573734057798,0,0.0,0.0,0.0
14,0.0,0.0,,10,65,17.6,0,0,0.0,2,20.5,14.987458760806321,118.26361462380132,1,7.5,9.25896316858049,10.231483032142938
1,1.0,0.0,,7,68,29.0,0,0,0.0,2,13.0,12.372728408931499,44.755702472305906,0,0.0,0.0,0.0
23,0.0,0.0,,7,15,9.571428571428571,0,0,0.0,4,39.75,24.890914807202233,161.0360942145506,0,0.0,0.0,0.0
1,1.0,0.0,,5,82,35.0,2,12,9.5,2,22.5,12.383363329392038,85.03387607141892,1,12.5,15.14477255928467,29.257692790415184
21,0.0,0.0,,7,54,29.142857142857142,0,0,0.0,1,17.0,16.791202517265997,76.80750855934606,0,0.0,0.0,0.0
17,1.0,0.0,,7,39,21.0,0,0,0.0,3,26.0,19.454221679969628,121.70541868764305,0,0.0,0.0,0.0
12,0.0,0.0,,12,25,12.333333333333334,0,0,0.0,6,12.0,28.885517537482382,131.11554203179855,0,0.0,0.0,0.0
10,1.0,0.0,,11,50,14.454545454545455,1,20,20.0,6,9.833333333333334,17.790173211301354,86.6575024858734,2,10.0,3.369609990743708,22.699652056381588
3,1.0,0.0,,9,34,17.0,2,17,12.0,2,31.0,29.49711525648035,164.71173930162882,1,7.5,5.2194908011585825,8.028247937431214
23,0.0,0.0,,6,43,18.666666666666668,1,46,46.0,4,28.75,14.63799878390747,87.39241426274263,0,0.0,0.0,0.0
3,0.0,0.0,,12,35,15.833333333333334,1,11,11.0,3,10.0,16.668744488374333,78.17386707865414,1,8.0,3.1299262371675636,15.475253290042025
7,0.0,0.0,,5,73,40.6,0,0,0.0,1,15.0,23.444159470897997,66.85696166525554,1,9.0,10.223207255775847,39.32510125723425
13,0.0,0.0,,6,30,16.333333333333332,1,30,30.0,4,32.75,33.290665520944074,174.60368285930087,0,0.0,0.0,0.0
17,1.0,0.0,,10,53,18.7,1,22,22.0,3,11.666666666666666,12.87690462645846,39.82886837687861,0,0.0,0.0,0.0
14,0.0,0.0,,6,86,28.5,1,20,20.0,4,14.75,18.725630450187644,104.03780858849348,1,7.5,2.919447984136573,10.722008364503797
4,0.0,0.0,,3,83,52.666666666666664,0,0,0.0,2,35.5,9.945521799595323,38.843463699156956,0,0.0,0.0,0.0
14,0.0,0.0,,9,40,21.444444444444443,1,33,33.0,3,7.666666666666667,13.238770226647496,74.11660008770308,0,0.0,0.0,0.0
23,0.0,0.0,,2,132,100.5,0,0,0.0,1,33.0,5.204740625407418,23.703877196403056,1,9.5,2.0730078361601163,12.223109065474809
24,0.0,0.0,,10,52,20.6,0,0,0.0,2,7.0,12.88232389191708,57.91048439151464,1,7.0,3.076225522835357,18.29897309174285
14,0.0,0.0,,7,39,23.714285714285715,0,0,0.0,3,20.0,15.806298376064404,91.0887787917701,0,0.0,0.0,0.0
7,0.0,0.0,,4,87,50.5,0,0,0.0,1,25.0,16.95600560390511,51.255785308252065,1,7.5,2.6377400609662764,10.82227282909825
17,1.0,0.0,,5,32,23.2,0,0,0.0,2,56.0,36.9505602805216,206.53234648289163,0,0.0,0.0,0.0
12,1.0,0.0,,12,51,17.083333333333332,0,0,0.0,1,8.0,20.14703773567362,68.72421291314585,0,0.0,0.0,0.0
22,0.0,0.0,,6,65,36.0,0,0,0.0,2,7.0,17.689585987202964,91.4500819987081,0,0.0,0.0,0.0
2,1.0,0.0,,16,24,11.375,1,12,12.0,4,9.75,19.5654818162267,113.36449020884113,1,7.0,3.4009791162050895,15.80764186141105
5,0.0,0.0,,8,70,18.0,1,3,3.0,4,19.0,23.996391793422916,161.7810077490093,0,0.0,0.0,0.0
4,0.0,0.0,,9,35,13.333333333333334,0,0,0.0,6,16.5,18.207203645244096,91.36919956562714,0,0.0,0.0,0.0
3,0.0,0.0,,8,42,19.25,1,14,14.0,3,21.666666666666668,18.42482952043242,79.36753703878809,1,7.0,3.859526759224662,21.253241051091752
6,0.0,0.0,,8,75,22.0,1,15,15.0,4,12.75,12.544874445781263,97.6258154218333,0,0.0,0.0,0.0
14,0.0,0.0,,10,29,17.5,1,21,21.0,3,16.0,11.929116060745026,58.73024474099307,0,0.0,0.0,0.0
24,0.0,0.0,,10,27,12.6,1,27,27.0,5,17.6,22.992934278282853,155.07718611400725,0,0.0,0.0,0.0
3,1.0,0.0,,11,33,12.818181818181818,2,17,12.0,3,23.666666666666668,19.034472007801607,108.73203069754125,1,9.0,2.8992476959414386,19.08318874461412
2,1.0,0.0,,16,24,10.625,1,12,12.0,5,9.2,16.388351696690375,94.6088542391488,1,7.0,3.4009791162050895,15.80764186141105
19,1.0,0.0,,4,26,16.0,0,0,0.0,4,42.0,24.206753859963786,217.88443045397463,0,0.0,0.0,0.0
24,1.0,0.0,,11,41,18.09090909090909,1,27,27.0,1,23.0,9.88967755183162,217.57290614029517,0,0.0,0.0,0.0
6,0.0,0.0,,9,35,19.88888888888889,1,16,16.0,1,35.0,36.042997022654696,123.82457005364824,0,0.0,0.0,0.0
2,1.0,0.0,,2,65,38.5,1,23,23.0,2,78.5,5.0163172313163615,16.391453684070214,0,0.0,0.0,0.0
14,0.0,0.0,,11,27,16.454545454545453,1,21,21.0,4,9.0,14.632202188845767,64.92133592139135,0,0.0,0.0,0.0
12,0.0,0.0,,11,32,13.545454545454545,0,0,0.0,3,25.333333333333332,22.75450794313768,99.58160669124406,2,8.0,3.3059406798690274,18.300381093173524
19,1.0,0.0,,1,38,38.0,0,0,0.0,1,197.0,5.235187759658249,24.31535404556197,0,0.0,0.0,0.0
26,0.0,0.0,,11,33,12.545454545454545,0,0,0.0,3,24.0,19.306316227830724,98.49103033963752,0,0.0,0.0,0.0
3,0.0,0.0,,11,37,17.272727272727273,1,11,11.0,3,9.0,26.13307207778134,128.45558520433818,0,0.0,0.0,0.0
7,1.0,0.0,,4,104,45.25,1,22,22.0,1,38.0,20.67624527160342,52.26172437029135,0,0.0,0.0,0.0
5,0.0,0.0,,6,37,24.833333333333332,0,0,0.0,1,81.0,5.126795245419089,24.452910200674673,1,7.0,2.370808309372772,12.538616321542552
8,1.0,0.0,,11,18,10.545454545454545,1,18,18.0,5,21.2,23.972375855540047,128.71367571831948,0,0.0,0.0,0.0
18,1.0,0.0,,8,24,12.875,1,17,17.0,3,40.666666666666664,30.247753328203302,297.8156999491376,0,0.0,0.0,0.0
21,0.0,0.0,,5,54,35.6,0,0,0.0,1,47.0,29.28493032874586,165.6033325620023,0,0.0,0.0,0.0
17,1.0,0.0,,4,65,49.25,1,15,15.0,2,17.5,23.719132921247912,108.10966658987198,0,0.0,0.0,0.0
22,0.0,0.0,,5,64,39.6,0,0,0.0,3,10.0,20.74918768339853,107.62089287224676,0,0.0,0.0,0.0
4,0.0,0.0,,4,83,48.25,0,0,0.0,1,32.0,1.0703745714343464,3.639497048597198,0,0.0,0.0,0.0
4,0.0,0.0,,7,20,11.857142857142858,0,0,0.0,4,33.75,28.458258220092212,231.66046089361487,0,0.0,0.0,0.0
23,0.0,0.0,,4,42,27.25,1,56,56.0,3,40.333333333333336,28.556711267926858,203.98359125698565,0,0.0,0.0,0.0
23,0.0,0.0,,5,96,28.4,0,0,0.0,4,21.5,16.814107818269566,88.67986215492215,0,0.0,0.0,0.0
15,1.0,0.0,,10,36,19.4,0,0,0.0,2,10.5,20.701722183747073,131.90473483109224,0,0.0,0.0,0.0
23,0.0,0.0,,4,42,24.0,1,56,56.0,3,44.666666666666664,28.556711267926858,234.59965584138794,0,0.0,0.0,0.0
5,0.0,0.0,,8,41,24.875,0,0,0.0,1,23.0,47.4053106112724,367.70917191783536,0,0.0,0.0,0.0
15,0.0,0.0,,11,42,16.454545454545453,0,0,0.0,4,8.5,13.383939032959116,75.10761160421727,1,7.0,7.787800571031965,31.077545167268426
19,1.0,0.0,,5,59,39.0,1,16,16.0,1,35.0,16.224787894737176,284.4332557136412,1,7.0,2.0552868801726216,9.625571333470456
15,0.0,0.0,,12,33,15.416666666666666,0,0,0.0,3,10.333333333333334,24.93791564392164,184.84732511650785,0,0.0,0.0,0.0
22,0.0,0.0,,10,38,22.0,1,39,39.0,0,0.0,0.0,0.0,0,0.0,0.0,0.0
24,0.0,0.0,,6,79,32.833333333333336,0,0,0.0,2,13.5,29.888800059626234,129.71289559750704,0,0.0,0.0,0.0
22,0.0,0.0,,8,58,27.75,1,39,39.0,0,0.0,0.0,0.0,0,0.0,0.0,0.0
25,0.0,0.0,,7,20,13.142857142857142,1,19,19.0,4,33.25,27.535373476418975,231.96856484384577,0,0.0,0.0,0.0
24,0.0,0.0,,8,114,26.75,0,0,0.0,1,11.0,1.3820277138260995,7.907045892802342,2,8.75,2.6809860816074274,15.402275221974351
23,0.0,0.0,,8,42,19.5,0,0,0.0,3,16.333333333333332,25.509913024465977,134.3310979863744,1,10.0,3.3424595600742943,26.505153112908257
8,1.0,0.0,,10,30,12.5,0,0,0.0,3,28.0,28.333053578704604,192.834590892224,0,0.0,0.0,0.0
24,1.0,0.0,,9,34,20.88888888888889,0,0,0.0,2,15.0,33.51737863435109,155.20812725420424,0,0.0,0.0,0.0
9,1.0,0.0,,7,33,21.0,1,155,155.0,3,24.333333333333332,1.8476321027676545,15.093312822019804,0,0.0,0.0,0.0
26,0.0,0.0,,11,33,12.636363636363637,0,0,0.0,4,21.25,24.54517971494517,161.10283951121278,2,8.5,6.845303561578309,30.497940402124293
23,0.0,0.0,,10,65,19.4,0,0,0.0,2,10.0,22.036704521514878,101.90266019124101,1,10.0,2.5071485016493233,20.950700766918622
24,0.0,0.0,,6,40,26.333333333333332,0,0,0.0,2,33.0,29.888800059626234,129.92202192981256,0,0.0,0.0,0.0
4,0.0,0.0,,9,42,12.666666666666666,0,0,0.0,7,15.714285714285714,21.479397099079033,97.2795898443717,0,0.0,0.0,0.0
13,1.0,0.0,,8,36,17.125,1,16,16.0,3,29.666666666666668,21.940828972587436,174.90986298214588,0,0.0,0.0,0.0
8,1.0,0.0,,7,65,20.285714285714285,0,0,0.0,2,38.5,32.50489989426906,203.6218222169382,0,0.0,0.0,0.0
4,0.0,0.0,,13,19,12.076923076923077,0,0,0.0,3,20.333333333333332,25.985455170293978,102.98851547518193,0,0.0,0.0,0.0
26,0.0,0.0,,8,19,12.125,0,0,0.0,4,32.75,16.208594627304862,105.09358512064051,1,9.0,3.0377942688802078,20.149784165000383
15,0.0,0.0,,10,24,15.2,1,169,169.0,4,15.25,0.9117482179861482,6.864818847080949,0,0.0,0.0,0.0
26,0.0,0.0,,9,32,13.555555555555555,0,0,0.0,5,20.2,22.441121648104577,141.78611587448864,2,8.5,6.845303561578309,30.497940402124293
15,1.0,0.0,,9,31,20.77777777777778,1,30,30.0,2,11.0,22.13720596812009,118.05247364034487,0,0.0,0.0,0.0
13,1.0,0.0,,2,187,108.0,0,0,0.0,1,18.0,3.9152878117056993,15.26572554166223,0,0.0,0.0,0.0
13,0.0,0.0,,7,32,20.285714285714285,1,72,72.0,3,25.333333333333332,5.884451333371512,76.90635054286847,0,0.0,0.0,0.0
24,0.0,0.0,,4,101,47.75,2,34,22.0,2,19.0,18.054478034451254,144.00529336932163,0,0.0,0.0,0.0
5,0.0,0.0,,5,129,42.4,0,0,0.0,2,9.5,15.72817913851413,46.24140500468969,0,0.0,0.0,0.0
24,0.0,0.0,,7,63,25.714285714285715,0,0,0.0,4,11.5,23.517735064484285,131.40638208329375,0,0.0,0.0,0.0
18,1.0,0.0,,10,18,10.6,1,5,5.0,5,23.4,23.06762301286379,162.37054626538574,0,0.0,0.0,0.0
16,0.0,0.0,,12,24,13.416666666666666,0,0,0.0,2,25.5,18.229163085895014,83.69422896796814,0,0.0,0.0,0.0
14,0.0,0.0,,5,103,42.0,1,17,17.0,1,12.0,22.08488797022463,106.4373678569455,0,0.0,0.0,0.0
6,0.0,0.0,,7,21,13.142857142857142,1,72,72.0,4,31.75,16.719929436703854,177.20984597824247,0,0.0,0.0,0.0
10,1.0,0.0,,7,47,30.142857142857142,1,20,20.0,1,6.0,1.7444677233957413,8.722338616978483,0,0.0,0.0,0.0
18,1.0,0.0,,6,44,19.833333333333332,1,5,5.0,3,35.666666666666664,37.22943986359127,266.6280735446282,1,7.0,4.561164565443121,19.34884730174577
23,0.0,0.0,,7,25,15.428571428571429,0,0,0.0,4,29.5,25.000071381099886,179.14925957497204,0,0.0,0.0,0.0
5,0.0,0.0,,11,27,18.636363636363637,1,73,73.0,1,15.0,5.010741419982964,70.15037987976103,0,0.0,0.0,0.0
21,1.0,0.0,,9,44,16.22222222222222,1,32,32.0,2,37.0,14.754652891974795,178.66492021564832,0,0.0,0.0,0.0
23,0.0,0.0,,2,129,101.5,0,0,0.0,1,31.0,5.204740625407418,23.703877196403056,1,9.5,2.0730078361601163,12.223109065474809
7,1.0,0.0,,4,106,56.0,0,0,0.0,0,0.0,0.0,0.0,0,0.0,0.0,0.0
2,1.0,0.0,,5,45,32.4,0,0,0.0,1,64.0,18.01057433636681,69.97142525033412,0,0.0,0.0,0.0
6,0.0,0.0,,10,39,16.4,1,30,30.0,1,53.0,12.248096456568748,370.06408072829794,0,0.0,0.0,0.0
22,0.0,0.0,,6,58,35.166666666666664,1,39,39.0,1,13.0,1.914272255011579,15.739593440031985,0,0.0,0.0,0.0
25,0.0,0.0,,6,20,12.5,1,19,19.0,5,31.0,23.404080956118868,171.53800367441877,0,0.0,0.0,0.0
12,1.0,0.0,,9,46,20.555555555555557,1,33,33.0,2,17.5,14.121044795543831,83.10869121566927,0,0.0,0.0,0.0
21,0.0,0.0,,6,54,33.5,0,0,0.0,1,18.0,29.28493032874586,165.6033325620023,0,0.0,0.0,0.0
26,0.0,0.0,,9,22,12.444444444444445,0,0,0.0,4,28.25,22.907612918602293,152.5071200337411,0,0.0,0.0,0.0
17,1.0,0.0,,5,78,41.2,0,0,0.0,1,19.0,17.698662298835654,41.49751543316175,2,7.5,4.17037705983323,16.300894253577333
18,1.0,0.0,,10,31,15.4,0,0,0.0,3,18.333333333333332,22.391170083458785,122.83007611095995,0,0.0,0.0,0.0
4,0.0,0.0,,13,21,12.23076923076923,0,0,0.0,4,14.0,17.268814821689684,85.58295733633842,0,0.0,0.0,0.0
24,0.0,0.0,,14,17,10.571428571428571,1,7,7.0,7,9.285714285714286,14.645172657877833,76.88883762391848,1,7.0,4.08260761624911,19.07706036396269
3,0.0,0.0,,9,39,15.666666666666666,2,68,41.5,6,14.0,16.313946968253234,81.21446395498985,0,0.0,0.0,0.0
15,0.0,0.0,,11,33,15.636363636363637,0,0,0.0,4,12.5,31.36959817356302,214.9649619092952,0,0.0,0.0,0.0
24,1.0,0.0,,9,45,18.444444444444443,0,0,0.0,4,12.25,22.636779288985124,137.31734826036606,0,0.0,0.0,0.0
14,0.0,0.0,,6,103,35.666666666666664,1,17,17.0,1,7.0,22.08488797022463,104.71969362332938,0,0.0,0.0,0.0
1,1.0,0.0,,9,73,19.333333333333332,0,0,0.0,5,10.6,19.35344743078025,93.69357697222355,0,0.0,0.0,0.0
16,0.0,0.0,,3,45,21.333333333333332,0,0,0.0,2,84.5,41.09086286293188,356.28981010909774,0,0.0,0.0,0.0
3,0.0,0.0,,6,37,23.666666666666668,1,223,223.0,4,19.75,1.7056307358395284,17.786870512318526,0,0.0,0.0,0.0
23,0.0,0.0,,6,68,26.5,0,0,0.0,3,22.0,25.518487188849516,171.15103581830462,1,9.0,3.5094039002293718,22.29514044276533
23,0.0,0.0,,6,27,13.666666666666666,1,56,56.0,6,24.333333333333332,17.547102190778926,196.7125765956929,0,0.0,0.0,0.0
13,0.0,0.0,,5,77,38.0,1,24,24.0,2,18.0,13.847792047644056,78.99331165723741,0,0.0,0.0,0.0
14,0.0,0.0,,7,39,23.714285714285715,0,0,0.0,3,20.0,15.806298376064404,89.75074828032672,0,0.0,0.0,0.0
24,1.0,0.0,,8,27,15.875,1,74,74.0,2,48.0,4.286415216365461,45.90148536773181,0,0.0,0.0,0.0
4,0.0,0.0,,3,81,61.0,1,21,21.0,3,16.666666666666668,13.2822668366016,47.18674678919586,0,0.0,0.0,0.0
4,0.0,0.0,,6,92,31.833333333333332,0,0,0.0,2,17.5,21.73810706324724,98.56117566832256,1,7.5,4.731848741070685,9.688138465394466
2,0.0,0.0,,7,62,24.714285714285715,2,70,37.5,1,46.0,2.4270334614773077,109.21650576647768,0,0.0,0.0,0.0
14,0.0,0.0,,4,99,54.5,0,0,0.0,1,12.0,9.831455619278097,24.665105452219557,1,7.0,2.919447984136573,10.722008364503797
23,0.0,0.0,,12,20,11.333333333333334,0,0,0.0,3,27.666666666666668,12.780262938342828,58.250092631989446,1,8.0,4.253548345554735,18.731432277020037
21,1.0,0.0,,7,34,18.857142857142858,0,0,0.0,3,26.666666666666668,28.07243701514815,192.49830068890103,0,0.0,0.0,0.0
8,1.0,0.0,,8,30,14.75,0,0,0.0,5,21.0,18.452283569755966,131.28944190658123,0,0.0,0.0,0.0
23,0.0,0.0,,11,20,11.636363636363637,0,0,0.0,4,23.0,15.396695448907694,86.85466046803208,1,8.0,4.253548345554735,18.731432277020037
16,0.0,0.0,,7,38,18.142857142857142,1,36,36.0,4,25.25,11.170488166503228,81.1134762900308,0,0.0,0.0,0.0
6,0.0,0.0,,8,44,22.0,1,108,108.0,2,19.5,5.508084824608687,46.995514217853355,1,10.5,2.1895456517579683,17.156604675508984
19,0.0,0.0,,5,63,36.6,2,27,26.0,3,13.666666666666666,10.3892611883326,81.8725385462573,1,8.5,3.571697584354953,20.56936469151509
3,0.0,0.0,,9,37,19.666666666666668,1,11,11.0,5,10.0,17.792333780550944,99.24593041780936,0,0.0,0.0,0.0
14,0.0,0.0,,10,40,17.2,1,33,33.0,5,9.2,19.19709224597431,82.11648461983035,0,0.0,0.0,0.0
14,0.0,0.0,,5,99,38.0,1,7,7.0,3,13.666666666666666,39.302581835628686,285.28280562134546,1,7.0,2.919447984136573,10.722008364503797
25,0.0,0.0,,6,48,17.5,2,16,16.0,3,40.666666666666664,24.68792020854733,179.10741336053204,0,0.0,0.0,0.0
1,1.0,0.0,,6,45,19.0,1,36,36.0,2,58.0,27.936264614732785,138.18825680729333,0,0.0,0.0,0.0
9,1.0,0.0,,6,99,30.5,1,11,11.0,3,14.333333333333334,14.674600838928088,69.45453582547216,1,7.0,3.4504532573349715,15.61922310278287
17,1.0,0.0,,9,26,11.666666666666666,1,46,46.0,5,22.4,24.420308604653005,118.16076951131326,0,0.0,0.0,0.0
3,0.0,0.0,,8,46,19.0,1,18,18.0,5,14.2,24.01534236861058,154.741406317587,0,0.0,0.0,0.0
8,1.0,0.0,,6,69,29.0,0,0,0.0,0,0.0,0.0,0.0,0,0.0,0.0,0.0
10,1.0,0.0,,6,44,31.0,1,18,18.0,2,20.0,15.387548490883901,70.6497448069834,0,0.0,0.0,0.0
3,0.0,0.0,,10,30,15.0,1,17,17.0,5,15.2,23.945533921504012,176.98902850020437,0,0.0,0.0,0.0
17,1.0,0.0,,9,28,11.222222222222221,0,0,0.0,5,24.6,20.621389382812314,123.38984203134746,0,0.0,0.0,0.0
3,1.0,0.0,,12,33,13.583333333333334,1,17,17.0,2,26.0,21.263549799412704,120.59515048203619,1,9.0,2.8992476959414386,19.08318874461412
2,1.0,0.0,,5,71,38.8,0,0,0.0,2,18.0,26.48144978926287,119.98668711323756,1,10.0,5.053431815024828,21.55736300751353
4,0.0,0.0,,8,42,12.25,0,0,0.0,8,15.75,21.110453451490823,95.48156380436659,0,0.0,0.0,0.0
5,0.0,0.0,,10,43,19.9,0,0,0.0,1,7.0,5.697013475793768,27.539559974302968,0,0.0,0.0,0.0
9,0.0,0.0,,8,37,22.75,1,23,23.0,3,15.333333333333334,31.564056546942368,251.5136961481696,0,0.0,0.0,0.0
19,0.0,0.0,,3,75,54.666666666666664,2,25,23.0,2,33.0,4.77692901344488,96.9131254140367,0,0.0,0.0,0.0
3,1.0,0.0,,8,40,17.75,0,0,0.0,2,41.0,20.54000402556547,98.37953575490084,0,0.0,0.0,0.0
19,1.0,0.0,,5,59,45.6,0,0,0.0,0,0.0,0.0,0.0,1,7.0,2.0552868801726216,9.625571333470456
24,1.0,0.0,,6,85,32.333333333333336,0,0,0.0,1,27.0,21.29669754109455,95.18337298457,0,0.0,0.0,0.0
25,0.0,0.0,,6,76,24.166666666666668,1,23,23.0,3,26.333333333333332,16.59125489891746,106.21179336981085,0,0.0,0.0,0.0
16,1.0,0.0,,4,59,26.5,1,16,16.0,3,42.0,23.31828589220486,135.62185382732986,0,0.0,0.0,0.0
1,1.0,0.0,,9,36,14.666666666666666,1,48,48.0,3,28.666666666666668,8.561231677302269,51.29741601236984,0,0.0,0.0,0.0
10,1.0,0.0,,13,17,10.923076923076923,1,111,111.0,4,19.25,14.172522783162671,70.98966665416918,0,0.0,0.0,0.0
24,0.0,0.0,,7,66,27.571428571428573,0,0,0.0,3,10.0,17.124293689085096,80.60690540578894,0,0.0,0.0,0.0
24,0.0,0.0,,10,47,16.4,1,27,27.0,3,16.333333333333332,28.28653806846593,184.66402630532775,0,0.0,0.0,0.0
17,1.0,0.0,,6,47,23.666666666666668,0,0,0.0,1,82.0,43.86780630289442,335.59745836038974,0,0.0,0.0,0.0
6,0.0,0.0,,10,37,16.7,0,0,0.0,3,15.0,16.10101874103725,95.79328874099544,0,0.0,0.0,0.0
8,1.0,0.0,,12,18,11.166666666666666,1,19,19.0,3,27.0,26.317323544411533,171.86757721990637,0,0.0,0.0,0.0
6,0.0,0.0,,6,48,30.166666666666668,1,122,122.0,3,14.0,0.39779609108283837,3.5154978304994784,0,0.0,0.0,0.0
19,0.0,0.0,,6,63,29.166666666666668,1,27,27.0,3,17.333333333333332,17.965494812599765,103.21401921870284,2,8.25,3.411943296639702,20.824978803018855
9,1.0,0.0,,10,42,15.5,1,11,11.0,5,13.0,20.470926374042953,86.56035214764194,2,8.0,3.4416713884913595,15.930884439961034
6,0.0,0.0,,5,141,41.6,1,15,15.0,1,18.0,11.628381231066944,85.73400297911256,1,8.0,2.9402791172975293,17.580575745480175
18,1.0,0.0,,9,25,12.222222222222221,1,5,5.0,5,22.8,19.259548571072397,137.6255612160205,0,0.0,0.0,0.0
9,1.0,0.0,,10,41,16.8,1,16,16.0,3,18.333333333333332,14.861539597930602,100.75496521455226,1,7.0,3.8174901920559474,18.586122795807242
18,1.0,0.0,,7,16,12.285714285714286,0,0,0.0,4,34.25,33.910622214313705,200.34852276871325,0,0.0,0.0,0.0
18,1.0,0.0,,10,24,13.0,0,0,0.0,2,44.0,29.75464219182939,216.00039671663217,0,0.0,0.0,0.0
17,1.0,0.0,,9,37,20.22222222222222,0,0,0.0,3,10.666666666666666,21.53789342960221,89.48435128053227,0,0.0,0.0,0.0
9,1.0,0.0,,6,64,30.666666666666668,1,18,18.0,3,14.333333333333334,14.753770089082606,95.9505925588241,0,0.0,0.0,0.0
25,0.0,0.0,,8,36,23.625,1,42,42.0,2,14.0,2.438015717466989,28.708574879250705,0,0.0,0.0,0.0
3,0.0,0.0,,11,25,13.727272727272727,1,136,136.0,6,11.833333333333334,9.92567296483202,50.147988645706334,0,0.0,0.0,0.0
14,0.0,0.0,,5,39,33.6,0,0,0.0,1,55.0,31.808239865483554,104.92407347221432,0,0.0,0.0,0.0
18,1.0,0.0,,4,44,38.25,0,0,0.0,1,66.0,38.07132977379384,172.3657145534397,0,0.0,0.0,0.0
4,0.0,0.0,,10,36,16.9,1,85,85.0,5,11.4,16.47966622624804,74.4040176768986,0,0.0,0.0,0.0
3,0.0,0.0,,5,46,42.0,2,14,10.5,1,6.0,30.627520876891968,153.13760438445982,0,0.0,0.0,0.0
19,1.0,0.0,,6,19,14.166666666666666,0,0,0.0,3,48.333333333333336,22.138752048531956,224.29513992909006,0,0.0,0.0,0.0
13,1.0,0.0,,8,36,20.875,1,31,31.0,2,24.0,15.535696012358658,106.84492144642114,0,0.0,0.0,0.0
25,0.0,0.0,,7,20,15.0,1,18,18.0,3,39.333333333333336,32.4403455965972,254.40766855067167,0,0.0,0.0,0.0
24,1.0,0.0,,2,74,50.5,1,74,74.0,2,66.5,6.709937596644884,62.69694624331031,0,0.0,0.0,0.0
24,0.0,0.0,,6,56,29.0,0,0,0.0,2,25.0,29.888800059626234,129.92202192981256,0,0.0,0.0,0.0
22,0.0,0.0,,11,31,14.272727272727273,1,23,23.0,4,15.5,10.447601840867797,40.11424510679834,1,8.0,6.307549479088679,14.556600044648615
6,0.0,0.0,,7,75,23.571428571428573,1,72,72.0,4,16.0,12.571868832762256,85.66627665191061,0,0.0,0.0,0.0
1,1.0,0.0,,7,39,14.428571428571429,1,62,62.0,4,31.25,14.775244964530671,114.78278338911656,0,0.0,0.0,0.0
22,0.0,0.0,,9,64,21.88888888888889,1,23,23.0,3,7.333333333333333,13.163980522356615,55.92551354818526,0,0.0,0.0,0.0
13,0.0,0.0,,3,172,69.33333333333333,1,26,26.0,1,15.0,25.94119477419192,128.79923788115843,0,0.0,0.0,0.0
22,0.0,0.0,,3,120,73.33333333333333,0,0,0.0,1,10.0,1.4471857577203047,3.452498701204619,0,0.0,0.0,0.0
12,1.0,0.0,,13,43,14.538461538461538,1,43,43.0,1,19.0,20.44737528579712,155.083884301175,0,0.0,0.0,0.0
9,0.0,0.0,,4,95,45.75,1,22,22.0,1,49.0,2.693766610557056,11.83579306191491,0,0.0,0.0,0.0
1,1.0,0.0,,12,25,14.25,0,0,0.0,4,12.0,11.367907846591587,50.315711863389915,1,7.0,3.088569505329095,16.20254288018477
9,0.0,0.0,,3,109,64.0,1,16,16.0,2,20.5,16.896570864025946,61.27397362766124,3,7.333333333333333,5.460245964667021,18.362918679235495
25,0.0,0.0,,11,31,13.727272727272727,1,138,138.0,3,18.0,0.3364800619480241,5.720161053115888,0,0.0,0.0,0.0
16,0.0,0.0,,3,50,23.0,0,0,0.0,2,82.0,41.09086286293188,356.28981010909774,0,0.0,0.0,0.0
4,0.0,0.0,,12,26,13.5,0,0,0.0,4,11.25,25.086997385410736,103.10574755752441,0,0.0,0.0,0.0
17,1.0,0.0,,6,50,22.166666666666668,0,0,0.0,3,29.666666666666668,24.327878157476906,203.9882248572222,0,0.0,0.0,0.0
25,0.0,0.0,,8,41,25.625,0,0,0.0,2,9.0,17.731966740117002,83.38346898033156,0,0.0,0.0,0.0
18,1.0,0.0,,5,93,40.8,0,0,0.0,1,17.0,20.527628854469416,59.082456330117964,1,12.0,3.6091363260601232,25.43704829474794
23,0.0,0.0,,2,132,88.0,0,0,0.0,1,58.0,5.204740625407418,25.907001351020345,1,9.5,2.0730078361601163,12.223109065474809
19,0.0,0.0,,15,34,12.866666666666667,1,9,9.0,2,9.0,22.2044197565028,124.90625739887226,0,0.0,0.0,0.0
18,1.0,0.0,,8,44,17.5,0,0,0.0,2,39.5,24.346353956722062,265.3559996940344,0,0.0,0.0,0.0
17,1.0,0.0,,7,49,28.285714285714285,0,0,0.0,1,23.0,43.67164104396807,309.41810066248604,0,0.0,0.0,0.0
5,0.0,0.0,,14,26,10.928571428571429,0,0,0.0,4,15.5,28.917427097389492,131.89860222159086,2,7.0,3.714099074212742,16.988381955043295
8,1.0,0.0,,11,18,11.545454545454545,1,19,19.0,4,22.5,19.491132691403976,115.60975891550365,0,0.0,0.0,0.0
7,1.0,0.0,,4,57,32.5,1,23,23.0,2,48.5,8.559248114310464,20.757713359909552,0,0.0,0.0,0.0
3,0.0,0.0,,10,25,14.7,1,136,136.0,7,11.0,8.86789955314411,44.59901695098047,0,0.0,0.0,0.0
7,0.0,0.0,,5,51,35.6,0,0,0.0,1,45.0,29.022285448267915,137.99368126419537,0,0.0,0.0,0.0
6,0.0,0.0,,5,54,28.2,1,159,159.0,3,28.666666666666668,1.137960885927696,8.182578795766267,0,0.0,0.0,0.0
19,0.0,0.0,,3,75,55.666666666666664,2,25,23.0,3,21.0,9.28324710764222,82.6926351640061,0,0.0,0.0,0.0
4,0.0,0.0,,3,99,61.666666666666664,1,4,4.0,2,24.0,9.352109909054326,52.05555434456151,0,0.0,0.0,0.0
4,0.0,0.0,,12,26,13.75,0,0,0.0,4,13.0,23.595106029328946,89.94840170647282,0,0.0,0.0,0.0
18,1.0,0.0,,11,23,11.090909090909092,0,0,0.0,3,29.666666666666668,29.780557264306292,194.40014375526502,0,0.0,0.0,0.0
18,1.0,0.0,,8,26,15.875,1,17,17.0,3,32.666666666666664,21.820672159379185,228.45880159082955,0,0.0,0.0,0.0
6,0.0,0.0,,5,33,23.0,1,159,159.0,3,37.333333333333336,1.137960885927696,9.699409837285389,0,0.0,0.0,0.0
24,1.0,0.0,,5,65,43.2,0,0,0.0,1,14.0,27.035975227809946,163.32010307330518,1,10.0,2.2373860223751287,12.743944131175994
19,1.0,0.0,,6,60,31.833333333333332,0,0,0.0,2,18.0,17.335401786013087,102.6479875961302,0,0.0,0.0,0.0
13,0.0,0.0,,3,162,66.0,1,26,26.0,1,25.0,25.94119477419192,129.7687702282951,0,0.0,0.0,0.0
25,0.0,0.0,,6,22,14.666666666666666,2,18,16.5,3,44.666666666666664,22.34210098754508,258.32094348799427,0,0.0,0.0,0.0
4,0.0,0.0,,7,42,15.571428571428571,0,0,0.0,6,18.666666666666668,17.387004564225887,107.55857646443165,0,0.0,0.0,0.0
23,0.0,0.0,,7,42,21.714285714285715,1,47,47.0,4,19.0,18.339531362910307,93.51909532337639,1,9.0,5.260120818725636,31.550166634787338
24,1.0,0.0,,8,41,24.75,1,27,27.0,2,15.0,18.462821098396816,181.9864552714165,0,0.0,0.0,0.0
17,1.0,0.0,,6,48,29.833333333333332,1,15,15.0,3,15.333333333333334,22.92505792160257,100.5492123006412,1,10.5,7.91859150945475,34.11428498737356
24,1.0,0.0,,6,54,28.666666666666668,0,0,0.0,2,24.0,33.51737863435109,155.20812725420424,0,0.0,0.0,0.0
1,1.0,0.0,,9,64,18.666666666666668,0,0,0.0,4,13.5,16.44518981589832,109.6238600717896,0,0.0,0.0,0.0
19,0.0,0.0,,8,39,18.25,1,79,79.0,1,74.0,2.5493107379976223,186.09968387382366,0,0.0,0.0,0.0
6,0.0,0.0,,5,77,41.0,1,19,19.0,2,11.5,12.41351557905034,50.989605426645596,0,0.0,0.0,0.0
13,0.0,0.0,,5,104,37.4,1,26,26.0,2,15.5,8.158449854012014,51.66692731779605,0,0.0,0.0,0.0
1,1.0,0.0,,7,64,29.285714285714285,1,48,48.0,1,8.0,1.739370793747377,12.175595556231583,0,0.0,0.0,0.0
21,1.0,0.0,,8,44,19.625,0,0,0.0,2,27.5,30.789011137933493,259.9052316028042,0,0.0,0.0,0.0
6,0.0,0.0,,7,75,23.571428571428573,1,69,69.0,4,16.0,12.209550291338532,110.40205590908766,0,0.0,0.0,0.0
23,0.0,0.0,,9,23,10.88888888888889,0,0,0.0,4,30.75,24.87011761847968,151.00521865375447,0,0.0,0.0,0.0
6,0.0,0.0,,8,76,24.875,1,18,18.0,1,14.0,1.180464734338626,15.346041546401969,1,9.0,3.725714886517573,22.508808225440895
7,0.0,0.0,,6,81,36.0,0,0,0.0,0,0.0,0.0,0.0,0,0.0,0.0,0.0
14,0.0,0.0,,4,88,46.25,1,17,17.0,1,43.0,2.2744782533258543,21.524473705472246,0,0.0,0.0,0.0
1,1.0,0.0,,6,64,28.5,2,48,27.5,2,25.0,6.539818631776671,64.27862546639535,0,0.0,0.0,0.0
21,0.0,0.0,,4,84,48.25,1,23,23.0,2,17.5,17.5117615826547,159.2149470845186,0,0.0,0.0,0.0
23,0.0,0.0,,5,95,35.4,1,46,46.0,3,17.0,24.208521634084054,130.5282127242102,2,8.5,4.328126180922704,21.744748935547797
19,1.0,0.0,,11,29,13.090909090909092,0,0,0.0,5,16.0,22.1380053483827,151.13060661700965,0,0.0,0.0,0.0
9,1.0,0.0,,5,104,39.0,0,0,0.0,2,15.5,19.92187704607362,114.84381559255374,0,0.0,0.0,0.0
23,0.0,0.0,,6,90,24.5,0,0,0.0,3,26.333333333333332,21.42904812669515,114.2858822399184,0,0.0,0.0,0.0
25,0.0,0.0,,8,20,14.125,1,18,18.0,3,36.333333333333336,32.87225657286044,254.77892907629436,0,0.0,0.0,0.0
18,1.0,0.0,,6,61,30.666666666666668,0,0,0.0,2,17.5,21.53422533082761,159.51819236450842,0,0.0,0.0,0.0
24,1.0,0.0,,8,52,23.75,1,27,27.0,3,12.333333333333334,13.167016561951712,123.68164170763384,0,0.0,0.0,0.0
2,0.0,0.0,,8,19,10.75,1,110,110.0,5,28.4,12.757202160918647,116.3375340973814,0,0.0,0.0,0.0
22,0.0,0.0,,6,52,30.333333333333332,0,0,0.0,2,18.0,20.942801082419347,107.96922768712284,0,0.0,0.0,0.0
7,1.0,0.0,,9,35,18.666666666666668,0,0,0.0,2,28.0,21.163316935108103,99.13916860111694,0,0.0,0.0,0.0
15,0.0,0.0,,11,32,12.727272727272727,0,0,0.0,5,12.2,14.232707375117965,80.67445460316677,0,0.0,0.0,0.0
15,1.0,0.0,,7,28,15.571428571428571,1,20,20.0,5,22.8,21.34889674743392,96.2572374783163,0,0.0,0.0,0.0
16,1.0,0.0,,3,38,23.0,1,27,27.0,2,82.0,11.33803046267969,94.91030359725589,0,0.0,0.0,0.0
12,0.0,0.0,,13,25,12.307692307692308,1,31,31.0,4,11.75,23.63539243791824,124.00428237243145,0,0.0,0.0,0.0
13,1.0,0.0,,6,36,23.666666666666668,1,120,120.0,2,43.0,12.780034243733008,159.4117085207673,0,0.0,0.0,0.0
15,0.0,0.0,,5,27,16.6,1,51,51.0,5,28.8,22.192076203748798,168.60089317935987,0,0.0,0.0,0.0
16,1.0,0.0,,3,53,36.333333333333336,0,0,0.0,2,60.0,16.727823053511433,51.88750847562713,0,0.0,0.0,0.0
8,1.0,0.0,,9,65,19.444444444444443,0,0,0.0,2,19.0,13.583463740501411,76.12620591434391,0,0.0,0.0,0.0
16,1.0,0.0,,9,30,14.555555555555555,2,25,15.0,5,18.8,13.109970048093533,61.2672049756418,0,0.0,0.0,0.0
9,1.0,0.0,,11,41,15.727272727272727,1,16,16.0,4,12.25,16.16339145160319,95.37229230133664,1,7.0,3.8174901920559474,18.586122795807242
22,0.0,0.0,,9,51,23.11111111111111,1,27,27.0,0,0.0,0.0,0.0,0,0.0,0.0,0.0
16,1.0,0.0,,4,142,51.75,2,25,14.5,1,19.0,0.0,0.0,0,0.0,0.0,0.0
23,0.0,0.0,,6,51,27.166666666666668,0,0,0.0,2,30.5,18.379016304796615,127.15672650887902,0,0.0,0.0,0.0
8,1.0,0.0,,9,30,13.0,0,0,0.0,5,21.0,25.292524127879226,149.0027027987754,0,0.0,0.0,0.0
14,0.0,0.0,,10,40,16.9,1,33,33.0,5,10.2,17.70266565146889,83.92348742923888,0,0.0,0.0,0.0
25,0.0,0.0,,6,59,28.5,1,42,42.0,3,17.0,7.298237108910808,56.576249940573085,0,0.0,0.0,0.0
24,0.0,0.0,,7,45,26.714285714285715,1,21,21.0,4,9.5,12.844756375238907,85.62193363218178,1,7.5,11.91822685984244,25.05876190429203
9,1.0,0.0,,10,45,19.7,1,15,15.0,2,8.0,13.15808083361958,44.93489791162695,0,0.0,0.0,0.0
6,0.0,0.0,,6,39,18.333333333333332,0,0,0.0,3,38.333333333333336,21.42052356317824,123.91707943687199,1,8.0,3.529790292440092,15.071271232722228
25,0.0,0.0,,8,52,18.5,1,182,182.0,3,23.0,0.6317568208433318,13.898650058552628,0,0.0,0.0,0.0
9,0.0,0.0,,5,133,42.6,2,23,22.5,1,7.0,0.2522340587084945,1.513404352250866,0,0.0,0.0,0.0
9,1.0,0.0,,5,55,26.4,1,63,63.0,3,30.666666666666668,9.994610111033102,39.731974473429396,0,0.0,0.0,0.0
21,1.0,0.0,,6,37,20.833333333333332,2,35,35.0,4,24.75,17.707697286880883,108.58182425262329,0,0.0,0.0,0.0
9,0.0,0.0,,8,31,18.125,2,19,18.5,3,27.666666666666668,17.31742268328981,200.87207460061938,0,0.0,0.0,0.0
13,1.0,0.0,,4,103,44.25,1,14,14.0,2,27.5,16.300982563666444,91.63555950922255,0,0.0,0.0,0.0
3,0.0,0.0,,10,42,16.1,2,16,14.5,4,15.25,18.55133565664439,109.18316345794975,0,0.0,0.0,0.0
13,0.0,0.0,,10,38,21.5,0,0,0.0,1,6.0,5.327377865183922,15.33439811186762,0,0.0,0.0,0.0
18,1.0,0.0,,9,32,13.555555555555555,1,5,5.0,5,21.0,24.429292261877684,148.2172238334769,0,0.0,0.0,0.0
3,1.0,0.0,,6,70,30.5,0,0,0.0,2,19.0,29.610593246395055,124.77932084268399,0,0.0,0.0,0.0
24,0.0,0.0,,3,99,61.666666666666664,1,30,30.0,2,22.0,2.070978006389234,47.27047664338269,0,0.0,0.0,0.0
1,1.0,0.0,,9,45,19.77777777777778,0,0,0.0,4,12.25,15.247631899352326,63.8380396816,0,0.0,0.0,0.0
19,0.0,0.0,,3,63,53.333333333333336,2,27,26.0,2,35.0,5.001823599701552,82.67541106006408,0,0.0,0.0,0.0
25,0.0,0.0,,9,18,10.333333333333334,1,15,15.0,3,42.0,18.42732751640041,220.0158270073873,0,0.0,0.0,0.0
18,1.0,0.0,,7,71,30.428571428571427,0,0,0.0,1,10.0,45.66008721144149,125.90301644743326,0,0.0,0.0,0.0
8,1.0,0.0,,7,30,14.0,0,0,0.0,4,31.5,26.511619882795255,195.80582137681355,0,0.0,0.0,0.0
16,0.0,0.0,,8,37,17.25,1,14,14.0,4,20.25,18.77991313121617,170.73835945635682,0,0.0,0.0,0.0
14,0.0,0.0,,7,53,30.571428571428573,0,0,0.0,0,0.0,0.0,0.0,0,0.0,0.0,0.0
23,0.0,0.0,,5,137,35.2,0,0,0.0,3,18.333333333333332,19.210444377164855,123.91936703005848,1,6.5,3.0795016187115403,15.247944770523912
3,0.0,0.0,,8,39,16.25,1,16,16.0,4,23.5,22.65180677574448,150.68226440490253,0,0.0,0.0,0.0
15,0.0,0.0,,7,21,13.714285714285714,1,51,51.0,4,32.25,20.521035472151027,163.1516900588425,0,0.0,0.0,0.0
6,0.0,0.0,,8,75,22.25,1,15,15.0,4,12.75,12.544874445781263,99.08281692176037,0,0.0,0.0,0.0
11,0.0,0.0,,7,37,22.714285714285715,0,0,0.0,4,16.25,21.531014763147315,80.36810790475839,0,0.0,0.0,0.0
24,1.0,0.0,,5,74,30.4,1,74,74.0,1,77.0,5.653083419471654,73.04486086679726,0,0.0,0.0,0.0
15,1.0,0.0,,11,28,15.545454545454545,1,39,39.0,3,14.666666666666666,13.74469004123865,63.61529816770963,0,0.0,0.0,0.0
2,0.0,0.0,,10,19,9.8,1,161,161.0,6,21.333333333333332,7.478608797768346,50.419303853037434,0,0.0,0.0,0.0
14,0.0,0.0,,4,65,36.75,1,17,17.0,1,85.0,2.2744782533258543,23.646359514709687,0,0.0,0.0,0.0
8,1.0,0.0,,8,30,13.625,0,0,0.0,3,36.666666666666664,17.5084511173656,127.69826689687739,0,0.0,0.0,0.0
3,0.0,0.0,,8,37,19.25,1,11,11.0,5,14.8,22.687414943327155,118.19024805424135,0,0.0,0.0,0.0
7,1.0,0.0,,9,60,23.333333333333332,1,32,32.0,1,7.0,3.228430757143037,17.925561212459797,0,0.0,0.0,0.0
24,0.0,0.0,,13,16,10.076923076923077,1,7,7.0,8,11.0,15.603250130696473,77.53931241596362,1,7.0,4.08260761624911,19.07706036396269
12,0.0,0.0,,9,38,23.666666666666668,0,0,0.0,1,6.0,23.297992041079475,112.76377467230635,0,0.0,0.0,0.0
18,1.0,0.0,,6,71,37.666666666666664,0,0,0.0,0,0.0,0.0,0.0,0,0.0,0.0,0.0
4,0.0,0.0,,6,92,33.833333333333336,0,0,0.0,2,11.0,16.653602898687993,89.70691290484147,1,7.5,4.731848741070685,9.688138465394466
18,1.0,0.0,,9,24,12.333333333333334,0,0,0.0,3,36.333333333333336,28.476751380127208,183.12385026376617,0,0.0,0.0,0.0
22,0.0,0.0,,11,50,16.09090909090909,0,0,0.0,2,20.0,13.60586397653569,84.66568294701989,0,0.0,0.0,0.0
1,1.0,0.0,,10,30,15.1,1,99,99.0,4,16.0,9.149418954791596,46.68124065716625,0,0.0,0.0,0.0
18,1.0,0.0,,7,71,29.285714285714285,0,0,0.0,2,9.5,31.128879082317745,95.1923168055809,0,0.0,0.0,0.0
9,1.0,0.0,,6,68,31.333333333333332,1,15,15.0,3,13.0,15.00153276146576,93.03368124009917,0,0.0,0.0,0.0
7,1.0,0.0,,5,87,36.8,2,26,26.0,2,18.5,3.106296251678102,12.465143103401033,0,0.0,0.0,0.0
15,0.0,0.0,,10,31,16.3,1,38,38.0,4,12.25,13.206441411573897,57.32536976869227,0,0.0,0.0,0.0
19,0.0,0.0,,3,75,53.333333333333336,2,25,23.0,2,35.0,4.77692901344488,96.9131254140367,0,0.0,0.0,0.0
24,0.0,0.0,,6,45,29.666666666666668,1,21,21.0,2,24.0,17.962695913668732,126.39176609946281,0,0.0,0.0,0.0
4,0.0,0.0,,8,42,13.125,0,0,0.0,8,14.875,21.89098372401864,97.9168557889873,0,0.0,0.0,0.0
13,0.0,0.0,,4,58,33.5,0,0,0.0,3,31.666666666666668,27.02661346024753,94.35005987206203,0,0.0,0.0,0.0
4,0.0,0.0,,7,21,12.285714285714286,0,0,0.0,5,27.2,27.79617016837728,141.6571140498317,0,0.0,0.0,0.0
11,0.0,0.0,,8,20,11.125,1,10,10.0,6,22.666666666666668,29.771590139229833,168.93327213562893,0,0.0,0.0,0.0
18,1.0,0.0,,8,71,26.5,0,0,0.0,2,8.0,26.28181794268246,71.33231888967605,0,0.0,0.0,0.0
22,0.0,0.0,,9,51,16.555555555555557,1,30,30.0,6,13.0,14.884492141687039,70.27201246514234,0,0.0,0.0,0.0
8,1.0,0.0,,8,51,20.625,1,67,67.0,3,17.666666666666668,27.159971863629554,163.86527247051785,0,0.0,0.0,0.0
26,0.0,0.0,,9,33,14.333333333333334,0,0,0.0,4,21.5,24.719194984619435,151.74685240044295,0,0.0,0.0,0.0
19,1.0,0.0,,7,37,19.714285714285715,1,16,16.0,3,28.666666666666668,17.697934542804724,118.5446785626541,1,7.0,2.0552868801726216,9.625571333470456
22,0.0,0.0,,9,45,22.333333333333332,0,0,0.0,2,8.5,5.47957159832038,13.408925216581613,0,0.0,0.0,0.0
17,1.0,0.0,,13,53,15.23076923076923,1,22,22.0,1,21.0,9.401955532600407,22.503046971965382,1,8.0,3.3618746232346113,20.674049182066764
15,0.0,0.0,,7,43,24.428571428571427,1,30,30.0,1,45.0,14.687161704084302,197.57690382892733,1,7.0,7.787800571031965,31.077545167268426
16,0.0,0.0,,7,38,21.142857142857142,1,35,35.0,2,40.5,18.691500824184594,148.28139332610039,0,0.0,0.0,0.0
12,0.0,0.0,,7,32,15.571428571428571,1,33,33.0,6,20.0,25.392350225247842,142.9053978643202,0,0.0,0.0,0.0
16,1.0,0.0,,11,44,18.727272727272727,1,5,5.0,2,6.5,21.487437534110516,101.56357971004316,0,0.0,0.0,0.0
17,1.0,0.0,,6,49,32.166666666666664,0,0,0.0,1,31.0,43.67164104396807,309.41810066248604,0,0.0,0.0,0.0
24,0.0,0.0,,7,114,30.571428571428573,0,0,0.0,2,6.0,12.114488218105544,30.479138852938604,2,8.75,2.6809860816074274,15.402275221974351
17,1.0,0.0,,7,47,22.714285714285715,0,0,0.0,2,33.0,24.033197218158165,163.74819825396497,1,7.5,3.5404603087622233,16.65620838075882
21,1.0,0.0,,12,29,10.833333333333334,0,0,0.0,6,14.833333333333334,16.134267581432415,93.42220922555445,1,8.0,3.642798978783072,18.20700401450663
24,1.0,0.0,,6,92,33.5,0,0,0.0,1,20.0,21.29669754109455,94.35030543919297,0,0.0,0.0,0.0
17,1.0,0.0,,10,53,19.1,1,22,22.0,2,15.5,16.713635165360166,48.15095639290317,1,7.0,4.03456764250472,20.542853456326974
26,0.0,0.0,,7,36,15.142857142857142,0,0,0.0,4,28.5,23.43654382123704,115.80493163597754,1,7.0,4.324179415825486,22.62061383915018
18,1.0,0.0,,9,38,16.333333333333332,0,0,0.0,5,14.0,29.832782914371087,199.76679933035916,0,0.0,0.0,0.0
21,0.0,0.0,,10,36,16.0,1,102,102.0,4,14.0,3.198389185575276,25.200882515722196,0,0.0,0.0,0.0
24,0.0,0.0,,9,30,19.0,2,29,18.0,4,11.75,11.657275869211642,45.07780396735079,1,7.0,4.08260761624911,19.07706036396269
22,0.0,0.0,,9,63,22.0,1,11,11.0,3,8.666666666666666,14.725948312054491,91.17021412283465,1,10.0,7.365609647608572,25.759979604943076
5,0.0,0.0,,11,24,17.0,1,73,73.0,2,11.0,5.353877447888366,48.844969927032,0,0.0,0.0,0.0
4,0.0,0.0,,10,28,12.5,0,0,0.0,3,33.0,23.50184372065985,101.70988717558157,0,0.0,0.0,0.0
6,0.0,0.0,,11,39,13.818181818181818,1,30,30.0,2,30.0,8.595008591655247,197.841070778586,0,0.0,0.0,0.0
14,0.0,0.0,,5,59,22.2,2,41,31.0,2,58.0,18.836290497751687,162.74124306300087,0,0.0,0.0,0.0
9,1.0,0.0,,10,42,18.6,1,15,15.0,4,8.25,11.815018945455602,33.09961581611609,0,0.0,0.0,0.0
18,1.0,0.0,,10,61,18.9,0,0,0.0,4,9.25,21.508760990141422,77.12196565282918,0,0.0,0.0,0.0
1,1.0,0.0,,11,63,19.727272727272727,1,14,14.0,0,0.0,0.0,0.0,1,8.0,6.897591146580416,17.651311617965664
4,0.0,0.0,,4,81,53.0,0,0,0.0,2,8.0,10.272240452415579,45.01990289270945,0,0.0,0.0,0.0
14,0.0,0.0,,8,40,20.875,1,23,23.0,3,18.333333333333332,21.321673584814416,100.36965889059898,0,0.0,0.0,0.0
26,0.0,0.0,,10,24,13.2,0,0,0.0,2,39.0,33.48195399861972,164.81073538278088,0,0.0,0.0,0.0
2,1.0,0.0,,2,118,65.0,1,23,23.0,2,52.0,3.411184619877916,11.395874953589145,0,0.0,0.0,0.0
7,1.0,0.0,,4,87,44.25,2,26,26.0,3,16.666666666666668,9.540714760027727,47.6378911310595,0,0.0,0.0,0.0
14,0.0,0.0,,11,28,16.90909090909091,1,21,21.0,4,8.0,11.313512853751796,50.463415434749315,0,0.0,0.0,0.0
24,0.0,0.0,,4,101,45.5,1,30,30.0,2,23.5,12.631376068782991,69.52549662135122,0,0.0,0.0,0.0
4,0.0,0.0,,12,21,12.416666666666666,0,0,0.0,5,13.4,14.593909717662115,71.90959308311116,0,0.0,0.0,0.0
3,1.0,0.0,,3,114,45.333333333333336,1,78,78.0,3,32.333333333333336,10.286870542764712,60.46491835339405,1,9.0,7.252491265684506,15.014941167880696
23,0.0,0.0,,7,61,18.142857142857142,0,0,0.0,4,25.5,24.584708686329016,132.78788157981006,0,0.0,0.0,0.0
25,0.0,0.0,,5,76,27.0,0,0,0.0,4,24.0,20.600430534301147,131.55382631021823,0,0.0,0.0,0.0
24,1.0,0.0,,5,54,37.6,1,27,27.0,3,14.333333333333334,18.248290411443744,151.98678553937592,1,10.0,2.2373860223751287,12.743944131175994
1,1.0,0.0,,13,27,15.153846153846153,0,0,0.0,2,8.0,12.777294687525831,45.6887530159694,1,10.0,3.0142293244898406,19.651699212562725
24,0.0,0.0,,6,111,28.5,0,0,0.0,1,59.0,1.660039524521401,26.057693726801375,2,8.75,2.6852565952206104,15.942547232244422
4,0.0,0.0,,3,81,66.33333333333333,1,21,21.0,3,11.333333333333334,13.2822668366016,47.18674678919586,0,0.0,0.0,0.0
4,0.0,0.0,,10,21,13.6,0,0,0.0,5,16.0,21.500172505233785,95.96588849755338,0,0.0,0.0,0.0
7,1.0,0.0,,1,75,75.0,1,26,26.0,1,160.0,4.093924490029022,18.883826092073505,0,0.0,0.0,0.0
21,1.0,0.0,,8,19,12.0,1,32,32.0,4,32.25,12.215108417448835,144.08082536529253,0,0.0,0.0,0.0
23,0.0,0.0,,8,65,18.875,0,0,0.0,3,24.0,23.211902190656236,115.09410122519857,0,0.0,0.0,0.0
9,1.0,0.0,,7,49,19.285714285714285,1,18,18.0,5,18.2,19.74064925904281,94.25277910828157,0,0.0,0.0,0.0
5,0.0,0.0,,9,56,18.333333333333332,1,17,17.0,6,9.833333333333334,27.96534208323041,130.44518489767427,1,8.0,3.4534878775174174,19.72428263386395
25,0.0,0.0,,9,36,21.666666666666668,0,0,0.0,2,7.5,20.267450866519827,45.961151138342025,0,0.0,0.0,0.0
2,1.0,0.0,,6,85,32.166666666666664,0,0,0.0,1,33.0,17.878023509594495,39.54862745703121,1,11.0,5.344598965568419,24.544452737746226
23,0.0,0.0,,8,45,15.25,0,0,0.0,3,33.666666666666664,24.714227491622452,123.20903150649576,0,0.0,0.0,0.0
9,0.0,0.0,,4,49,23.75,1,124,124.0,2,65.0,2.719887762218016,26.568921275266717,0,0.0,0.0,0.0
22,0.0,0.0,,11,45,18.454545454545453,0,0,0.0,2,8.0,13.021756445730679,50.81606576888671,0,0.0,0.0,0.0
18,1.0,0.0,,8,24,13.625,1,17,17.0,3,38.666666666666664,30.247753328203302,296.85173020329415,0,0.0,0.0,0.0
23,0.0,0.0,,7,25,16.857142857142858,1,47,47.0,5,21.4,19.838847925625906,132.5569458174743,0,0.0,0.0,0.0
4,0.0,0.0,,11,20,11.0,0,0,0.0,4,23.25,18.054935916818835,163.8950828877011,0,0.0,0.0,0.0
16,0.0,0.0,,5,30,16.0,0,0,0.0,2,75.5,41.09086286293188,356.6803103529149,0,0.0,0.0,0.0
24,0.0,0.0,,10,42,16.9,0,0,0.0,5,9.6,23.327764033154278,138.78025856740183,0,0.0,0.0,0.0
17,1.0,0.0,,9,28,11.88888888888889,0,0,0.0,6,19.5,20.990317320486323,115.76508494595926,0,0.0,0.0,0.0
2,0.0,0.0,,6,105,30.0,1,50,50.0,3,16.666666666666668,7.406491618590199,68.26223849841483,0,0.0,0.0,0.0
